order,product,collection,workspace_id,article_id,title,url,state,created_at,updated_at
1,_Unassigned,_Unassigned,e4gi378c,16897074,Oloid Vault - How to Deploy Oloid Vault using Group Policy (GPO) Machine Scope,https://oloid.help/en/articles/16897074-oloid-vault-how-to-deploy-oloid-vault-using-group-policy-gpo-machine-scope,published,2026-09-10 04:40:37,2026-09-16 11:27:19
2,Oloid Chrome Vault,Chrome Vault - Videos,e4gi378c,16972318,Oloid Vault (Chrome / Chromium) - How to Configure Browser Inactivity Timer in the Tenant Admin Portal - Video Tutorial,https://oloid.help/en/articles/16972318-oloid-vault-chrome-chromium-how-to-configure-browser-inactivity-timer-in-the-tenant-admin-portal-video-tutorial,published,2026-09-16 09:49:33,2026-09-16 09:53:29
3,Oloid Platform - Enterprise Features,Create and Manage Consent Documents,e4gi378c,8237994,Tenant Admin Portal - How to add a Consent Template to a Connection in the Tenant Admin Portal,https://oloid.help/en/articles/8237994-tenant-admin-portal-how-to-add-a-consent-template-to-a-connection-in-the-tenant-admin-portal,published,2023-08-10 10:05:47,2026-09-16 09:09:57
4,Oloid Verify/Connect,Oloid Connect Videos,e4gi378c,16971778,Oloid Connect - How to unpair endpoint - Video Tutorial,https://oloid.help/en/articles/16971778-oloid-connect-how-to-unpair-endpoint-video-tutorial,published,2026-09-16 08:33:01,2026-09-16 08:39:23
5,Oloid Verify/Connect,Oloid Connect Videos,e4gi378c,16970441,Oloid Connect - Video Tutorial,https://oloid.help/en/articles/16970441-oloid-connect-video-tutorial,published,2026-09-16 08:09:05,2026-09-16 08:22:03
6,Oloid Platform - Enterprise Features,Create and Manage Consent Documents,e4gi378c,8254979,Tenant Admin Portal - How to Create and Configure Consent Template,https://oloid.help/en/articles/8254979-tenant-admin-portal-how-to-create-and-configure-consent-template,published,2023-08-14 07:06:37,2026-09-16 05:40:21
7,Oloid Chrome Vault,Chrome Vault - Accounts &amp; Settings,e4gi378c,9651603,Oloid Vault (Chrome / Chromium) - How to unpair an Endpoint,https://oloid.help/en/articles/9651603-oloid-vault-chrome-chromium-how-to-unpair-an-endpoint,published,2024-07-24 04:33:11,2026-09-16 04:35:21
8,Oloid Chrome Vault,Chrome Vault - Accounts &amp; Settings,e4gi378c,9842062,Oloid Vault (Chrome/Chromium) - How to Sync Configuration,https://oloid.help/en/articles/9842062-oloid-vault-chrome-chromium-how-to-sync-configuration,published,2024-09-09 09:48:35,2026-09-15 08:53:39
9,_Unassigned,_Unassigned,e4gi378c,16957880,Test 141#,,draft,2026-09-15 08:47:00,2026-09-15 08:48:50
10,_Unassigned,_Unassigned,e4gi378c,16957879,Untitled public article,,draft,2026-09-15 08:46:58,2026-09-15 08:46:58
11,Oloid Chrome Vault,Chrome Vault - Installation &amp; Configuration,e4gi378c,9739348,Oloid Vault (Chrome / Chromium) - How to Manually Pair an Endpoint,https://oloid.help/en/articles/9739348-oloid-vault-chrome-chromium-how-to-manually-pair-an-endpoint,published,2024-08-14 10:31:57,2026-09-15 08:21:31
12,Oloid Chrome Vault,Chrome Vault - Accounts &amp; Settings,e4gi378c,9667131,Oloid Vault (Chrome / Chromium) - How to Reset Tenant,https://oloid.help/en/articles/9667131-oloid-vault-chrome-chromium-how-to-reset-tenant,published,2024-07-28 10:31:29,2026-09-15 08:09:57
13,Oloid Chrome Vault,Chrome Vault - Accounts &amp; Settings,e4gi378c,9651553,Oloid Vault (Chrome / Chromium) - How to Log in to Admin Mode,https://oloid.help/en/articles/9651553-oloid-vault-chrome-chromium-how-to-log-in-to-admin-mode,published,2024-07-24 03:49:28,2026-09-15 08:07:30
14,_Unassigned,_Unassigned,e4gi378c,16904142,Oloid Connect - How to configure Card Reader Using RF IDEAS Configuration Utility for Oloid Applications,https://oloid.help/en/articles/16904142-oloid-connect-how-to-configure-card-reader-using-rf-ideas-configuration-utility-for-oloid-applications,published,2026-09-10 13:19:55,2026-09-14 08:31:40
15,Passwordless Authenticator,WebKey Videos,e4gi378c,16919159,Webkey - How to Re-submit consent while Authenticating Your Face - Video Tutorial,https://oloid.help/en/articles/16919159-webkey-how-to-re-submit-consent-while-authenticating-your-face-video-tutorial,published,2026-09-11 10:56:00,2026-09-11 11:09:43
16,Passwordless Authenticator,WebKey Videos,e4gi378c,16918758,Webkey - How to Re-submit consent while Enrolling Your Face - video Tutorial,https://oloid.help/en/articles/16918758-webkey-how-to-re-submit-consent-while-enrolling-your-face-video-tutorial,published,2026-09-11 10:22:13,2026-09-11 10:40:01
17,Oloid Verify/Connect,Oloid Verify/Connect Videos,e4gi378c,16918439,Oloid Verify - How to View Punch Details - Video Tutorial,https://oloid.help/en/articles/16918439-oloid-verify-how-to-view-punch-details-video-tutorial,published,2026-09-11 09:33:32,2026-09-11 09:57:21
18,Oloid Verify/Connect,Oloid Connect Videos,e4gi378c,16918293,Oloid Connect - How to Configure Offline Intent Screen in Tenant Admin Portal - Video Tutorial,https://oloid.help/en/articles/16918293-oloid-connect-how-to-configure-offline-intent-screen-in-tenant-admin-portal-video-tutorial,published,2026-09-11 09:05:11,2026-09-11 09:12:01
19,Oloid Platform - Enterprise Features,Create and Manage Applications,e4gi378c,8300813,Oloid Verify - How to Create and Configure Application in Tenant Admin Portal,https://oloid.help/en/articles/8300813-oloid-verify-how-to-create-and-configure-application-in-tenant-admin-portal,published,2023-08-28 13:48:45,2026-09-11 03:33:16
20,Passwordless Authenticator,WebKey Videos,e4gi378c,16901191,WebKey - How to configure Browser Fingerprint from Failed Transactions in the Tenant Admin Portal,https://oloid.help/en/articles/16901191-webkey-how-to-configure-browser-fingerprint-from-failed-transactions-in-the-tenant-admin-portal,published,2026-09-10 10:05:52,2026-09-10 10:29:33
21,Oloid Verify/Connect,Oloid Connect Videos,e4gi378c,16900507,Oloid Connect iPhone - How to check Hardware compatibility - Video Tutorial,https://oloid.help/en/articles/16900507-oloid-connect-iphone-how-to-check-hardware-compatibility-video-tutorial,published,2026-09-10 09:18:17,2026-09-10 09:26:54
22,Oloid Platform - Enterprise Features,Credential Management - Video Tutorials,e4gi378c,16900243,Windows Login - How to Add QR Code using Supervisor App - Video Tutorial,https://oloid.help/en/articles/16900243-windows-login-how-to-add-qr-code-using-supervisor-app-video-tutorial,published,2026-09-10 08:42:33,2026-09-10 08:58:26
23,Passwordless Authenticator,Admin Guides- Windows Login,e4gi378c,11087967,How to configure Card Reader Using RF IDEAS Configuration Utility for Windows Login application,https://oloid.help/en/articles/11087967-how-to-configure-card-reader-using-rf-ideas-configuration-utility-for-windows-login-application,published,2025-04-15 14:03:16,2026-09-10 08:42:57
24,_Unassigned,_Unassigned,e4gi378c,16900235,Untitled public article,,draft,2026-09-10 08:41:34,2026-09-10 08:41:34
25,Oloid Platform - Enterprise Features,Manage Agents - Video Tutorials,e4gi378c,16900024,How to Create Data Mapper Table for Entra ID - Inbound in the Tenant Admin Portal - Video Tutorial,https://oloid.help/en/articles/16900024-how-to-create-data-mapper-table-for-entra-id-inbound-in-the-tenant-admin-portal-video-tutorial,published,2026-09-10 08:09:07,2026-09-10 08:18:55
26,_Unassigned,_Unassigned,e4gi378c,11079712,How to configure Card Reader Using RF IDEAS Configuration Utility for Oloid Applications,https://oloid.help/en/articles/11079712-how-to-configure-card-reader-using-rf-ideas-configuration-utility-for-oloid-applications,published,2025-04-14 09:18:10,2026-09-10 07:17:31
27,Oloid Platform - Enterprise Features,System for Cross-Domain Identity Management (SCIM) - Configuration Guide,e4gi378c,15652452,Microsoft Entra ID - How to Configure Cross-Domain Identity Management (SCIM) Provisioning for Oloid,https://oloid.help/en/articles/15652452-microsoft-entra-id-how-to-configure-cross-domain-identity-management-scim-provisioning-for-oloid,published,2026-06-26 03:59:13,2026-09-10 05:58:46
28,_Unassigned,_Unassigned,e4gi378c,11324573,Tenant Admin Portal - How to configure and test Biometric Policy to add face for the user using Oloid User Portal,https://oloid.help/en/articles/11324573-tenant-admin-portal-how-to-configure-and-test-biometric-policy-to-add-face-for-the-user-using-oloid-user-portal,published,2025-05-08 06:32:49,2026-08-28 09:10:03
29,Supporting Documents,Supporting Documents,e4gi378c,10326877,Oloid Sub-Processors List,https://oloid.help/en/articles/10326877-oloid-sub-processors-list,published,2024-12-26 04:44:10,2026-09-09 20:32:46
30,Oloid Platform - Enterprise Features,Okta SSO Setup,e4gi378c,11744118,Tenant Admin Portal - How to Login to the Tenant Admin Portal with Okta Single Sign-On (SSO),https://oloid.help/en/articles/11744118-tenant-admin-portal-how-to-login-to-the-tenant-admin-portal-with-okta-single-sign-on-sso,published,2025-07-10 06:34:36,2026-09-09 11:24:20
31,Oloid Platform - Enterprise Features,PingOne SSO Setup,e4gi378c,11136469,Tenant Admin Portal - How to Login to the Tenant Admin Portal with PingOne Single Sign-On (SSO),https://oloid.help/en/articles/11136469-tenant-admin-portal-how-to-login-to-the-tenant-admin-portal-with-pingone-single-sign-on-sso,published,2025-04-24 09:19:19,2026-09-09 11:20:16
32,Oloid Platform - Enterprise Features,Okta SSO Setup,e4gi378c,8158793,Okta Settings for Oloid SSO,https://oloid.help/en/articles/8158793-okta-settings-for-oloid-sso,published,2023-07-21 05:53:59,2026-09-09 11:08:35
33,Oloid Verify/Connect,Oloid Verify/Connect Videos,e4gi378c,16885554,Oloid Verify - How to Unpair Endpoint - Video Tutorial,https://oloid.help/en/articles/16885554-oloid-verify-how-to-unpair-endpoint-video-tutorial,published,2026-09-09 10:52:38,2026-09-09 11:05:18
34,Oloid Platform - Enterprise Features,Okta SSO Setup,e4gi378c,10299914,How to Configure Okta SSO in Tenant Admin Portal,https://oloid.help/en/articles/10299914-how-to-configure-okta-sso-in-tenant-admin-portal,published,2024-12-18 07:55:32,2026-09-09 11:01:14
35,Oloid Platform - Enterprise Features,Create and Manage Users - Video Tutorials,e4gi378c,16885096,Tenant Admin Portal - How to View and Edit Vault Passkey (FIDO2 certificate) - Video Tutorial,https://oloid.help/en/articles/16885096-tenant-admin-portal-how-to-view-and-edit-vault-passkey-fido2-certificate-video-tutorial,published,2026-09-09 10:30:37,2026-09-09 10:43:06
36,Passwordless Authenticator,Videos - Windows Login 2.0,e4gi378c,16884600,Windows Login v2.0 - How to Add Supervisor Note in Windows Alerts - video Tutorial,https://oloid.help/en/articles/16884600-windows-login-v2-0-how-to-add-supervisor-note-in-windows-alerts-video-tutorial,published,2026-09-09 09:33:34,2026-09-09 09:56:51
37,Oloid Verify/Connect,Oloid Connect Videos,e4gi378c,16881505,Oloid Connect - How to test Network Connectivity on Oloid Connect Endpoint - Video Tutorial,https://oloid.help/en/articles/16881505-oloid-connect-how-to-test-network-connectivity-on-oloid-connect-endpoint-video-tutorial,published,2026-09-09 08:07:57,2026-09-09 09:15:01
38,Oloid Verify/Connect,Oloid Connect Videos,e4gi378c,16880912,Oloid Connect - How to Deactivate Endpoint in Tenant Admin Portal - Video Tutorial,https://oloid.help/en/articles/16880912-oloid-connect-how-to-deactivate-endpoint-in-tenant-admin-portal-video-tutorial,published,2026-09-09 06:59:14,2026-09-09 07:11:30
39,Oloid Platform - Enterprise Features,Create and Manage IDP Provider,e4gi378c,9154143,How to Create and Configure Okta (OIDC) as an Identity Provider in Okta Admin Console,https://oloid.help/en/articles/9154143-how-to-create-and-configure-okta-oidc-as-an-identity-provider-in-okta-admin-console,published,2024-04-04 08:43:38,2026-09-08 05:22:45
40,Oloid Platform - Enterprise Features,Create and Manage IDP Provider,e4gi378c,9215949,Tenant Admin Portal - How to Configure OIDC - Okta IDP Profile,https://oloid.help/en/articles/9215949-tenant-admin-portal-how-to-configure-oidc-okta-idp-profile,published,2024-04-18 12:21:24,2026-09-07 10:44:00
41,_Unassigned,_Unassigned,e4gi378c,9555730,How to log in to Supervisor App with Google SSO,https://oloid.help/en/articles/9555730-how-to-log-in-to-supervisor-app-with-google-sso,published,2024-07-03 04:01:37,2026-09-07 10:30:37
42,Passwordless Authenticator,User Guides - Windows Login,e4gi378c,9727729,Windows Login - How to Login to Supervisor App with Google SSO,https://oloid.help/en/articles/9727729-windows-login-how-to-login-to-supervisor-app-with-google-sso,published,2024-08-12 05:18:50,2026-09-07 10:05:22
43,Oloid Platform - Enterprise Features,Google SSO Setup,e4gi378c,11129566,Tenant Admin Portal - How to Enable GSuite SSO in Tenant Admin Portal,https://oloid.help/en/articles/11129566-tenant-admin-portal-how-to-enable-gsuite-sso-in-tenant-admin-portal,published,2025-04-23 04:58:25,2026-09-07 10:03:41
44,Passwordless Authenticator,User Guides - Windows Login,e4gi378c,9727795,How to Login to Supervisor App with Microsoft,https://oloid.help/en/articles/9727795-how-to-login-to-supervisor-app-with-microsoft,published,2024-08-12 06:01:12,2026-09-07 09:57:53
45,Oloid Platform - Enterprise Features,Create and Manage Users,e4gi378c,8479549,Tenant Admin Portal - How to Extend QR Code expiry date of Users in a Connection,https://oloid.help/en/articles/8479549-tenant-admin-portal-how-to-extend-qr-code-expiry-date-of-users-in-a-connection,published,2023-10-16 06:18:30,2026-09-07 07:20:12
46,Oloid Platform - Enterprise Features,Create and Manage Users,e4gi378c,8347344,Tenant Admin Portal - How to Configure user details,https://oloid.help/en/articles/8347344-tenant-admin-portal-how-to-configure-user-details,published,2023-09-08 04:53:33,2026-09-07 05:48:10
47,Passwordless Authenticator,Windows Login v1.0,e4gi378c,15373659,Windows Login v1.0 - How to Deploy Windows Login v1.0 using Microsoft Intune (MDM),https://oloid.help/en/articles/15373659-windows-login-v1-0-how-to-deploy-windows-login-v1-0-using-microsoft-intune-mdm,published,2026-06-04 06:45:33,2026-06-09 10:46:53
48,_Unassigned,_Unassigned,e4gi378c,16817007,Windows Login 2.0 - How to Login to Supervisor App using Badge,,draft,2026-09-04 10:02:14,2026-09-04 10:10:21
49,_Unassigned,_Unassigned,e4gi378c,16816423,Windows Login 2.0 - How to Login to Supervisor App using Face,,draft,2026-09-04 09:16:33,2026-09-04 09:54:46
50,Oloid Platform - Enterprise Features,Create and Manage Users,e4gi378c,8185520,Tenant Admin Portal - How to Onboard Faces in Bulk,https://oloid.help/en/articles/8185520-tenant-admin-portal-how-to-onboard-faces-in-bulk,published,2023-07-28 10:53:10,2026-09-04 09:09:39
51,Oloid Platform - Enterprise Features,Credential Management - Video Tutorials,e4gi378c,16816260,Tenant Admin Portal - How to log into Tenant Admin Portal using Personal Passkey - Video Tutorial,https://oloid.help/en/articles/16816260-tenant-admin-portal-how-to-log-into-tenant-admin-portal-using-personal-passkey-video-tutorial,published,2026-09-04 08:45:08,2026-09-04 08:53:01
52,_Unassigned,_Unassigned,e4gi378c,16782092,How to Configure PingOne SSO for DeviceLock App in the PingOne Admin Console,,draft,2026-09-02 10:26:49,2026-09-04 08:45:59
53,_Unassigned,_Unassigned,e4gi378c,16780855,Oloid Connect - How to Configure PingOne Single Sign-On (SSO) in Tenant Admin Portal,https://oloid.help/en/articles/16780855-oloid-connect-how-to-configure-pingone-single-sign-on-sso-in-tenant-admin-portal,published,2026-09-02 08:12:01,2026-09-04 08:35:06
54,_Unassigned,_Unassigned,e4gi378c,16779341,How to Configure PingOne Single Sign-On (SSO) for the Oloid Connect in the PingOne Admin Console,https://oloid.help/en/articles/16779341-how-to-configure-pingone-single-sign-on-sso-for-the-oloid-connect-in-the-pingone-admin-console,published,2026-09-02 04:39:50,2026-09-04 07:19:20
55,Oloid Platform - Enterprise Features,PingOne SSO Setup,e4gi378c,9556317,User Portal - How to Login to Oloid User Portal with PingOne Single Sign-On (SSO),https://oloid.help/en/articles/9556317-user-portal-how-to-login-to-oloid-user-portal-with-pingone-single-sign-on-sso,published,2024-07-03 09:24:37,2026-09-03 11:09:14
56,Passwordless Authenticator,Credential Management,e4gi378c,13856829,Tenant Admin Portal - How to Enable SSO using Personal Passkey in the Tenant Admin Portal,https://oloid.help/en/articles/13856829-tenant-admin-portal-how-to-enable-sso-using-personal-passkey-in-the-tenant-admin-portal,published,2026-02-25 07:36:09,2026-09-03 10:59:32
57,Oloid Platform - Enterprise Features,Create and Manage Users,e4gi378c,8379556,How to invite to add face in bulk,https://oloid.help/en/articles/8379556-how-to-invite-to-add-face-in-bulk,published,2023-09-15 10:09:59,2026-09-03 06:13:50
58,Oloid Platform - Enterprise Features,PingOne SSO Setup,e4gi378c,10316179,Tenant Admin Portal - How to Configure PingOne Single Sign-On (SSO) for Tenant Admin Portal,https://oloid.help/en/articles/10316179-tenant-admin-portal-how-to-configure-pingone-single-sign-on-sso-for-tenant-admin-portal,published,2024-12-23 14:12:04,2026-09-03 08:38:09
59,Oloid Platform - Enterprise Features,PingOne SSO Setup,e4gi378c,8727716,How to Configure PingOne Single Sign-On (SSO) for the Oloid Portal in the PingOne Admin Console,https://oloid.help/en/articles/8727716-how-to-configure-pingone-single-sign-on-sso-for-the-oloid-portal-in-the-pingone-admin-console,published,2023-12-20 12:48:09,2026-09-03 08:37:40
60,Passwordless Authenticator,Using WebKey,e4gi378c,15737154,Webkey -  How to Login to Workforce/ HRMS using Personal Passkey,https://oloid.help/en/articles/15737154-webkey-how-to-login-to-workforce-hrms-using-personal-passkey,published,2026-07-01 09:24:37,2026-09-03 06:37:02
61,Oloid Platform - Enterprise Features,Create and Manage Users,e4gi378c,8479750,Tenant Admin Portal - How to Extend QR Code expiry date in bulk,https://oloid.help/en/articles/8479750-tenant-admin-portal-how-to-extend-qr-code-expiry-date-in-bulk,published,2023-10-16 08:24:58,2026-09-03 05:45:51
62,_Unassigned,_Unassigned,e4gi378c,16781960,DeviceLock App - How to Configure PingOne SSO in Tenant Admin Portal,,draft,2026-09-02 10:15:31,2026-09-02 11:34:03
63,Passwordless Authenticator,Admin Guides- Windows Login,e4gi378c,15390851,Windows Login - How to Configure Login options for Oloid Apps,https://oloid.help/en/articles/15390851-windows-login-how-to-configure-login-options-for-oloid-apps,published,2026-06-05 06:47:56,2026-09-01 09:51:52
64,Oloid Platform - Enterprise Features,Accounts and Settings,e4gi378c,11967299,Tenant Admin Portal - How to Customize SMS Invite Template to Add Face in the Tenant Admin Portal,https://oloid.help/en/articles/11967299-tenant-admin-portal-how-to-customize-sms-invite-template-to-add-face-in-the-tenant-admin-portal,published,2025-08-08 05:56:03,2026-09-01 09:30:20
65,Oloid Platform - Enterprise Features,Accounts and Settings,e4gi378c,11968617,Tenant Admin Portal - How to Customize Email Invite Template to Add Face in the Tenant Admin Portal,https://oloid.help/en/articles/11968617-tenant-admin-portal-how-to-customize-email-invite-template-to-add-face-in-the-tenant-admin-portal,published,2025-08-08 09:17:57,2026-09-01 09:26:07
66,Oloid Platform - Enterprise Features,Create and Manage Endpoints,e4gi378c,8555710,How to configure endpoint for Windows Login,https://oloid.help/en/articles/8555710-how-to-configure-endpoint-for-windows-login,published,2023-11-06 09:06:00,2026-09-01 08:48:08
67,_Unassigned,_Unassigned,e4gi378c,16769146,Windows Login v2.0 - How to Enable Passwordless Session Token for an Endpoint.,,draft,2026-09-01 06:59:33,2026-09-01 08:08:32
68,Oloid Chrome Vault,Chrome Vault- Platform Configuration,e4gi378c,12441699,Oloid Vault (Chrome / Chromium) - How to Enable Saving Passkeys,https://oloid.help/en/articles/12441699-oloid-vault-chrome-chromium-how-to-enable-saving-passkeys,published,2025-09-29 09:05:25,2026-08-31 06:56:28
69,Oloid Chrome Vault,Chrome Vault- Platform Configuration,e4gi378c,9586885,Oloid Vault (Chrome / Chromium) - How to Create and Configure Oloid Vault Application in the Tenant Admin Portal,https://oloid.help/en/articles/9586885-oloid-vault-chrome-chromium-how-to-create-and-configure-oloid-vault-application-in-the-tenant-admin-portal,published,2024-07-11 04:38:39,2026-08-31 06:50:46
70,Oloid Chrome Vault,Chrome Vault- Platform Configuration,e4gi378c,12606069,Oloid Vault (Chrome / Chromium) - How to Create and Configure Endpoint Template in the Tenant Admin Portal,https://oloid.help/en/articles/12606069-oloid-vault-chrome-chromium-how-to-create-and-configure-endpoint-template-in-the-tenant-admin-portal,published,2025-10-17 08:59:10,2026-08-28 11:16:21
71,Oloid Platform - Enterprise Features,Oloid Platform - Enterprise Features,e4gi378c,9720607,How to find the Card Type and Card Format using the RF IDeas Configurator Tool,https://oloid.help/en/articles/9720607-how-to-find-the-card-type-and-card-format-using-the-rf-ideas-configurator-tool,published,2024-08-09 09:27:31,2024-11-26 06:19:14
72,Passwordless Authenticator,Admin Guides- Windows Login,e4gi378c,9398720,Windows Login - How to configure rf IDEAS readers for badge card,https://oloid.help/en/articles/9398720-windows-login-how-to-configure-rf-ideas-readers-for-badge-card,published,2024-05-30 06:47:44,2026-06-29 08:26:41
73,_Unassigned,_Unassigned,e4gi378c,15869122,Tenant Admin Portal - How to Configure Data Mapper Table for Paychex Inbound,https://oloid.help/en/articles/15869122-tenant-admin-portal-how-to-configure-data-mapper-table-for-paychex-inbound,published,2026-07-08 08:12:06,2026-08-28 10:13:07
74,Oloid Platform - Enterprise Features,Create and Manage Consent Documents,e4gi378c,14459745,Tenant Admin Portal - How to Create and Configure Language version for Consent Template,https://oloid.help/en/articles/14459745-tenant-admin-portal-how-to-create-and-configure-language-version-for-consent-template,published,2026-04-06 05:32:45,2026-08-28 09:05:25
75,Oloid Platform - Enterprise Features,Create and Manage Consent Documents,e4gi378c,12990356,Tenant Admin Portal - How to view and download Active Consent of a User,https://oloid.help/en/articles/12990356-tenant-admin-portal-how-to-view-and-download-active-consent-of-a-user,published,2025-12-03 06:01:39,2026-08-28 08:51:25
76,Oloid Platform - Enterprise Features,Create and Manage Consent Documents,e4gi378c,8329688,Tenant Admin Portal - How to create legal document,https://oloid.help/en/articles/8329688-tenant-admin-portal-how-to-create-legal-document,published,2023-09-04 09:02:23,2026-08-28 08:47:40
77,_Unassigned,_Unassigned,e4gi378c,12304611,Release Updates,https://oloid.help/en/articles/12304611-release-updates,published,2025-09-16 15:37:39,2026-08-28 06:26:01
78,Oloid Platform - Enterprise Features,Advanced User Sync,e4gi378c,15886424,Tenant Admin Portal - How to Create Advanced User Sync for Paychex Inbound,https://oloid.help/en/articles/15886424-tenant-admin-portal-how-to-create-advanced-user-sync-for-paychex-inbound,published,2026-07-09 10:32:36,2026-08-28 06:25:41
79,Oloid Platform - Enterprise Features,Data Tables,e4gi378c,15868581,Tenant Admin Portal - How to Create Data Mapper Table for Paychex Inbound,https://oloid.help/en/articles/15868581-tenant-admin-portal-how-to-create-data-mapper-table-for-paychex-inbound,published,2026-07-08 07:00:56,2026-07-21 10:30:54
80,_Unassigned,_Unassigned,e4gi378c,16729183,Tenant Admin Portal - How to Create Data Mapper Table for ADP Vantage Inbound,,draft,2026-08-28 04:50:32,2026-08-28 04:58:54
81,Oloid Platform - Enterprise Features,Getting Started,e4gi378c,8462765,Tenant Admin Portal - How to Log in to the Tenant Admin Portal,https://oloid.help/en/articles/8462765-tenant-admin-portal-how-to-log-in-to-the-tenant-admin-portal,published,2023-10-11 05:16:39,2026-08-27 10:46:04
82,Passwordless Authenticator,Platform Configuration,e4gi378c,11476804,DeviceLock App - Hardware and Software Requirements,https://oloid.help/en/articles/11476804-devicelock-app-hardware-and-software-requirements,published,2025-05-29 05:02:30,2026-08-27 10:30:14
83,Passwordless Authenticator,User Guides - Windows Login,e4gi378c,12421965,Windows Login - How to Login to Windows Device using NFC/ID and Duo,https://oloid.help/en/articles/12421965-windows-login-how-to-login-to-windows-device-using-nfc-id-and-duo,published,2025-09-26 04:23:44,2026-08-27 08:05:09
84,Passwordless Authenticator,User Guides - Windows Login,e4gi378c,12421904,Windows Login - How to Login to Windows Device using Face and Duo,https://oloid.help/en/articles/12421904-windows-login-how-to-login-to-windows-device-using-face-and-duo,published,2025-09-26 04:06:11,2026-08-27 08:01:51
85,Passwordless Authenticator,User Guides - Windows Login,e4gi378c,12421947,Windows Login - How to Log in to Windows Device using Badge ID and Duo,https://oloid.help/en/articles/12421947-windows-login-how-to-log-in-to-windows-device-using-badge-id-and-duo,published,2025-09-26 04:16:36,2026-08-27 07:57:38
86,Passwordless Authenticator,User Guides - Windows Login,e4gi378c,12421962,Windows Login - How to Log in to Windows Device using QR Code and Duo,https://oloid.help/en/articles/12421962-windows-login-how-to-log-in-to-windows-device-using-qr-code-and-duo,published,2025-09-26 04:23:13,2026-08-27 07:54:19
87,Passwordless Authenticator,User Guides - Windows Login,e4gi378c,13666085,Windows Login - How to Enroll Face and PIN Credential,https://oloid.help/en/articles/13666085-windows-login-how-to-enroll-face-and-pin-credential,published,2026-02-08 06:57:13,2026-08-27 07:11:24
88,Passwordless Authenticator,User Guides - Windows Login,e4gi378c,11848536,Windows Login - How to log in to Windows device using Badge and Password,https://oloid.help/en/articles/11848536-windows-login-how-to-log-in-to-windows-device-using-badge-and-password,published,2025-07-25 11:15:58,2026-08-27 07:03:55
89,Passwordless Authenticator,User Guides - Windows Login,e4gi378c,10954843,How to update expired Windows Credential,https://oloid.help/en/articles/10954843-how-to-update-expired-windows-credential,published,2025-03-27 05:36:58,2026-08-27 07:00:07
90,Passwordless Authenticator,User Guides - Windows Login,e4gi378c,10616223,Windows Login - How to log out of Windows System using Badge,https://oloid.help/en/articles/10616223-windows-login-how-to-log-out-of-windows-system-using-badge,published,2025-02-21 10:14:14,2026-08-27 06:53:41
91,Supervisor App,User Management- Supervisor App,e4gi378c,9619247,Windows Login - How to Enroll Badge,https://oloid.help/en/articles/9619247-windows-login-how-to-enroll-badge,published,2024-07-17 09:45:42,2026-08-27 06:50:46
92,Passwordless Authenticator,User Guides - Windows Login,e4gi378c,10006252,Windows Login - How to enroll Face,https://oloid.help/en/articles/10006252-windows-login-how-to-enroll-face,published,2024-10-17 09:23:49,2026-08-27 06:45:07
93,Oloid Platform - Enterprise Features,Create and Manage Users,e4gi378c,13305454,How to Assign Windows shared Passkey for a user in the Tenant Admin portal,https://oloid.help/en/articles/13305454-how-to-assign-windows-shared-passkey-for-a-user-in-the-tenant-admin-portal,published,2026-01-06 09:28:16,2026-08-26 11:12:07
94,Oloid Platform - Enterprise Features,Create and Manage Users,e4gi378c,11928944,How to reset PIN for User in the Tenant Admin Portal,https://oloid.help/en/articles/11928944-how-to-reset-pin-for-user-in-the-tenant-admin-portal,published,2025-08-04 10:19:22,2026-08-26 11:12:06
95,Oloid Platform - Enterprise Features,Create and Manage Users,e4gi378c,11058549,Oloid Platform - How to create Windows Passkey as credential for users in Tenant Admin Portal,https://oloid.help/en/articles/11058549-oloid-platform-how-to-create-windows-passkey-as-credential-for-users-in-tenant-admin-portal,published,2025-04-09 06:13:18,2026-08-26 11:12:01
96,Oloid Platform - Enterprise Features,Create and Manage Users,e4gi378c,8469163,Tenant Admin Portal - How to Generate QR Code in Bulk,https://oloid.help/en/articles/8469163-tenant-admin-portal-how-to-generate-qr-code-in-bulk,published,2023-10-12 09:29:28,2026-08-26 09:11:22
97,Oloid Platform - Enterprise Features,Create and Manage Users,e4gi378c,8385745,Tenant Admin Portal - How to Generate QR Code for Users in a Connection,https://oloid.help/en/articles/8385745-tenant-admin-portal-how-to-generate-qr-code-for-users-in-a-connection,published,2023-09-18 10:08:54,2026-08-26 09:01:05
98,Oloid Platform - Enterprise Features,Create and Manage Users,e4gi378c,8185048,Tenant Admin Portal - How to Create User,https://oloid.help/en/articles/8185048-tenant-admin-portal-how-to-create-user,published,2023-07-28 07:52:31,2026-08-26 08:57:42
99,Oloid Platform - Enterprise Features,Create and Manage Users,e4gi378c,8488504,Tenant Admin Portal - How to Delete QR Code in bulk,https://oloid.help/en/articles/8488504-tenant-admin-portal-how-to-delete-qr-code-in-bulk,published,2023-10-18 04:36:48,2026-08-26 05:49:33
100,Oloid Platform - Enterprise Features,Create and Manage Users,e4gi378c,8385780,Tenant Admin Portal - How to Add PIN Credential for User,https://oloid.help/en/articles/8385780-tenant-admin-portal-how-to-add-pin-credential-for-user,published,2023-09-18 10:16:42,2026-08-26 05:27:49
101,Oloid Platform - Enterprise Features,Create and Manage Wiegand Access,e4gi378c,8492442,Tenant Admin Portal - How to Configure Wiegand,https://oloid.help/en/articles/8492442-tenant-admin-portal-how-to-configure-wiegand,published,2023-10-19 06:03:02,2026-08-25 11:34:38
102,Oloid Platform - Enterprise Features,Create and Manage Wiegand Access,e4gi378c,8492248,Tenant Admin Portal - How to Create Wiegand,https://oloid.help/en/articles/8492248-tenant-admin-portal-how-to-create-wiegand,published,2023-10-19 03:28:50,2026-08-25 11:33:34
103,Oloid Platform - Enterprise Features,Create and Manage Users,e4gi378c,8398578,Tenant Admin Portal - How to Invite to Add Face,https://oloid.help/en/articles/8398578-tenant-admin-portal-how-to-invite-to-add-face,published,2023-09-21 09:38:33,2026-08-25 11:15:28
104,_Unassigned,_Unassigned,e4gi378c,16295726,Windows Login - Screen block on Focus Monitor Violation,https://oloid.help/en/articles/16295726-windows-login-screen-block-on-focus-monitor-violation,published,2026-08-10 10:44:20,2026-08-25 10:39:47
105,Oloid Platform - Enterprise Features,Getting Started,e4gi378c,8462736,Tenant Admin Portal - How to Set a Password during First-Time Login,https://oloid.help/en/articles/8462736-tenant-admin-portal-how-to-set-a-password-during-first-time-login,published,2023-10-11 04:50:46,2026-08-25 10:28:34
106,Passwordless Authenticator,User Guides - Windows Login,e4gi378c,10002126,Windows Login - How to enroll NFC,https://oloid.help/en/articles/10002126-windows-login-how-to-enroll-nfc,published,2024-10-16 11:31:41,2026-08-25 09:18:08
107,Passwordless Authenticator,User Guides - Windows Login,e4gi378c,9720651,Windows Login - How to log in to Windows device using NFC,https://oloid.help/en/articles/9720651-windows-login-how-to-log-in-to-windows-device-using-nfc,published,2024-08-09 09:46:52,2026-08-25 09:10:02
108,Passwordless Authenticator,User Guides - Windows Login,e4gi378c,9550441,Windows Login - How to log in to Windows device using NFC and PIN,https://oloid.help/en/articles/9550441-windows-login-how-to-log-in-to-windows-device-using-nfc-and-pin,published,2024-07-02 05:28:45,2026-08-25 09:08:37
109,Oloid Platform - Enterprise Features,Create and Manage Users,e4gi378c,8294162,Tenant Admin Portal - How to Create and Share QR Code Credential with User,https://oloid.help/en/articles/8294162-tenant-admin-portal-how-to-create-and-share-qr-code-credential-with-user,published,2023-08-25 08:02:11,2026-08-25 09:01:43
110,Passwordless Authenticator,Device Lock - Admin Settings,e4gi378c,10323332,"DeviceLock App - How to pair Oloid DeviceLock App using ""Pair as Supervisor"" option",https://oloid.help/en/articles/10323332-devicelock-app-how-to-pair-oloid-devicelock-app-using-pair-as-supervisor-option,published,2024-12-24 11:58:07,2026-08-25 08:40:10
111,Passwordless Authenticator,Device Lock - Admin Settings,e4gi378c,10353022,DeviceLock App - How to Log in to Admin Mode,https://oloid.help/en/articles/10353022-devicelock-app-how-to-log-in-to-admin-mode,published,2025-01-06 06:20:36,2026-08-25 08:39:50
112,Passwordless Authenticator,Device Lock - Admin Settings,e4gi378c,10329310,DeviceLock App - How to Unpair an Endpoint,https://oloid.help/en/articles/10329310-devicelock-app-how-to-unpair-an-endpoint,published,2024-12-27 04:54:33,2026-08-25 08:39:22
113,Passwordless Authenticator,Device Lock - Admin Settings,e4gi378c,9291207,DeviceLock App – Ways to Pair an Endpoint,https://oloid.help/en/articles/9291207-devicelock-app-ways-to-pair-an-endpoint,published,2024-05-07 05:44:31,2026-08-25 08:39:03
114,Passwordless Authenticator,Device Lock - Admin Settings,e4gi378c,10489271,DeviceLock App - How to Create and Configure DeviceLock Endpoint Template in Tenant Admin Portal,https://oloid.help/en/articles/10489271-devicelock-app-how-to-create-and-configure-devicelock-endpoint-template-in-tenant-admin-portal,published,2025-01-30 04:39:09,2026-08-25 08:38:34
115,Passwordless Authenticator,Device Lock - Admin Settings,e4gi378c,10473240,DeviceLock App – How to Reset Tenant,https://oloid.help/en/articles/10473240-devicelock-app-how-to-reset-tenant,published,2025-01-28 08:18:00,2026-08-25 08:38:10
116,Passwordless Authenticator,Device Lock - Admin Settings,e4gi378c,12105399,DeviceLock App - How to Update Auto-Pair Config File for Oloid DeviceLock App in the Tenant Admin Portal,https://oloid.help/en/articles/12105399-devicelock-app-how-to-update-auto-pair-config-file-for-oloid-devicelock-app-in-the-tenant-admin-portal,published,2025-08-28 05:44:52,2026-08-25 08:37:40
117,Passwordless Authenticator,Device Lock - Admin Settings,e4gi378c,14084872,DeviceLock App - How to Configure Offline Intent Screen in Tenant Admin Portal,https://oloid.help/en/articles/14084872-devicelock-app-how-to-configure-offline-intent-screen-in-tenant-admin-portal,published,2026-03-17 07:03:05,2026-08-25 08:36:54
118,Passwordless Authenticator,Device Lock - Admin Settings,e4gi378c,12569918,DeviceLock App - How to Deactivate user(s) for DeviceLock Application in the Tenant Admin Portal,https://oloid.help/en/articles/12569918-devicelock-app-how-to-deactivate-user-s-for-devicelock-application-in-the-tenant-admin-portal,published,2025-10-13 10:44:30,2026-08-25 08:36:21
119,Passwordless Authenticator,Device Lock - Admin Settings,e4gi378c,10062644,DeviceLock App - How to Download DeviceLock App,https://oloid.help/en/articles/10062644-devicelock-app-how-to-download-devicelock-app,published,2024-10-30 09:12:22,2026-08-25 08:35:39
120,Passwordless Authenticator,Device Lock - Admin Settings,e4gi378c,11513914,DeviceLock App - How to Enable Passwordless Login for DeviceLock App in the Tenant Admin Portal,https://oloid.help/en/articles/11513914-devicelock-app-how-to-enable-passwordless-login-for-devicelock-app-in-the-tenant-admin-portal,published,2025-06-05 09:00:14,2026-08-25 08:35:01
121,Passwordless Authenticator,Device Lock - Admin Settings,e4gi378c,12380644,DeviceLock App - How to Configure Oloid DeviceLock App after Installation,https://oloid.help/en/articles/12380644-devicelock-app-how-to-configure-oloid-devicelock-app-after-installation,published,2025-09-23 07:02:05,2026-08-25 08:33:33
122,Passwordless Authenticator,Device Lock - Admin Settings,e4gi378c,12164310,"DeviceLock App - How to Pair DeviceLock App using ""Auto-Pair"" Option",https://oloid.help/en/articles/12164310-devicelock-app-how-to-pair-devicelock-app-using-auto-pair-option,published,2025-09-05 05:40:36,2026-08-25 08:32:57
123,Passwordless Authenticator,Device Lock - Admin Settings,e4gi378c,12114460,DeviceLock App - How to Pair DeviceLock App using the “Auto-Pair using Config File” Option,https://oloid.help/en/articles/12114460-devicelock-app-how-to-pair-devicelock-app-using-the-auto-pair-using-config-file-option,published,2025-08-29 05:38:19,2026-08-25 08:32:15
124,Passwordless Authenticator,Device Lock - Admin Settings,e4gi378c,12106226,DeviceLock App - How to Reset the Admin Password,https://oloid.help/en/articles/12106226-devicelock-app-how-to-reset-the-admin-password,published,2025-08-28 08:21:57,2026-08-25 08:31:05
125,Passwordless Authenticator,Device Lock - Admin Settings,e4gi378c,11495355,DeviceLock App - How to View User Details in Oloid DeviceLock App,https://oloid.help/en/articles/11495355-devicelock-app-how-to-view-user-details-in-oloid-devicelock-app,published,2025-06-02 09:14:10,2026-08-25 08:26:47
126,Passwordless Authenticator,Device Lock - Admin Settings,e4gi378c,9335055,DeviceLock App - How to Add User in Oloid DeviceLock App,https://oloid.help/en/articles/9335055-devicelock-app-how-to-add-user-in-oloid-devicelock-app,published,2024-05-16 08:47:08,2026-08-25 08:25:54
127,Passwordless Authenticator,Device Lock - Admin Settings,e4gi378c,11484484,DeviceLock App - How to Exit the Oloid DeviceLock App in Admin Mode,https://oloid.help/en/articles/11484484-devicelock-app-how-to-exit-the-oloid-devicelock-app-in-admin-mode,published,2025-05-30 10:04:34,2026-08-25 08:24:59
128,Passwordless Authenticator,Device Lock - Admin Settings,e4gi378c,8679116,DeviceLock App - How to install Oloid DeviceLock App,https://oloid.help/en/articles/8679116-devicelock-app-how-to-install-oloid-devicelock-app,published,2023-12-06 04:43:11,2026-08-25 08:24:29
129,Passwordless Authenticator,Device Lock - Admin Settings,e4gi378c,8655891,DeviceLock App - Setting up and using Oloid DeviceLock App,https://oloid.help/en/articles/8655891-devicelock-app-setting-up-and-using-oloid-devicelock-app,published,2023-11-30 07:21:46,2026-08-25 08:24:02
130,Passwordless Authenticator,Admin Guides- Windows Login,e4gi378c,11114161,Windows Login - How to configure Auto Update feature for Windows Login in Tenant Admin Portal,https://oloid.help/en/articles/11114161-windows-login-how-to-configure-auto-update-feature-for-windows-login-in-tenant-admin-portal,published,2025-04-21 08:44:00,2026-08-25 08:13:04
131,Passwordless Authenticator,Admin Guides- Windows Login,e4gi378c,12586251,Windows Login - How to apply Endpoint Template during Auto-pair process for Windows Login,https://oloid.help/en/articles/12586251-windows-login-how-to-apply-endpoint-template-during-auto-pair-process-for-windows-login,published,2025-10-15 11:02:31,2026-08-25 08:09:49
132,Passwordless Authenticator,Admin Guides- Windows Login,e4gi378c,10259846,Windows Login - How to Enable Show On-Screen Keyboard  in Tenant Admin portal,https://oloid.help/en/articles/10259846-windows-login-how-to-enable-show-on-screen-keyboard-in-tenant-admin-portal,published,2024-12-10 08:19:35,2026-08-25 08:05:39
133,Supervisor App,Installation and Configuration of Supervisor App,e4gi378c,9059601,Windows Login - How to Manually Pair the Supervisor App,https://oloid.help/en/articles/9059601-windows-login-how-to-manually-pair-the-supervisor-app,published,2024-03-12 09:42:53,2026-08-25 08:00:17
134,Passwordless Authenticator,Credential Management,e4gi378c,8413861,Face Onboarding,https://oloid.help/en/articles/8413861-face-onboarding,published,2023-09-26 10:51:39,2026-08-25 07:56:27
135,Passwordless Authenticator,User Guide,e4gi378c,16527090,DeviceLock App - How to Log into Workforce/HRMS Platforms using Email ID Credential,https://oloid.help/en/articles/16527090-devicelock-app-how-to-log-into-workforce-hrms-platforms-using-email-id-credential,published,2026-08-19 10:14:31,2026-08-19 10:24:25
136,Passwordless Authenticator,User Guide,e4gi378c,16160519,DeviceLock App - How to Log into Workforce/HRMS Platforms using Employee ID Credential,https://oloid.help/en/articles/16160519-devicelock-app-how-to-log-into-workforce-hrms-platforms-using-employee-id-credential,published,2026-07-31 09:28:27,2026-07-31 10:25:24
137,_Unassigned,_Unassigned,e4gi378c,16592657,Oloid Vault (Chrome / Chromium) - How to Enable and Configure Enable Browser Lock in the Tenant Admin Portal,https://oloid.help/en/articles/16592657-oloid-vault-chrome-chromium-how-to-enable-and-configure-enable-browser-lock-in-the-tenant-admin-portal,published,2026-08-24 06:29:27,2026-08-25 05:41:30
138,_Unassigned,_Unassigned,e4gi378c,16612969,Tenant Admin Portal - Endpoint Health Status Overview,https://oloid.help/en/articles/16612969-tenant-admin-portal-endpoint-health-status-overview,published,2026-08-25 04:08:40,2026-08-25 05:38:16
139,Oloid Platform - Enterprise Features,Oloid Platform - Enterprise Features,e4gi378c,13700750,Tenant Admin Portal - How to Add face using Capture Face,https://oloid.help/en/articles/13700750-tenant-admin-portal-how-to-add-face-using-capture-face,published,2026-02-11 09:46:06,2026-08-25 05:22:05
140,Oloid Verify/Connect,Oloid Connect- Admin Guides,e4gi378c,10288412,How to update Location for Oloid Connect,https://oloid.help/en/articles/10288412-how-to-update-location-for-oloid-connect,published,2024-12-16 06:55:01,2026-08-25 04:50:33
141,Oloid Verify/Connect,Oloid Connect- Admin Guides,e4gi378c,8601123,Oloid Connect - How to Add Location to an Endpoint,https://oloid.help/en/articles/8601123-oloid-connect-how-to-add-location-to-an-endpoint,published,2023-11-17 11:46:48,2026-08-25 04:28:45
142,Oloid Verify/Connect,Oloid Connect: Platform Configuration,e4gi378c,10345475,Oloid Connect - How to Create and Configure Endpoint Template in the Tenant Admin Portal,https://oloid.help/en/articles/10345475-oloid-connect-how-to-create-and-configure-endpoint-template-in-the-tenant-admin-portal,published,2025-01-03 06:32:17,2026-08-25 03:54:15
143,Oloid Verify/Connect,Oloid Connect: Installation &amp; Configuration,e4gi378c,11513590,Oloid Connect - How to generate Auto-Pair config file in the Tenant Admin Portal,https://oloid.help/en/articles/11513590-oloid-connect-how-to-generate-auto-pair-config-file-in-the-tenant-admin-portal,published,2025-06-05 08:25:40,2026-08-25 03:52:04
144,Oloid Verify/Connect,Oloid Connect: Installation &amp; Configuration,e4gi378c,10308108,Oloid Connect - How to Check Hardware Compatibility,https://oloid.help/en/articles/10308108-oloid-connect-how-to-check-hardware-compatibility,published,2024-12-20 07:23:24,2026-08-25 03:50:21
145,Oloid Verify/Connect,Getting Started with Oloid Connect App,e4gi378c,8644251,Oloid Connect - Network architecture,https://oloid.help/en/articles/8644251-oloid-connect-network-architecture,published,2023-11-28 11:04:04,2026-08-25 03:46:46
146,_Unassigned,_Unassigned,e4gi378c,16592724,Oloid Vault (Chrome / Chromium) - How to Configure Browser Inactivity Timer in the Tenant Admin Portal,https://oloid.help/en/articles/16592724-oloid-vault-chrome-chromium-how-to-configure-browser-inactivity-timer-in-the-tenant-admin-portal,published,2026-08-24 06:43:53,2026-08-24 11:20:13
147,Oloid Platform - Enterprise Features,Create and Manage Shared Credentials,e4gi378c,8504427,Tenant Admin Portal - How to Assign Shared Password for Windows Login,https://oloid.help/en/articles/8504427-tenant-admin-portal-how-to-assign-shared-password-for-windows-login,published,2023-10-23 05:40:13,2026-08-24 11:15:46
148,Oloid Verify/Connect,Oloid Verify - Installation &amp; Configuration,e4gi378c,11822152,How to Pair Oloid Connect App using Auto config file,https://oloid.help/en/articles/11822152-how-to-pair-oloid-connect-app-using-auto-config-file,published,2025-07-22 09:43:36,2026-08-24 10:36:24
149,Supervisor App,Installation and Configuration of Supervisor App,e4gi378c,9036798,How to pair Supervisor App using Config file,,draft,2024-03-06 08:16:09,2026-08-24 10:24:52
150,Passwordless Authenticator,Admin Guides- Windows Login,e4gi378c,10756679,Windows Login - How to Edit Theme tab for Windows Login Application in the Tenant Admin Portal,https://oloid.help/en/articles/10756679-windows-login-how-to-edit-theme-tab-for-windows-login-application-in-the-tenant-admin-portal,published,2025-03-12 06:25:41,2026-08-24 08:27:05
151,Oloid Platform - Enterprise Features,Create and Manage IDP Provider,e4gi378c,12840218,Tenant Admin Portal - How to Configure Security Assertion Markup Language (SAML) - Okta IDP Profile,https://oloid.help/en/articles/12840218-tenant-admin-portal-how-to-configure-security-assertion-markup-language-saml-okta-idp-profile,published,2025-11-14 10:00:31,2026-08-24 08:19:34
152,Oloid Platform - Enterprise Features,Create and Manage Endpoints,e4gi378c,9909336,Windows Login - How to configure Windows Alert for presence detection,https://oloid.help/en/articles/9909336-windows-login-how-to-configure-windows-alert-for-presence-detection,published,2024-09-23 07:36:24,2026-08-24 07:02:06
153,Oloid Platform - Enterprise Features,Create and Manage Users,e4gi378c,8181773,Tenant Admin Portal - How to Add Face of a Single User,https://oloid.help/en/articles/8181773-tenant-admin-portal-how-to-add-face-of-a-single-user,published,2023-07-27 10:08:39,2026-08-24 07:01:05
154,Passwordless Authenticator,Admin Guides- Windows Login,e4gi378c,10852057,Windows Login - How to enable Auto Launch Mode in Windows Login application,https://oloid.help/en/articles/10852057-windows-login-how-to-enable-auto-launch-mode-in-windows-login-application,published,2025-03-20 08:35:32,2026-08-24 06:55:49
155,Oloid Platform - Enterprise Features,Create and Manage Reports,e4gi378c,8446424,Tenant Admin Portal - How to Create a Scheduled Transaction Report,https://oloid.help/en/articles/8446424-tenant-admin-portal-how-to-create-a-scheduled-transaction-report,published,2023-10-05 08:36:33,2026-08-24 05:50:53
156,Oloid Verify/Connect,Oloid Connect Videos,e4gi378c,16555201,Oloid Connect iPhone - Login using Google SSO - Video Tutorial,https://oloid.help/en/articles/16555201-oloid-connect-iphone-login-using-google-sso-video-tutorial,published,2026-08-21 11:26:15,2026-08-21 11:30:46
157,Oloid Platform - Enterprise Features,Create and Manage IDP profile - Video Tutorials,e4gi378c,16554294,Tenant Admin Portal - How to configure OIDC - Okta IDP Profile - Video Tutorial,https://oloid.help/en/articles/16554294-tenant-admin-portal-how-to-configure-oidc-okta-idp-profile-video-tutorial,published,2026-08-21 08:45:26,2026-08-21 08:54:07
158,Oloid Platform - Enterprise Features,Create and Manage IDP profile - Video Tutorials,e4gi378c,16554398,Tenant Admin Portal - How to create IDP Profile for Security Assertion Markup Language (SAML),https://oloid.help/en/articles/16554398-tenant-admin-portal-how-to-create-idp-profile-for-security-assertion-markup-language-saml,published,2026-08-21 09:05:31,2026-08-21 09:13:57
159,Oloid Platform - Enterprise Features,Create and Manage Applications,e4gi378c,9352266,Windows Login - How to create and configure Windows Login application in the Tenant Admin Portal,https://oloid.help/en/articles/9352266-windows-login-how-to-create-and-configure-windows-login-application-in-the-tenant-admin-portal,published,2024-05-20 10:22:30,2026-08-21 09:02:44
160,Oloid Chrome Vault,Chrome Vault - Installation &amp; Configuration,e4gi378c,16105372,Oloid Vault (Chrome/Chromium) - How to Add the Oloid Vault Extension from the Chrome Web Store,https://oloid.help/en/articles/16105372-oloid-vault-chrome-chromium-how-to-add-the-oloid-vault-extension-from-the-chrome-web-store,published,2026-07-28 05:01:42,2026-08-04 06:29:33
161,Oloid Chrome Vault,Chrome Vault - Installation &amp; Configuration,e4gi378c,16145298,Oloid Vault (Chrome/Chromium) – How to Add the Oloid Vault Extension using the Tenant Admin Portal,https://oloid.help/en/articles/16145298-oloid-vault-chrome-chromium-how-to-add-the-oloid-vault-extension-using-the-tenant-admin-portal,published,2026-07-30 05:55:26,2026-07-30 09:13:18
162,Passwordless Authenticator,Admin Guides- Windows Login,e4gi378c,11891786,Windows Login - How to enable Username for Windows Login in the Tenant Admin Portal,https://oloid.help/en/articles/11891786-windows-login-how-to-enable-username-for-windows-login-in-the-tenant-admin-portal,published,2025-07-31 05:54:58,2026-08-21 08:38:13
163,Oloid Platform - Enterprise Features,Create and Manage IDP profile - Video Tutorials,e4gi378c,16554138,Tenant Admin Portal - How to create an OIDC-Okta IDP profile - Video Tutorial,https://oloid.help/en/articles/16554138-tenant-admin-portal-how-to-create-an-oidc-okta-idp-profile-video-tutorial,published,2026-08-21 08:19:15,2026-08-21 08:28:14
164,Oloid Platform - Enterprise Features,Create and Manage Reports,e4gi378c,8223521,Tenant Admin Portal - How to View and Download User Transactions in Tenant Admin Portal,https://oloid.help/en/articles/8223521-tenant-admin-portal-how-to-view-and-download-user-transactions-in-tenant-admin-portal,published,2023-08-07 09:10:06,2026-08-21 08:26:31
165,Passwordless Authenticator,WebKey Videos,e4gi378c,16553498,Webkey - How to configure the enroll button in the Tenant Admin Portal - Video Tutorial,https://oloid.help/en/articles/16553498-webkey-how-to-configure-the-enroll-button-in-the-tenant-admin-portal-video-tutorial,published,2026-08-21 08:02:44,2026-08-21 08:07:10
166,Oloid Verify/Connect,Oloid Connect Videos,e4gi378c,16553388,Oloid Connect - How to add Oloid Connect to guided access mode (kiosk mode) - Video Tutorial,https://oloid.help/en/articles/16553388-oloid-connect-how-to-add-oloid-connect-to-guided-access-mode-kiosk-mode-video-tutorial,published,2026-08-21 07:41:35,2026-08-21 07:45:42
167,Oloid Verify/Connect,Oloid Connect Videos,e4gi378c,16553336,Oloid Connect - How to enable location mandate and configure Geo-fencing Radius in Tenant Admin Portal - Video Tutorial,https://oloid.help/en/articles/16553336-oloid-connect-how-to-enable-location-mandate-and-configure-geo-fencing-radius-in-tenant-admin-portal-video-tutorial,published,2026-08-21 07:32:20,2026-08-21 07:36:46
168,Passwordless Authenticator,Admin Guides- Windows Login,e4gi378c,11891768,Windows Login - How to enable NFC/ID credential for Windows Login in the Tenant Admin Portal,https://oloid.help/en/articles/11891768-windows-login-how-to-enable-nfc-id-credential-for-windows-login-in-the-tenant-admin-portal,published,2025-07-31 05:48:40,2026-08-21 06:35:44
169,Passwordless Authenticator,Admin Guides- Windows Login,e4gi378c,11484322,Windows Login - How to enable QR Code credential for Windows Login in the Tenant Admin Portal,https://oloid.help/en/articles/11484322-windows-login-how-to-enable-qr-code-credential-for-windows-login-in-the-tenant-admin-portal,published,2025-05-30 09:15:34,2026-08-21 05:57:22
170,Passwordless Authenticator,Admin Guides- Windows Login,e4gi378c,10749338,Windows Login - How to edit Details tab for Windows Login Application in the Tenant Admin Portal,https://oloid.help/en/articles/10749338-windows-login-how-to-edit-details-tab-for-windows-login-application-in-the-tenant-admin-portal,published,2025-03-11 08:52:59,2026-08-21 05:52:03
171,Passwordless Authenticator,Admin Guides- Windows Login,e4gi378c,11069364,Windows Login - How to Customize Buttons in Windows Login application,https://oloid.help/en/articles/11069364-windows-login-how-to-customize-buttons-in-windows-login-application,published,2025-04-11 05:41:38,2026-08-21 05:45:05
172,Passwordless Authenticator,Admin Guides- Windows Login,e4gi378c,11035277,Windows Login - How to enable Passkey in Tenant Admin Portal for Windows Login,https://oloid.help/en/articles/11035277-windows-login-how-to-enable-passkey-in-tenant-admin-portal-for-windows-login,published,2025-04-04 09:17:22,2026-08-21 05:33:35
173,Oloid Platform - Enterprise Features,Create and Manage Reports,e4gi378c,8450051,Tenant Admin Portal - How to Create and Download Endpoint Details Report (Ad-Hoc),https://oloid.help/en/articles/8450051-tenant-admin-portal-how-to-create-and-download-endpoint-details-report-ad-hoc,published,2023-10-06 05:08:27,2026-08-21 05:05:39
174,Oloid Platform - Enterprise Features,Create and Manage Reports,e4gi378c,8450533,Tenant Admin Portal - How to Create and Download Transaction Report (Ad-Hoc),https://oloid.help/en/articles/8450533-tenant-admin-portal-how-to-create-and-download-transaction-report-ad-hoc,published,2023-10-06 09:04:57,2026-08-21 05:01:10
175,Oloid Chrome Vault,Chrome Vault - Installation &amp; Configuration,e4gi378c,14887791,Oloid Vault (Chrome/Chromium) How to Configure Theme Tab in Tenant Admin Portal,https://oloid.help/en/articles/14887791-oloid-vault-chrome-chromium-how-to-configure-theme-tab-in-tenant-admin-portal,published,2026-05-04 11:17:50,2026-08-19 10:43:00
176,Oloid Verify/Connect,Oloid Verify: Platform Configuration,e4gi378c,10511068,Oloid Verify - How to Configure Endpoint in Tenant Admin Portal,https://oloid.help/en/articles/10511068-oloid-verify-how-to-configure-endpoint-in-tenant-admin-portal,published,2025-02-05 08:30:22,2026-08-19 10:36:36
177,Oloid Verify/Connect,Oloid Verify: Platform Configuration,e4gi378c,12866693,Oloid Verify - How to Apply Template to Paired Endpoint in the Tenant Admin Portal,https://oloid.help/en/articles/12866693-oloid-verify-how-to-apply-template-to-paired-endpoint-in-the-tenant-admin-portal,published,2025-11-18 07:55:34,2026-08-19 08:14:42
178,Oloid Verify/Connect,Oloid Verify: Platform Configuration,e4gi378c,10506225,Oloid Verify - How to Create and Configure Endpoint Template in Tenant Admin Portal,https://oloid.help/en/articles/10506225-oloid-verify-how-to-create-and-configure-endpoint-template-in-tenant-admin-portal,published,2025-02-04 09:27:00,2026-08-19 08:06:25
179,Oloid Platform - Enterprise Features,Azure SSO Setup,e4gi378c,8727230,Tenant Admin Portal - How to Log in to Tenant Admin Portal with Microsoft SSO,https://oloid.help/en/articles/8727230-tenant-admin-portal-how-to-log-in-to-tenant-admin-portal-with-microsoft-sso,published,2023-12-20 08:43:01,2026-08-19 04:18:44
180,Oloid Verify/Connect,Oloid Connect- Admin Guides,e4gi378c,8616263,Oloid Connect - How to View Endpoint Details on the Oloid Connect App,https://oloid.help/en/articles/8616263-oloid-connect-how-to-view-endpoint-details-on-the-oloid-connect-app,published,2023-11-22 04:35:34,2026-08-18 10:02:31
181,Oloid Verify/Connect,Oloid Connect: Installation &amp; Configuration,e4gi378c,8616268,Oloid Connect – How to Pair an Endpoint,https://oloid.help/en/articles/8616268-oloid-connect-how-to-pair-an-endpoint,published,2023-11-22 04:39:01,2026-08-18 09:51:37
182,Oloid Platform - Enterprise Features,Create and Manage Reports,e4gi378c,12807325,Tenant Admin Portal - How to Create and Download User Transactions Report,https://oloid.help/en/articles/12807325-tenant-admin-portal-how-to-create-and-download-user-transactions-report,published,2025-11-11 06:14:39,2026-08-18 09:40:47
183,Oloid Verify/Connect,Oloid Connect: Platform Configuration,e4gi378c,10550185,Oloid Connect - How to Configure Endpoint in the Tenant Admin Portal,https://oloid.help/en/articles/10550185-oloid-connect-how-to-configure-endpoint-in-the-tenant-admin-portal,published,2025-02-13 06:59:00,2026-08-18 09:22:16
184,Oloid Platform - Enterprise Features,Accounts and Settings,e4gi378c,8231496,Tenant Admin Portal - How to Remove a User from a Supervisor,https://oloid.help/en/articles/8231496-tenant-admin-portal-how-to-remove-a-user-from-a-supervisor,published,2023-08-09 06:08:01,2026-08-18 09:05:34
185,Oloid Verify/Connect,Oloid Connect: Platform Configuration,e4gi378c,8655943,Oloid Connect - How to Create and Configure Application in Tenant Admin Portal,https://oloid.help/en/articles/8655943-oloid-connect-how-to-create-and-configure-application-in-tenant-admin-portal,published,2023-11-30 07:57:10,2026-08-18 08:36:59
186,Oloid Platform - Enterprise Features,Accounts and Settings,e4gi378c,8442453,Tenant Admin Portal - How to Add or Delete Applications for a Supervisor,https://oloid.help/en/articles/8442453-tenant-admin-portal-how-to-add-or-delete-applications-for-a-supervisor,published,2023-10-04 07:40:19,2026-08-18 08:21:26
187,Oloid Platform - Enterprise Features,Accounts and Settings,e4gi378c,8232355,Tenant Admin Portal - How to Send Reset Password Link to a Supervisor,https://oloid.help/en/articles/8232355-tenant-admin-portal-how-to-send-reset-password-link-to-a-supervisor,published,2023-08-09 10:49:06,2026-08-18 04:30:06
188,Oloid Platform - Enterprise Features,Accounts and Settings,e4gi378c,8236282,How to invite a Tenant Admin,https://oloid.help/en/articles/8236282-how-to-invite-a-tenant-admin,published,2023-08-10 04:33:35,2026-08-17 07:48:57
189,Supervisor App,Enroll Badge - Supervisor App,e4gi378c,9046439,Windows Login - How to Enroll Badge and PIN using Supervisor App,https://oloid.help/en/articles/9046439-windows-login-how-to-enroll-badge-and-pin-using-supervisor-app,published,2024-03-08 09:30:07,2026-08-14 10:04:03
190,Passwordless Authenticator,Using WebKey,e4gi378c,9286137,Webkey - How to log into Workforce /HRMS platform using NFC/ID,https://oloid.help/en/articles/9286137-webkey-how-to-log-into-workforce-hrms-platform-using-nfc-id,published,2024-05-06 09:01:27,2026-08-14 09:57:50
191,_Unassigned,_Unassigned,e4gi378c,16412674,Untitled public article,,draft,2026-08-14 09:45:58,2026-08-14 09:45:58
192,Oloid Platform - Enterprise Features,Create and Manage Shared Credentials,e4gi378c,8504762,Tenant Admin Portal - How to Assign  Shared Password with multiple users,https://oloid.help/en/articles/8504762-tenant-admin-portal-how-to-assign-shared-password-with-multiple-users,published,2023-10-23 09:50:40,2026-08-14 09:44:30
193,Oloid Platform - Enterprise Features,Accounts and Settings,e4gi378c,8407872,Tenant Admin Portal - How to Configure PIN,https://oloid.help/en/articles/8407872-tenant-admin-portal-how-to-configure-pin,published,2023-09-25 07:21:46,2026-08-14 08:59:54
194,Oloid Platform - Enterprise Features,Accounts and Settings,e4gi378c,8231811,Tenant Admin Portal - How to Invite a Supervisor,https://oloid.help/en/articles/8231811-tenant-admin-portal-how-to-invite-a-supervisor,published,2023-08-09 08:48:43,2026-08-14 06:23:59
195,Oloid Platform - Enterprise Features,Create and Manage Groups,e4gi378c,8267045,Tenant Admin Portal - How to Map User to a Group,https://oloid.help/en/articles/8267045-tenant-admin-portal-how-to-map-user-to-a-group,published,2023-08-17 10:45:32,2026-08-13 11:43:27
196,Supervisor App,Credential Management - Supervisor App,e4gi378c,11721445,Windows Login - How to Enroll PC/SC Badge using Supervisor App,https://oloid.help/en/articles/11721445-windows-login-how-to-enroll-pc-sc-badge-using-supervisor-app,published,2025-07-07 08:01:55,2026-08-13 10:01:55
197,Supervisor App,Credential Management - Supervisor App,e4gi378c,11580899,Windows Login - How to Update Badge,https://oloid.help/en/articles/11580899-windows-login-how-to-update-badge,published,2025-06-16 08:53:42,2026-08-13 10:01:41
198,Supervisor App,Enroll Badge - Supervisor App,e4gi378c,9182563,Windows Login - How to Enroll Badge using Supervisor App,https://oloid.help/en/articles/9182563-windows-login-how-to-enroll-badge-using-supervisor-app,published,2024-04-11 06:13:07,2026-08-13 10:01:02
199,Supervisor App,Credential Management - Supervisor App,e4gi378c,14338949,Windows Login - How to Create Shared Windows Passkey in Supervisor App,https://oloid.help/en/articles/14338949-windows-login-how-to-create-shared-windows-passkey-in-supervisor-app,published,2026-03-31 08:12:57,2026-08-13 09:59:41
200,Supervisor App,Credential Management - Supervisor App,e4gi378c,13842978,Windows Login - How to Create Passkey for a User in Supervisor App,https://oloid.help/en/articles/13842978-windows-login-how-to-create-passkey-for-a-user-in-supervisor-app,published,2026-02-24 08:33:02,2026-08-13 09:59:12
201,Supervisor App,Credential Management - Supervisor App,e4gi378c,15457358,Windows Login - How to Add QR Code using Supervisor App,https://oloid.help/en/articles/15457358-windows-login-how-to-add-qr-code-using-supervisor-app,published,2026-06-11 07:41:42,2026-08-13 09:56:40
202,Supervisor App,Credential Management - Supervisor App,e4gi378c,9045726,Windows Login - How to create Shared Password using the Supervisor App,https://oloid.help/en/articles/9045726-windows-login-how-to-create-shared-password-using-the-supervisor-app,published,2024-03-08 05:05:13,2026-08-13 09:55:46
203,_Unassigned,_Unassigned,e4gi378c,11829502,Supervisor App: Assign Passkey,,draft,2025-07-23 08:50:24,2026-08-13 09:07:09
204,Oloid Platform - Enterprise Features,Create and Manage Groups,e4gi378c,8294358,Tenant Admin Portal - How to Create Group,https://oloid.help/en/articles/8294358-tenant-admin-portal-how-to-create-group,published,2023-08-25 09:34:24,2026-08-13 08:24:04
205,Oloid Platform - Enterprise Features,Create and Manage Groups,e4gi378c,8462702,Tenant Admin Portal - How to Sync Users in a Group,https://oloid.help/en/articles/8462702-tenant-admin-portal-how-to-sync-users-in-a-group,published,2023-10-11 04:20:17,2026-08-13 05:57:11
206,Oloid Platform - Enterprise Features,Create and Manage Groups,e4gi378c,8320126,Tenant Admin Portal - How to Remove Endpoint from Group,https://oloid.help/en/articles/8320126-tenant-admin-portal-how-to-remove-endpoint-from-group,published,2023-09-01 05:22:09,2026-08-13 05:40:00
207,Oloid Platform - Enterprise Features,Create and Manage Groups,e4gi378c,8311847,Tenant Admin Portal - How to Remove a User from Group,https://oloid.help/en/articles/8311847-tenant-admin-portal-how-to-remove-a-user-from-group,published,2023-08-30 11:37:52,2026-08-13 04:46:30
208,Oloid Platform - Enterprise Features,Create and Manage Groups,e4gi378c,8493877,Tenant Admin Portal - How to Delete a Group,https://oloid.help/en/articles/8493877-tenant-admin-portal-how-to-delete-a-group,published,2023-10-19 10:22:12,2026-08-13 04:42:06
209,Oloid Platform - Enterprise Features,Accounts and Settings,e4gi378c,13570122,Tenant Admin Portal - How to Enable HR Picture Verification for Oloid User Portal,https://oloid.help/en/articles/13570122-tenant-admin-portal-how-to-enable-hr-picture-verification-for-oloid-user-portal,published,2026-01-30 09:54:27,2026-08-12 11:09:24
210,Oloid Platform - Enterprise Features,Accounts and Settings,e4gi378c,10660395,Tenant Admin Portal - How to Enable Read-only Mode for Tenant Admin,https://oloid.help/en/articles/10660395-tenant-admin-portal-how-to-enable-read-only-mode-for-tenant-admin,published,2025-02-27 07:16:15,2026-08-12 10:49:47
211,Oloid Platform - Enterprise Features,Advanced User Sync,e4gi378c,13718491,How to Create Advanced User Sync for ADP Vantage HCM - Inbound in the Tenant Admin Portal,https://oloid.help/en/articles/13718491-how-to-create-advanced-user-sync-for-adp-vantage-hcm-inbound-in-the-tenant-admin-portal,published,2026-02-12 17:49:05,2026-02-26 06:11:48
212,Oloid Platform - Enterprise Features,Duo SSO Setup,e4gi378c,12094207,Oloid User Portal - How to Log in to Oloid User Portal using Duo SSO,https://oloid.help/en/articles/12094207-oloid-user-portal-how-to-log-in-to-oloid-user-portal-using-duo-sso,published,2025-08-27 02:58:33,2026-08-11 11:08:32
213,Oloid Platform - Enterprise Features,Accounts and Settings,e4gi378c,9799715,Tenant Admin Portal - How to Configure Supervisor Privilege,https://oloid.help/en/articles/9799715-tenant-admin-portal-how-to-configure-supervisor-privilege,published,2024-08-29 11:33:35,2026-08-11 11:04:28
214,Oloid Platform - Enterprise Features,Accounts and Settings,e4gi378c,8237885,Tenant Admin Portal - How to Remove User from Tenant Admin Role,https://oloid.help/en/articles/8237885-tenant-admin-portal-how-to-remove-user-from-tenant-admin-role,published,2023-08-10 09:31:05,2026-08-11 10:44:21
215,Oloid Platform - Enterprise Features,Accounts and Settings,e4gi378c,8237046,Tenant Admin Portal - How to Send a Password Reset Link to a Tenant Admin,https://oloid.help/en/articles/8237046-tenant-admin-portal-how-to-send-a-password-reset-link-to-a-tenant-admin,published,2023-08-10 06:11:59,2026-08-11 10:24:45
216,Oloid Platform - Enterprise Features,Auth0 SSO Setup,e4gi378c,11098861,How to configure Auth0 SSO in Oloid Portal,https://oloid.help/en/articles/11098861-how-to-configure-auth0-sso-in-oloid-portal,published,2025-04-17 08:47:13,2026-08-11 09:13:30
217,Oloid Platform - Enterprise Features,Duo SSO Setup,e4gi378c,12086393,Tenant Admin Portal - How to Configure Duo SSO,https://oloid.help/en/articles/12086393-tenant-admin-portal-how-to-configure-duo-sso,published,2025-08-26 05:36:13,2026-08-11 09:12:29
218,_Unassigned,_Unassigned,e4gi378c,15732109,Supervisor App - How to Add Face for User,,draft,2026-07-01 08:21:21,2026-08-11 08:48:16
219,Supervisor App,Platform Configuration - Supervisor App,e4gi378c,9182568,Windows Login - How to Enable Enroll Badge Option for Supervisor App,https://oloid.help/en/articles/9182568-windows-login-how-to-enable-enroll-badge-option-for-supervisor-app,published,2024-04-11 06:17:22,2026-08-11 08:46:53
220,Supervisor App,User Management- Supervisor App,e4gi378c,9546517,Windows Login - How to delete users using Supervisor App,https://oloid.help/en/articles/9546517-windows-login-how-to-delete-users-using-supervisor-app,published,2024-07-01 13:29:18,2026-08-11 08:17:27
221,Supervisor App,User Management- Supervisor App,e4gi378c,9526633,Windows Login - How to Enroll NFC ID,https://oloid.help/en/articles/9526633-windows-login-how-to-enroll-nfc-id,published,2024-06-26 09:14:16,2026-08-11 08:16:58
222,Supervisor App,Platform Configuration - Supervisor App,e4gi378c,9127132,Windows Login - How to Enable Add/Delete Users in Tenant Admin Portal for Supervisors,https://oloid.help/en/articles/9127132-windows-login-how-to-enable-add-delete-users-in-tenant-admin-portal-for-supervisors,published,2024-03-28 06:31:43,2026-08-11 07:35:42
223,Oloid Platform - Enterprise Features,Accounts and Settings,e4gi378c,10441578,Windows Login - How to generate Auto-Pair config file for Windows Login in Tenant Admin Portal,https://oloid.help/en/articles/10441578-windows-login-how-to-generate-auto-pair-config-file-for-windows-login-in-tenant-admin-portal,published,2025-01-22 09:41:45,2026-08-11 07:32:45
224,Supervisor App,Platform Configuration - Supervisor App,e4gi378c,8803434,Windows Login - How to Set credential preferences for Supervisor App,https://oloid.help/en/articles/8803434-windows-login-how-to-set-credential-preferences-for-supervisor-app,published,2024-01-11 04:56:51,2026-08-11 07:26:18
225,Supervisor App,Credential Management - Supervisor App,e4gi378c,9196014,Windows Login - How to View and Edit Shared Password Details in Supervisor App,https://oloid.help/en/articles/9196014-windows-login-how-to-view-and-edit-shared-password-details-in-supervisor-app,published,2024-04-15 04:52:02,2026-08-11 07:22:42
226,Supervisor App,User Management- Supervisor App,e4gi378c,9116073,Windows Login - How to View and Edit PIN,https://oloid.help/en/articles/9116073-windows-login-how-to-view-and-edit-pin,published,2024-03-26 10:09:52,2026-08-11 07:10:07
227,Supervisor App,User Management- Supervisor App,e4gi378c,9087842,Windows Login - How to View and Edit User Details,https://oloid.help/en/articles/9087842-windows-login-how-to-view-and-edit-user-details,published,2024-03-19 07:57:09,2026-08-11 07:09:56
228,Supervisor App,Credential Management - Supervisor App,e4gi378c,9121212,Windows Login - How to Assign Users to Shared Passwords using Supervisor App,https://oloid.help/en/articles/9121212-windows-login-how-to-assign-users-to-shared-passwords-using-supervisor-app,published,2024-03-27 09:04:05,2026-08-11 07:08:41
229,Supervisor App,Credential Management - Supervisor App,e4gi378c,9188537,Window Login - How to Assign Credential Owners to Shared Password using Supervisor App,https://oloid.help/en/articles/9188537-window-login-how-to-assign-credential-owners-to-shared-password-using-supervisor-app,published,2024-04-12 09:37:13,2026-08-11 07:06:42
230,Supervisor App,User Management- Supervisor App,e4gi378c,9088123,Windows Login - How to Create PIN for User,https://oloid.help/en/articles/9088123-windows-login-how-to-create-pin-for-user,published,2024-03-19 09:41:13,2026-08-10 10:40:14
231,Passwordless Authenticator,Using WebKey,e4gi378c,8856182,Webkey - How to log into Workforce /HRMS platforms using Password through WebKey,https://oloid.help/en/articles/8856182-webkey-how-to-log-into-workforce-hrms-platforms-using-password-through-webkey,published,2024-01-23 10:23:32,2026-08-10 10:33:44
232,Oloid Platform - Enterprise Features,Okta SSO Setup,e4gi378c,9531562,Oloid User Portal - How to log in Oloid User Portal with Okta SSO,https://oloid.help/en/articles/9531562-oloid-user-portal-how-to-log-in-oloid-user-portal-with-okta-sso,published,2024-06-27 09:15:04,2026-08-10 10:19:57
233,Oloid Platform - Enterprise Features,Auth0 SSO Setup,e4gi378c,11122318,Oloid User Portal - How to log in to Oloid User Portal using Auth0 SSO,https://oloid.help/en/articles/11122318-oloid-user-portal-how-to-log-in-to-oloid-user-portal-using-auth0-sso,published,2025-04-22 10:47:45,2026-08-10 10:17:34
234,Passwordless Authenticator,Using WebKey,e4gi378c,13597429,Webkey - How to login to Tenant Admin Portal with Oloid Webkey SSO,https://oloid.help/en/articles/13597429-webkey-how-to-login-to-tenant-admin-portal-with-oloid-webkey-sso,published,2026-02-02 06:26:58,2026-08-10 10:15:32
235,Passwordless Authenticator,Using WebKey,e4gi378c,13165653,Webkey - How to Re-submit consent,https://oloid.help/en/articles/13165653-webkey-how-to-re-submit-consent,published,2025-12-16 06:54:26,2026-08-10 10:12:14
236,Passwordless Authenticator,Using WebKey,e4gi378c,10454981,Webkey - How to log into OKTA Workforce /HRMS platforms using QR Code and PIN through Webkey,https://oloid.help/en/articles/10454981-webkey-how-to-log-into-okta-workforce-hrms-platforms-using-qr-code-and-pin-through-webkey,published,2025-01-24 07:38:39,2026-08-10 10:11:38
237,Passwordless Authenticator,Using WebKey,e4gi378c,9245333,Webkey - How to log into Workforce /HRMS platforms using NFC/ID and PIN in Webkey,https://oloid.help/en/articles/9245333-webkey-how-to-log-into-workforce-hrms-platforms-using-nfc-id-and-pin-in-webkey,published,2024-04-25 09:25:01,2026-08-10 10:01:02
238,Passwordless Authenticator,Using WebKey,e4gi378c,9259082,Webkey - How to log into Workforce /HRMS platform using Face through Webkey,https://oloid.help/en/articles/9259082-webkey-how-to-log-into-workforce-hrms-platform-using-face-through-webkey,published,2024-04-29 10:31:16,2026-08-10 09:42:02
239,Oloid Platform - Enterprise Features,Create and Manage Connections,e4gi378c,8947717,Tenant Admin Portal - How to Configure Connection Groups,https://oloid.help/en/articles/8947717-tenant-admin-portal-how-to-configure-connection-groups,published,2024-02-14 08:02:35,2026-08-10 09:35:57
240,Passwordless Authenticator,Using WebKey,e4gi378c,9263144,Webkey - How to Enroll Face using Webkey,https://oloid.help/en/articles/9263144-webkey-how-to-enroll-face-using-webkey,published,2024-04-30 08:25:46,2026-08-10 09:25:38
241,Passwordless Authenticator,Using WebKey,e4gi378c,8855767,Webkey - How to log into Workforce /HRMS platforms using QR Code through Webkey,https://oloid.help/en/articles/8855767-webkey-how-to-log-into-workforce-hrms-platforms-using-qr-code-through-webkey,published,2024-01-23 06:54:43,2026-08-10 09:23:10
242,Passwordless Authenticator,Using WebKey,e4gi378c,8608007,Webkey - How to log into Workforce /HRMS platform using Face and PIN through Webkey,https://oloid.help/en/articles/8608007-webkey-how-to-log-into-workforce-hrms-platform-using-face-and-pin-through-webkey,published,2023-11-20 12:03:39,2026-08-10 09:11:47
243,Passwordless Authenticator,Using WebKey,e4gi378c,8611424,Webkey - How to log into Workforce /HRMS platforms using Badge and PIN through Webkey,https://oloid.help/en/articles/8611424-webkey-how-to-log-into-workforce-hrms-platforms-using-badge-and-pin-through-webkey,published,2023-11-21 07:54:33,2026-08-10 09:08:56
244,Passwordless Authenticator,Using WebKey,e4gi378c,9259058,Webkey - How to log into Workforce /HRMS platform using Badge through Webkey,https://oloid.help/en/articles/9259058-webkey-how-to-log-into-workforce-hrms-platform-using-badge-through-webkey,published,2024-04-29 10:22:02,2026-08-10 09:08:23
245,Passwordless Authenticator,Platform Configuration - WebKey,e4gi378c,10800566,Webkey - How to edit Configure tab,https://oloid.help/en/articles/10800566-webkey-how-to-edit-configure-tab,published,2025-03-17 09:13:59,2026-08-10 06:34:08
246,Oloid Platform - Enterprise Features,Auth0 SSO Setup,e4gi378c,11103554,Auth0 Settings for Oloid SSO,https://oloid.help/en/articles/11103554-auth0-settings-for-oloid-sso,published,2025-04-18 02:59:32,2026-08-10 05:57:16
247,Oloid Platform - Enterprise Features,Create and Manage IDP Provider,e4gi378c,12808717,Tenant Admin Portal - How to Create IDP Profile for Security Assertion Markup Language (SAML),https://oloid.help/en/articles/12808717-tenant-admin-portal-how-to-create-idp-profile-for-security-assertion-markup-language-saml,published,2025-11-11 09:46:14,2026-08-10 04:45:28
248,Oloid Platform - Enterprise Features,Create and Manage Endpoints,e4gi378c,8217339,Tenant Admin Portal - How to Create Endpoint Template,https://oloid.help/en/articles/8217339-tenant-admin-portal-how-to-create-endpoint-template,published,2023-08-04 05:15:26,2026-08-07 10:29:35
249,Oloid Verify/Connect,Oloid Connect for iPhone,e4gi378c,12644692,How to Test Network Connectivity on Oloid Connect iPhone Endpoint,https://oloid.help/en/articles/12644692-how-to-test-network-connectivity-on-oloid-connect-iphone-endpoint,published,2025-10-23 04:14:01,2026-08-07 09:13:37
250,Passwordless Authenticator,Platform Configuration - WebKey,e4gi378c,16106492,Webkey - How to Enable Hide Image Preview After Face Capture,https://oloid.help/en/articles/16106492-webkey-how-to-enable-hide-image-preview-after-face-capture,published,2026-07-28 07:53:32,2026-08-07 08:50:35
251,Supervisor App,Platform Configuration - Supervisor App,e4gi378c,9215874,Windows Login - How to Upload/Download HWG file in Tenant Admin Portal,https://oloid.help/en/articles/9215874-windows-login-how-to-upload-download-hwg-file-in-tenant-admin-portal,published,2024-04-18 12:02:51,2026-08-07 08:48:43
252,Supervisor App,Platform Configuration - Supervisor App,e4gi378c,9244629,Windows Login - How to create device-admin passcode for Supervisor App,https://oloid.help/en/articles/9244629-windows-login-how-to-create-device-admin-passcode-for-supervisor-app,published,2024-04-25 04:30:36,2026-08-07 07:43:52
253,Oloid Platform - Enterprise Features,Create and Manage Connections,e4gi378c,8305588,Tenant Admin Portal - How to Configure a Connection in the Tenant Admin Portal,https://oloid.help/en/articles/8305588-tenant-admin-portal-how-to-configure-a-connection-in-the-tenant-admin-portal,published,2023-08-29 11:42:01,2026-08-07 07:11:49
254,Oloid Platform - Enterprise Features,Getting Started,e4gi378c,8727486,Tenant Admin Portal - How to Log in to Tenant Admin Portal with Google SSO,https://oloid.help/en/articles/8727486-tenant-admin-portal-how-to-log-in-to-tenant-admin-portal-with-google-sso,published,2023-12-20 10:59:13,2026-08-06 10:28:07
255,Oloid Platform - Enterprise Features,Azure SSO Setup,e4gi378c,9531151,Oloid User Portal - How to Log in to Oloid User Portal with Microsoft SSO,https://oloid.help/en/articles/9531151-oloid-user-portal-how-to-log-in-to-oloid-user-portal-with-microsoft-sso,published,2024-06-27 07:00:21,2026-08-06 10:09:44
256,_Unassigned,_Unassigned,e4gi378c,13396608,Oloid Vault (Chrome / Chromium) – How to Generate a Passkey for Oloid Vault,https://oloid.help/en/articles/13396608-oloid-vault-chrome-chromium-how-to-generate-a-passkey-for-oloid-vault,published,2026-01-15 08:56:20,2026-08-06 09:20:24
257,_Unassigned,_Unassigned,e4gi378c,15051772,Configuring OLOID as an External Identity Provider in Azure AD,,draft,2026-05-11 04:47:36,2026-08-06 08:51:33
258,Passwordless Authenticator,Windows Login v2.0,e4gi378c,15134881,Windows Login v2.0 - Network URL Whitelisting Requirements for Preview/UAT Environment,https://oloid.help/en/articles/15134881-windows-login-v2-0-network-url-whitelisting-requirements-for-preview-uat-environment,published,2026-05-15 12:25:05,2026-08-06 05:54:39
259,Passwordless Authenticator,WebKey Videos,e4gi378c,16218072,Webkey - How to enable Oloid (Webkey) SSO login - Video Tutorial,https://oloid.help/en/articles/16218072-webkey-how-to-enable-oloid-webkey-sso-login-video-tutorial,published,2026-08-05 11:58:06,2026-08-05 12:02:50
260,Oloid Platform - Enterprise Features,Credential Management - Video Tutorials,e4gi378c,16214305,Tenant Admin Portal - How to generate Personal Passkey - Video Tutorial,https://oloid.help/en/articles/16214305-tenant-admin-portal-how-to-generate-personal-passkey-video-tutorial,published,2026-08-05 11:33:54,2026-08-05 11:35:01
261,Oloid Verify/Connect,Oloid Connect Videos,e4gi378c,16213500,Oloid Connect - How to change the environment for Oloid Connect App,https://oloid.help/en/articles/16213500-oloid-connect-how-to-change-the-environment-for-oloid-connect-app,published,2026-08-05 10:38:32,2026-08-05 10:50:14
262,Supervisor App,User Management- Supervisor App,e4gi378c,9207046,Windows Login - How to Assign Shared Credential,https://oloid.help/en/articles/9207046-windows-login-how-to-assign-shared-credential,published,2024-04-17 06:29:18,2026-08-05 10:49:57
263,Supervisor App,User Management- Supervisor App,e4gi378c,9153831,Windows Login - How to Add Password,https://oloid.help/en/articles/9153831-windows-login-how-to-add-password,published,2024-04-04 05:10:41,2026-08-05 10:49:39
264,Oloid Verify/Connect,Oloid Connect- Admin Guides,e4gi378c,13212909,Oloid Connect - How to Configure Offline Intent Screen in Tenant Admin Portal,https://oloid.help/en/articles/13212909-oloid-connect-how-to-configure-offline-intent-screen-in-tenant-admin-portal,published,2025-12-22 08:35:41,2026-08-05 10:28:39
265,Oloid Platform - Enterprise Features,Create and Manage IDP Provider,e4gi378c,13373994,Tenant Admin Portal - How to Configure IDP Profile for OIDC-Entra ID,https://oloid.help/en/articles/13373994-tenant-admin-portal-how-to-configure-idp-profile-for-oidc-entra-id,published,2026-01-13 03:22:10,2026-08-05 09:58:28
266,Oloid Platform - Enterprise Features,Create and Manage IDP Provider,e4gi378c,10826464,Tenant Admin Portal - How to Configure OIDC - PingOne IDP Profile,https://oloid.help/en/articles/10826464-tenant-admin-portal-how-to-configure-oidc-pingone-idp-profile,published,2025-03-18 15:41:56,2026-08-05 09:58:15
267,Supervisor App,User Management- Supervisor App,e4gi378c,9115843,Windows Login - How to Enroll / Assign Badge,https://oloid.help/en/articles/9115843-windows-login-how-to-enroll-assign-badge,published,2024-03-26 08:43:25,2026-08-05 09:49:41
268,Oloid Platform - Enterprise Features,Create and Manage IDP Provider,e4gi378c,10822772,Tenant Admin Portal - How to Create IDP Profile for OIDC-PingOne,https://oloid.help/en/articles/10822772-tenant-admin-portal-how-to-create-idp-profile-for-oidc-pingone,published,2025-03-18 11:25:20,2026-08-05 09:44:48
269,Oloid Platform - Enterprise Features,Create and Manage IDP Provider,e4gi378c,13349621,Tenant Admin Portal - How to Create IDP Profile for OIDC-Entra ID,https://oloid.help/en/articles/13349621-tenant-admin-portal-how-to-create-idp-profile-for-oidc-entra-id,published,2026-01-09 10:55:46,2026-08-05 09:44:35
270,Oloid Verify/Connect,Oloid Connect Videos,e4gi378c,16212525,Oloid Connect - How to share logs,https://oloid.help/en/articles/16212525-oloid-connect-how-to-share-logs,published,2026-08-05 09:26:18,2026-08-05 09:43:46
271,Passwordless Authenticator,Device Lock - Admin Settings,e4gi378c,12728542,DeviceLock App - How to Generate Auto-Pair Config File in the Tenant Admin Portal,https://oloid.help/en/articles/12728542-devicelock-app-how-to-generate-auto-pair-config-file-in-the-tenant-admin-portal,published,2025-11-03 05:01:10,2026-08-05 09:27:24
272,Oloid Verify/Connect,Oloid Connect Videos,e4gi378c,16212187,Oloid Connect - How to check hardware details,https://oloid.help/en/articles/16212187-oloid-connect-how-to-check-hardware-details,published,2026-08-05 08:55:32,2026-08-05 09:17:36
273,Oloid Platform - Enterprise Features,Create and Manage Connections,e4gi378c,8488406,Tenant Admin Portal - How to Enable OloID Account for a Connection,https://oloid.help/en/articles/8488406-tenant-admin-portal-how-to-enable-oloid-account-for-a-connection,published,2023-10-18 03:16:30,2026-08-05 08:15:13
274,Oloid Platform - Enterprise Features,Create and Manage Connections,e4gi378c,11686694,Tenant Admin Portal - How to Create Personal Computer/Smart Card (PC/SC) Badge Input enabled Connections,https://oloid.help/en/articles/11686694-tenant-admin-portal-how-to-create-personal-computer-smart-card-pc-sc-badge-input-enabled-connections,published,2025-07-01 09:59:39,2026-08-05 08:08:03
275,Passwordless Authenticator,Videos- Windows Login,e4gi378c,16211570,Windows Login - How to generate Auto-Pair config file for Windows Login in Tenant Admin Portal - Video Tutorial,https://oloid.help/en/articles/16211570-windows-login-how-to-generate-auto-pair-config-file-for-windows-login-in-tenant-admin-portal-video-tutorial,published,2026-08-05 07:53:57,2026-08-05 08:03:26
276,Oloid Platform - Enterprise Features,Create and Manage Connections,e4gi378c,8294297,Tenant Admin Portal - How to Create Connection,https://oloid.help/en/articles/8294297-tenant-admin-portal-how-to-create-connection,published,2023-08-25 09:00:49,2026-08-05 08:01:43
277,Oloid Platform - Enterprise Features,Create and Manage Applications,e4gi378c,8300397,How to Create and Configure Application Type – Generic,https://oloid.help/en/articles/8300397-how-to-create-and-configure-application-type-generic,published,2023-08-28 10:33:06,2026-08-05 06:45:18
278,Oloid Platform - Enterprise Features,Create and Manage Applications,e4gi378c,8300330,How to Create and Configure Application Type - Passwordless,https://oloid.help/en/articles/8300330-how-to-create-and-configure-application-type-passwordless,published,2023-08-28 09:57:42,2026-08-05 06:33:54
279,Supervisor App,User Management- Supervisor App,e4gi378c,9041346,Windows Login - How to Add a User,https://oloid.help/en/articles/9041346-windows-login-how-to-add-a-user,published,2024-03-07 08:26:35,2026-08-04 13:22:49
280,Passwordless Authenticator,Videos - Device Lock,e4gi378c,16198399,DeviceLock App - How to configure endpoint in the Tenant Admin Portal,https://oloid.help/en/articles/16198399-devicelock-app-how-to-configure-endpoint-in-the-tenant-admin-portal,published,2026-08-04 11:05:23,2026-08-04 11:10:51
281,Oloid Platform - Enterprise Features,Create and Manage Endpoints,e4gi378c,8410896,Oloid Connect - How to configure Web Button,https://oloid.help/en/articles/8410896-oloid-connect-how-to-configure-web-button,published,2023-09-25 17:36:28,2026-01-09 04:22:02
282,Oloid Platform - Enterprise Features,Create and Manage Endpoints,e4gi378c,8315188,Tenant Admin Portal - How to Add an Endpoint to a Group,https://oloid.help/en/articles/8315188-tenant-admin-portal-how-to-add-an-endpoint-to-a-group,published,2023-08-31 07:22:50,2026-08-04 10:35:05
283,Oloid Platform - Enterprise Features,Create and Manage Shared Passwords - Video Tutorials,e4gi378c,16198166,Tenant Admin Portal - How to configure Windows Shared Passwords - Video Tutorial,https://oloid.help/en/articles/16198166-tenant-admin-portal-how-to-configure-windows-shared-passwords-video-tutorial,published,2026-08-04 10:23:15,2026-08-04 10:34:21
284,Passwordless Authenticator,User Guide,e4gi378c,8702342,How to log into Workforce /HRMS platforms using Badge and PIN using Oloid Device Lock app,,draft,2023-12-13 06:27:15,2026-08-04 08:50:21
285,Oloid Platform - Enterprise Features,Create and Manage Endpoints,e4gi378c,8263138,Tenant Admin Portal - How to create a CloudKey endpoint,https://oloid.help/en/articles/8263138-tenant-admin-portal-how-to-create-a-cloudkey-endpoint,published,2023-08-16 09:08:17,2026-08-04 07:51:27
286,Oloid Platform - Enterprise Features,Create and Manage IDP Provider,e4gi378c,9214537,Tenant Admin Portal - How to Create an OIDC-Okta IDP Profile,https://oloid.help/en/articles/9214537-tenant-admin-portal-how-to-create-an-oidc-okta-idp-profile,published,2024-04-18 05:31:02,2026-08-04 07:00:03
287,Oloid Chrome Vault,Chrome Vault - Getting Started,e4gi378c,15999836,Oloid's Location Alerts and Geo-fencing Radius Feature for Oloid Vault (Chrome /  Chromium),https://oloid.help/en/articles/15999836-oloid-s-location-alerts-and-geo-fencing-radius-feature-for-oloid-vault-chrome-chromium,published,2026-07-20 04:48:34,2026-08-04 06:47:07
288,Passwordless Authenticator,Windows Login v2.0,e4gi378c,15701076,Windows Login v2.0 - How to configure Windows Alert for presence detection,https://oloid.help/en/articles/15701076-windows-login-v2-0-how-to-configure-windows-alert-for-presence-detection,published,2026-06-30 08:00:33,2026-08-04 06:45:39
289,Oloid Chrome Vault,Chrome Vault - Admin Guides,e4gi378c,15699935,Oloid Vault (Chrome / Chromium) - How to Enable Location Alerts and Configure Geo-fencing Radius,https://oloid.help/en/articles/15699935-oloid-vault-chrome-chromium-how-to-enable-location-alerts-and-configure-geo-fencing-radius,published,2026-06-30 05:02:47,2026-08-04 06:42:30
290,Oloid Platform - Enterprise Features,Create and Manage Endpoints,e4gi378c,8463479,Tenant Admin Portal - How to Add a Group to an Endpoint,https://oloid.help/en/articles/8463479-tenant-admin-portal-how-to-add-a-group-to-an-endpoint,published,2023-10-11 09:46:16,2026-08-04 06:31:00
291,Oloid Verify/Connect,Oloid Verify -  Admin Guides,e4gi378c,16159090,Oloid Verify - How to Unpair Endpoint,https://oloid.help/en/articles/16159090-oloid-verify-how-to-unpair-endpoint,published,2026-07-31 05:46:33,2026-07-31 12:05:47
292,Oloid Chrome Vault,Chrome Vault - Getting Started,e4gi378c,15189497,Oloid Vault (Chrome / Chromium) - How to Deploy Oloid Vault using ManageEngine Endpoint Central (MDM),https://oloid.help/en/articles/15189497-oloid-vault-chrome-chromium-how-to-deploy-oloid-vault-using-manageengine-endpoint-central-mdm,published,2026-05-20 09:15:57,2026-08-03 09:52:09
293,Oloid Verify/Connect,Oloid Connect- Admin Guides,e4gi378c,16159084,Oloid Connect - How to Unpair Endpoint,https://oloid.help/en/articles/16159084-oloid-connect-how-to-unpair-endpoint,published,2026-07-31 05:45:08,2026-07-31 12:07:00
294,Oloid Platform - Enterprise Features,Create and Manage Shared Credentials,e4gi378c,8906511,Windows Login - How to enable Preferred Machine Users in Shared Credentials,https://oloid.help/en/articles/8906511-windows-login-how-to-enable-preferred-machine-users-in-shared-credentials,published,2024-02-05 06:26:24,2026-08-03 06:40:23
295,Passwordless Authenticator,Windows Login- Presence Detection Guides,e4gi378c,10031671,Window Login (Presence Detection) - Setting  up windows endpoint for Presence Detection,https://oloid.help/en/articles/10031671-window-login-presence-detection-setting-up-windows-endpoint-for-presence-detection,published,2024-10-23 07:15:14,2026-08-03 06:31:24
296,Oloid Verify/Connect,Oloid Connect- Admin Guides,e4gi378c,16096126,Oloid Connect - How to Deactivate Endpoint in Tenant Admin Portal,https://oloid.help/en/articles/16096126-oloid-connect-how-to-deactivate-endpoint-in-tenant-admin-portal,published,2026-07-27 08:51:38,2026-07-30 10:24:22
297,Oloid Verify/Connect,Oloid Verify -  Admin Guides,e4gi378c,8671139,Oloid Verify - How to Log In to Admin Mode as an Admin or Supervisor,https://oloid.help/en/articles/8671139-oloid-verify-how-to-log-in-to-admin-mode-as-an-admin-or-supervisor,published,2023-12-04 09:03:16,2026-07-31 12:57:14
298,Oloid Platform - Enterprise Features,Advanced User Sync,e4gi378c,13569620,Tenant Admin Portal - How to Configure Advanced User Sync for Workday - Inbound,https://oloid.help/en/articles/13569620-tenant-admin-portal-how-to-configure-advanced-user-sync-for-workday-inbound,published,2026-01-30 08:01:04,2026-07-31 09:09:47
299,_Unassigned,_Unassigned,e4gi378c,15515518,Device Lock - How to Enable Location Mandate and configure Geo-fencing Radius,https://oloid.help/en/articles/15515518-device-lock-how-to-enable-location-mandate-and-configure-geo-fencing-radius,published,2026-06-16 06:10:37,2026-07-31 08:31:13
300,_Unassigned,_Unassigned,e4gi378c,16107870,Tenant Admin Portal - How to Configure User Sync for Azure,https://oloid.help/en/articles/16107870-tenant-admin-portal-how-to-configure-user-sync-for-azure,published,2026-07-28 10:56:40,2026-07-30 10:14:28
301,Oloid Workflow,Accounts,e4gi378c,9807063,How to Configure User Sync in Microsoft Entra ID Admin Console,https://oloid.help/en/articles/9807063-how-to-configure-user-sync-in-microsoft-entra-id-admin-console,published,2024-08-30 18:41:33,2026-07-30 10:13:50
302,Passwordless Authenticator,Credential Management,e4gi378c,15531507,Tenant Admin Portal - How to log into Tenant Admin Portal using Personal Passkey,https://oloid.help/en/articles/15531507-tenant-admin-portal-how-to-log-into-tenant-admin-portal-using-personal-passkey,published,2026-06-17 10:07:12,2026-07-30 06:51:26
303,_Unassigned,_Unassigned,e4gi378c,15174017,Tenant Admin Portal - How to Activate and Send Wallet Pass to User,https://oloid.help/en/articles/15174017-tenant-admin-portal-how-to-activate-and-send-wallet-pass-to-user,published,2026-05-19 05:38:03,2026-06-19 08:55:35
304,_Unassigned,_Unassigned,e4gi378c,13884773,How to Login to User Portal with Oloid Passkey SSO,https://oloid.help/en/articles/13884773-how-to-login-to-user-portal-with-oloid-passkey-sso,published,2026-02-27 06:10:32,2026-07-30 05:48:34
305,_Unassigned,_Unassigned,e4gi378c,16118858,How to Find the UDID of iOS Device,https://oloid.help/en/articles/16118858-how-to-find-the-udid-of-ios-device,published,2026-07-29 08:21:14,2026-07-30 05:20:35
306,Oloid Platform - Enterprise Features,Create and Manage Applications,e4gi378c,8294483,Tenant Admin Portal - How to Create an Application,https://oloid.help/en/articles/8294483-tenant-admin-portal-how-to-create-an-application,published,2023-08-25 10:29:58,2026-07-29 09:36:06
307,Passwordless Authenticator,Windows Login v2.0,e4gi378c,15885299,Windows Login v2.0 - How to Deploy Windows Passwordless 2.0 using Command Line,https://oloid.help/en/articles/15885299-windows-login-v2-0-how-to-deploy-windows-passwordless-2-0-using-command-line,published,2026-07-09 07:17:16,2026-07-29 08:43:14
308,_Unassigned,_Unassigned,e4gi378c,15857432,Oloid Verify - How to Deactivate Endpoint in Tenant Admin Portal,https://oloid.help/en/articles/15857432-oloid-verify-how-to-deactivate-endpoint-in-tenant-admin-portal,published,2026-07-07 08:49:36,2026-07-29 05:13:30
309,_Unassigned,_Unassigned,e4gi378c,14594718,Oloid Connect - How to Re-Submit   Consent on the Endpoint,https://oloid.help/en/articles/14594718-oloid-connect-how-to-re-submit-consent-on-the-endpoint,published,2026-04-13 09:18:26,2026-07-29 05:10:14
310,Oloid Platform - Enterprise Features,Advanced User Sync,e4gi378c,13607433,How to Configure Advanced User Sync in Microsoft Entra ID Admin Console,https://oloid.help/en/articles/13607433-how-to-configure-advanced-user-sync-in-microsoft-entra-id-admin-console,published,2026-02-03 03:53:08,2026-07-29 04:50:13
311,_Unassigned,_Unassigned,e4gi378c,15690970,Oloid Connect - How to View Punch Details,https://oloid.help/en/articles/15690970-oloid-connect-how-to-view-punch-details,published,2026-06-29 08:39:05,2026-07-29 04:49:16
312,_Unassigned,_Unassigned,e4gi378c,15869578,Oloid Connect - How to Enable Location  Mandate and configure Geo-fencing Radius in Tenant Admin Portal,https://oloid.help/en/articles/15869578-oloid-connect-how-to-enable-location-mandate-and-configure-geo-fencing-radius-in-tenant-admin-portal,published,2026-07-08 09:16:26,2026-07-29 04:47:48
313,Oloid Platform - Enterprise Features,Accounts and Settings,e4gi378c,9969120,Oloid User Portal - How to Configure Oloid User Portal in Tenant Admin Portal,https://oloid.help/en/articles/9969120-oloid-user-portal-how-to-configure-oloid-user-portal-in-tenant-admin-portal,published,2024-10-08 07:29:31,2026-07-28 10:34:23
314,Oloid Verify/Connect,Oloid Connect- Admin Guides,e4gi378c,10337624,Oloid Connect - How to Authenticate a User Using Credentials,https://oloid.help/en/articles/10337624-oloid-connect-how-to-authenticate-a-user-using-credentials,published,2024-12-31 06:42:02,2026-03-25 07:10:44
315,_Unassigned,_Unassigned,e4gi378c,16095215,Windows Login v2.0 - How to Enable Check Emotions for Presence Detection,,draft,2026-07-27 07:12:11,2026-07-27 07:15:07
316,Passwordless Authenticator,Windows Login v2.0,e4gi378c,16012060,Windows Login v2.0 - How to Enable Focus Monitor for Presence Detection,https://oloid.help/en/articles/16012060-windows-login-v2-0-how-to-enable-focus-monitor-for-presence-detection,published,2026-07-21 08:36:04,2026-07-27 07:09:01
317,Oloid Platform - Enterprise Features,Create and Manage IDP Provider,e4gi378c,10299916,Integrating Oloid as an External Method Authentication (EAM) with Microsoft Entra ID,https://oloid.help/en/articles/10299916-integrating-oloid-as-an-external-method-authentication-eam-with-microsoft-entra-id,published,2024-12-18 07:55:57,2026-07-23 06:10:36
318,Oloid Platform - Enterprise Features,Create and Manage IDP Provider,e4gi378c,9822466,Oloid Configuration Guide for Okta System for Cross-domain Identity Management (SCIM) Client,https://oloid.help/en/articles/9822466-oloid-configuration-guide-for-okta-system-for-cross-domain-identity-management-scim-client,published,2024-09-04 07:51:34,2026-02-04 04:39:24
319,Oloid Platform - Enterprise Features,Create and Manage Endpoints,e4gi378c,8472410,How to configure endpoint template for Oloid Verify/Connect App,,draft,2023-10-13 03:57:01,2026-07-24 05:35:32
320,Oloid Platform - Enterprise Features,Create and Manage Shared Passwords - Video Tutorials,e4gi378c,16034893,Tenant admin portal - How to add password owners for a vault shared password - Video Tutorial,https://oloid.help/en/articles/16034893-tenant-admin-portal-how-to-add-password-owners-for-a-vault-shared-password-video-tutorial,published,2026-07-22 10:39:03,2026-07-22 10:41:20
321,Oloid Platform - Enterprise Features,Accounts and Settings - Video Tutorials,e4gi378c,16034706,Tenant Admin Portal - How to activate and send wallet pass to user - Video Tutorial,https://oloid.help/en/articles/16034706-tenant-admin-portal-how-to-activate-and-send-wallet-pass-to-user-video-tutorial,published,2026-07-22 10:17:32,2026-07-22 10:20:18
322,Oloid Platform - Enterprise Features,Create and Manage Connections - Video Tutorials,e4gi378c,16034473,Tenant Admin Portal - How to Enable OloID Account for a Connection - Video Tutorial,https://oloid.help/en/articles/16034473-tenant-admin-portal-how-to-enable-oloid-account-for-a-connection-video-tutorial,published,2026-07-22 09:54:28,2026-07-22 10:04:44
323,Oloid Chrome Vault,Chrome Vault - Getting Started,e4gi378c,15689334,Oloid Vault (Chrome / Chromium) - How to Deploy Oloid Vault using Microsoft Intune (MDM),https://oloid.help/en/articles/15689334-oloid-vault-chrome-chromium-how-to-deploy-oloid-vault-using-microsoft-intune-mdm,published,2026-06-29 05:59:09,2026-07-22 09:58:07
324,Oloid Platform - Enterprise Features,Create and Manage Groups - Video Tutorials,e4gi378c,16033886,Tenant Admin Portal - How to Configure Group - Video Tutorial,https://oloid.help/en/articles/16033886-tenant-admin-portal-how-to-configure-group-video-tutorial,published,2026-07-22 08:46:00,2026-07-22 08:51:31
325,Oloid Platform - Enterprise Features,Create and Manage Shared Passwords - Video Tutorials,e4gi378c,16033781,How to configure vault shared passwords in the Tenant Admin Portal - Video Tutorial,https://oloid.help/en/articles/16033781-how-to-configure-vault-shared-passwords-in-the-tenant-admin-portal-video-tutorial,published,2026-07-22 08:23:11,2026-07-22 08:27:05
326,Oloid Platform - Enterprise Features,Create and Manage Applications - Video Tutorials,e4gi378c,16033498,Tenant Admin portal - Geo Location Overview,https://oloid.help/en/articles/16033498-tenant-admin-portal-geo-location-overview,published,2026-07-22 07:25:03,2026-07-22 07:28:23
327,Oloid Platform - Enterprise Features,Accounts and Settings - Video Tutorials,e4gi378c,16033463,Tenant Admin portal - Login options and configurations,https://oloid.help/en/articles/16033463-tenant-admin-portal-login-options-and-configurations,published,2026-07-22 07:17:49,2026-07-22 07:20:06
328,Oloid Verify/Connect,Oloid Connect Videos,e4gi378c,16033394,Oloid Connect - How to Configure Screensaver in Tenant Admin Portal - Video Tutorial,https://oloid.help/en/articles/16033394-oloid-connect-how-to-configure-screensaver-in-tenant-admin-portal-video-tutorial,published,2026-07-22 06:56:29,2026-07-22 07:01:30
329,Passwordless Authenticator,Oloid Device Lock - Supporting Documents,e4gi378c,15585377,DeviceLock - How to Configure a QR Code Scanner using Zebra DataWedge Application on Zebra Device,https://oloid.help/en/articles/15585377-devicelock-how-to-configure-a-qr-code-scanner-using-zebra-datawedge-application-on-zebra-device,published,2026-06-22 05:02:51,2026-07-07 08:52:07
330,_Unassigned,_Unassigned,e4gi378c,15886736,Tenant Admin Portal - How to Configure Advanced User Sync for Paychex - Inbound,https://oloid.help/en/articles/15886736-tenant-admin-portal-how-to-configure-advanced-user-sync-for-paychex-inbound,published,2026-07-09 11:06:16,2026-07-21 10:25:10
331,_Unassigned,_Unassigned,e4gi378c,16011961,Windows Login v2.0 - Emotion Tracking,,draft,2026-07-21 08:31:06,2026-07-21 08:35:13
332,Oloid Platform - Enterprise Features,Advanced User Sync,e4gi378c,13598396,How to Configure Advanced User Sync for Entra ID - Inbound in the Tenant Admin Portal,https://oloid.help/en/articles/13598396-how-to-configure-advanced-user-sync-for-entra-id-inbound-in-the-tenant-admin-portal,published,2026-02-02 09:14:27,2026-07-21 08:29:05
333,Oloid Platform - Enterprise Features,System for Cross-Domain Identity Management (SCIM) - Configuration Guide,e4gi378c,12740850,Tenant Admin Portal - How to Configure System for Cross-Domain Identity Management (SCIM),https://oloid.help/en/articles/12740850-tenant-admin-portal-how-to-configure-system-for-cross-domain-identity-management-scim,published,2025-11-04 05:31:20,2026-07-21 04:33:22
334,Passwordless Authenticator,Windows Login v2.0,e4gi378c,15653468,Windows Login 2.0 - How to Download and Automatically Pair Windows Device during Installation,https://oloid.help/en/articles/15653468-windows-login-2-0-how-to-download-and-automatically-pair-windows-device-during-installation,published,2026-06-26 07:33:48,2026-07-20 08:45:21
335,Oloid Platform - Enterprise Features,Accounts and Settings - Video Tutorials,e4gi378c,15957250,Tenant Admin portal - User Credentials Overview - Video Tutorial,https://oloid.help/en/articles/15957250-tenant-admin-portal-user-credentials-overview-video-tutorial,published,2026-07-16 10:34:32,2026-07-16 10:39:24
336,Oloid Platform - Enterprise Features,Accounts and Settings - Video Tutorials,e4gi378c,15957203,Tenant Admin Portal - How to configure Security tab within tenant settings - Video Tutorial,https://oloid.help/en/articles/15957203-tenant-admin-portal-how-to-configure-security-tab-within-tenant-settings-video-tutorial,published,2026-07-16 10:25:49,2026-07-16 10:29:53
337,Oloid Platform - Enterprise Features,Accounts and Settings - Video Tutorials,e4gi378c,15956936,Tenant Admin Portal - How to access Oloid apps - Video Tutorial,https://oloid.help/en/articles/15956936-tenant-admin-portal-how-to-access-oloid-apps-video-tutorial,published,2026-07-16 09:46:00,2026-07-16 10:01:58
338,Oloid Platform - Enterprise Features,Accounts and Settings - Video Tutorials,e4gi378c,15955969,Tenant Admin Portal - How to configure tenant details - Video Tutorial,https://oloid.help/en/articles/15955969-tenant-admin-portal-how-to-configure-tenant-details-video-tutorial,published,2026-07-16 07:55:52,2026-07-16 08:10:13
339,_Unassigned,_Unassigned,e4gi378c,15930213,Windows Login v2.0 – Endpoint Security Allowlisting Requirements,https://oloid.help/en/articles/15930213-windows-login-v2-0-endpoint-security-allowlisting-requirements,published,2026-07-14 04:16:25,2026-07-15 10:21:49
340,_Unassigned,_Unassigned,e4gi378c,14885173,Tenant Admin Portal - How to Enable  Wallet Pass,https://oloid.help/en/articles/14885173-tenant-admin-portal-how-to-enable-wallet-pass,published,2026-05-04 08:50:37,2026-06-19 08:51:29
341,_Unassigned,_Unassigned,e4gi378c,15857514,Tenant Admin Portal - How to enable wallet pass - Video Tutorial,https://oloid.help/en/articles/15857514-tenant-admin-portal-how-to-enable-wallet-pass-video-tutorial,published,2026-07-07 09:05:39,2026-07-07 09:09:32
342,_Unassigned,_Unassigned,e4gi378c,15921475,Untitled public article,,draft,2026-07-13 09:01:29,2026-07-13 09:01:46
343,Passwordless Authenticator,Platform Configuration - WebKey,e4gi378c,15420148,Webkey - How to Enable Oloid Session in the Tenant Admin Portal,https://oloid.help/en/articles/15420148-webkey-how-to-enable-oloid-session-in-the-tenant-admin-portal,published,2026-06-08 09:22:34,2026-07-10 08:33:13
344,Passwordless Authenticator,Credential Management,e4gi378c,13856872,Tenant Admin Portal - How to Generate Personal Passkey,https://oloid.help/en/articles/13856872-tenant-admin-portal-how-to-generate-personal-passkey,published,2026-02-25 07:50:47,2026-07-10 04:59:38
345,_Unassigned,_Unassigned,e4gi378c,15885104,Windows Login v2.0 – Complete Setup and User Guide,https://oloid.help/en/articles/15885104-windows-login-v2-0-complete-setup-and-user-guide,published,2026-07-09 06:27:52,2026-07-10 03:45:42
346,_Unassigned,_Unassigned,e4gi378c,15885350,Webkey - How to Create and Configure Factor Sequence,,draft,2026-07-09 07:25:22,2026-07-09 09:14:53
347,Passwordless Authenticator,Windows Login v2.0,e4gi378c,14634022,Windows Login v2.0 - Overview,https://oloid.help/en/articles/14634022-windows-login-v2-0-overview,published,2026-04-15 07:35:27,2026-07-09 07:16:06
348,Supporting Documents,Supporting Documents,e4gi378c,11583623,What's new in Oloid,https://oloid.help/en/articles/11583623-what-s-new-in-oloid,published,2025-06-16 14:33:01,2026-07-09 04:44:22
349,Passwordless Authenticator,Platform Configuration - WebKey,e4gi378c,10800135,Webkey - How to Configure Theme tab for Webkey Application in the Tenant Admin Portal,https://oloid.help/en/articles/10800135-webkey-how-to-configure-theme-tab-for-webkey-application-in-the-tenant-admin-portal,published,2025-03-17 08:43:04,2026-07-08 10:38:14
350,Oloid Platform - Enterprise Features,Create and Manage Users - Video Tutorials,e4gi378c,8154386,How to create a User in the Tenant Admin Portal - Video Tutorial,https://oloid.help/en/articles/8154386-how-to-create-a-user-in-the-tenant-admin-portal-video-tutorial,published,2023-07-20 10:12:38,2026-07-08 10:24:05
351,Oloid Platform - Enterprise Features,Create and Manage Users,e4gi378c,12889955,Tenant Admin Portal - How to View and Edit Vault Passkey (FIDO2 certificate),https://oloid.help/en/articles/12889955-tenant-admin-portal-how-to-view-and-edit-vault-passkey-fido2-certificate,published,2025-11-20 09:45:44,2026-07-08 09:21:02
352,Passwordless Authenticator,Credential Management,e4gi378c,13884713,Tenant Admin Portal - How to Log in to the Tenant Admin Portal using Oloid Passkey (Webkey) SSO,https://oloid.help/en/articles/13884713-tenant-admin-portal-how-to-log-in-to-the-tenant-admin-portal-using-oloid-passkey-webkey-sso,published,2026-02-27 06:07:05,2026-07-08 08:52:01
353,Passwordless Authenticator,Oloid Device Lock - Supporting Documents,e4gi378c,15642129,Oloid DeviceLock - Credential Onboarding,https://oloid.help/en/articles/15642129-oloid-devicelock-credential-onboarding,published,2026-06-25 03:59:49,2026-07-08 05:23:28
354,Passwordless Authenticator,Windows Login v1.0,e4gi378c,15442823,Windows Login - Credential Onboarding,https://oloid.help/en/articles/15442823-windows-login-credential-onboarding,published,2026-06-10 07:38:56,2026-07-02 04:30:08
355,Passwordless Authenticator,Windows Login v2.0,e4gi378c,15457971,Windows Login v2.0 - How to Enable Windows Post-login Module,https://oloid.help/en/articles/15457971-windows-login-v2-0-how-to-enable-windows-post-login-module,published,2026-06-11 09:02:19,2026-07-08 03:49:25
356,Passwordless Authenticator,Device Lock - Admin Mode,e4gi378c,12741589,DeviceLock App - How to assign a Badge for Users in the DeviceLock App through Admin Mode,https://oloid.help/en/articles/12741589-devicelock-app-how-to-assign-a-badge-for-users-in-the-devicelock-app-through-admin-mode,published,2025-11-04 09:26:10,2026-07-07 19:12:04
357,Oloid Verify/Connect,Oloid Verify/Connect Videos,e4gi378c,15857451,Oloid Verify - How to configure authentication in the Tenant Admin Portal - Video Tutorial,https://oloid.help/en/articles/15857451-oloid-verify-how-to-configure-authentication-in-the-tenant-admin-portal-video-tutorial,published,2026-07-07 08:52:15,2026-07-07 08:55:23
358,Oloid Verify/Connect,Oloid Verify/Connect Videos,e4gi378c,15857350,Oloid Verify - How to re-pair endpoint - Video Tutorial,https://oloid.help/en/articles/15857350-oloid-verify-how-to-re-pair-endpoint-video-tutorial,published,2026-07-07 08:34:51,2026-07-07 08:41:00
359,Oloid Verify/Connect,Oloid Verify/Connect Videos,e4gi378c,15857288,"Oloid Verify - How to view endpoint details, run health check, test network connectivity and share logs - Video Tutorial",https://oloid.help/en/articles/15857288-oloid-verify-how-to-view-endpoint-details-run-health-check-test-network-connectivity-and-share-logs-video-tutorial,published,2026-07-07 08:21:39,2026-07-07 08:26:41
360,Passwordless Authenticator,Platform Configuration - WebKey,e4gi378c,15733222,Webkey - How to Enable Personal Passkey in the Tenant Admin Portal,https://oloid.help/en/articles/15733222-webkey-how-to-enable-personal-passkey-in-the-tenant-admin-portal,published,2026-07-01 08:45:57,2026-07-07 08:15:18
361,Oloid Verify/Connect,Oloid Verify/Connect Videos,e4gi378c,15856788,Oloid Verify - How to authenticate using QR code as credential - Video Tutorial,https://oloid.help/en/articles/15856788-oloid-verify-how-to-authenticate-using-qr-code-as-credential-video-tutorial,published,2026-07-07 08:00:32,2026-07-07 08:05:51
362,Oloid Verify/Connect,Oloid Verify/Connect Videos,e4gi378c,15856672,Oloid Verify - How to authenticate using face as credential - Video Tutorial,https://oloid.help/en/articles/15856672-oloid-verify-how-to-authenticate-using-face-as-credential-video-tutorial,published,2026-07-07 07:42:15,2026-07-07 07:47:14
363,Oloid Verify/Connect,Oloid Verify/Connect Videos,e4gi378c,8206893,Oloid Verify - How to add a face from an endpoint using the OLOID Verify App - Video Tutorial,https://oloid.help/en/articles/8206893-oloid-verify-how-to-add-a-face-from-an-endpoint-using-the-oloid-verify-app-video-tutorial,published,2023-08-02 15:34:19,2026-07-07 07:29:28
364,Oloid Verify/Connect,Oloid Verify/Connect Videos,e4gi378c,8205351,Oloid Verify - How to login to the admin mode - Video Tutorial,https://oloid.help/en/articles/8205351-oloid-verify-how-to-login-to-the-admin-mode-video-tutorial,published,2023-08-02 09:53:24,2026-07-07 07:04:11
365,Passwordless Authenticator,Windows Login v2.0,e4gi378c,15516986,Windows Login v2.0 - How to Add Supervisor Note in Windows Alerts,https://oloid.help/en/articles/15516986-windows-login-v2-0-how-to-add-supervisor-note-in-windows-alerts,published,2026-06-16 09:36:19,2026-07-07 07:03:51
366,_Unassigned,_Unassigned,e4gi378c,15855980,Untitled public article,,draft,2026-07-07 06:49:14,2026-07-07 06:49:14
367,Oloid Chrome Vault,Chrome Vault - Getting Started,e4gi378c,15723979,Oloid Vault (Chrome / Chromium) - Credential Onboarding,https://oloid.help/en/articles/15723979-oloid-vault-chrome-chromium-credential-onboarding,published,2026-07-01 02:53:28,2026-07-01 08:45:38
368,Passwordless Authenticator,Windows Login v2.0,e4gi378c,15431849,Windows login 2.0 - How to Set User Cache Validity,https://oloid.help/en/articles/15431849-windows-login-2-0-how-to-set-user-cache-validity,published,2026-06-09 09:20:46,2026-07-06 05:28:32
369,Oloid Verify/Connect,Oloid Connect for iPhone,e4gi378c,14484092,Oloid Connect iPhone - Login Using PingOne SSO,https://oloid.help/en/articles/14484092-oloid-connect-iphone-login-using-pingone-sso,published,2026-04-08 09:59:36,2026-07-06 05:05:35
370,Oloid Verify/Connect,Getting Started with Oloid Verify App,e4gi378c,8644249,Oloid Verify - Network architecture,https://oloid.help/en/articles/8644249-oloid-verify-network-architecture,published,2023-11-28 11:02:48,2026-07-03 04:03:35
371,Oloid Verify/Connect,Oloid Verify - Installation &amp; Configuration,e4gi378c,8592228,Oloid Verify - How to Download and Install the App,https://oloid.help/en/articles/8592228-oloid-verify-how-to-download-and-install-the-app,published,2023-11-15 09:43:30,2026-07-02 04:23:54
372,Oloid Verify/Connect,Oloid Verify - User Guides,e4gi378c,10367869,Oloid Verify - How to View Punch Details,https://oloid.help/en/articles/10367869-oloid-verify-how-to-view-punch-details,published,2025-01-09 05:32:58,2026-07-02 04:23:01
373,Oloid Verify/Connect,Getting Started with Oloid Verify App,e4gi378c,14004067,Oloid Verify - Network URL Whitelisting Requirements,https://oloid.help/en/articles/14004067-oloid-verify-network-url-whitelisting-requirements,published,2026-03-09 07:12:54,2026-07-01 09:09:49
374,Passwordless Authenticator,Getting Started with WebKey,e4gi378c,15611548,Webkey - Credential Onboarding,https://oloid.help/en/articles/15611548-webkey-credential-onboarding,published,2026-06-24 03:51:31,2026-07-01 09:06:23
375,Oloid Verify/Connect,Oloid Verify -  Admin Guides,e4gi378c,10198654,Oloid Verify - How to Re-pair Endpoint,https://oloid.help/en/articles/10198654-oloid-verify-how-to-re-pair-endpoint,published,2024-11-26 04:05:35,2026-07-01 08:47:40
376,Oloid Verify/Connect,Oloid Verify -  Admin Guides,e4gi378c,8612537,Oloid Verify - How to test Network Connectivity Status on the endpoint,https://oloid.help/en/articles/8612537-oloid-verify-how-to-test-network-connectivity-status-on-the-endpoint,published,2023-11-21 11:01:04,2026-07-01 08:44:43
377,Oloid Verify/Connect,Oloid Verify -  Admin Guides,e4gi378c,10204617,Oloid Verify- How to update location permission on iPad,https://oloid.help/en/articles/10204617-oloid-verify-how-to-update-location-permission-on-ipad,published,2024-11-27 07:26:19,2026-07-01 08:42:16
378,Supervisor App,Getting Started with Supervisor App,e4gi378c,9037188,How to log in to Supervisor App,https://oloid.help/en/articles/9037188-how-to-log-in-to-supervisor-app,published,2024-03-06 10:50:38,2026-07-01 08:36:25
379,Oloid Verify/Connect,Oloid Verify -  Admin Guides,e4gi378c,8601170,Oloid Verify - How to Add Location to an Endpoint,https://oloid.help/en/articles/8601170-oloid-verify-how-to-add-location-to-an-endpoint,published,2023-11-17 12:21:39,2026-07-01 08:19:21
380,Passwordless Authenticator,Platform Configuration,e4gi378c,12157546,DeviceLock App - How to Assign NFC/ID for Users in the DeviceLock App through Admin Mode,https://oloid.help/en/articles/12157546-devicelock-app-how-to-assign-nfc-id-for-users-in-the-devicelock-app-through-admin-mode,published,2025-09-04 10:21:58,2026-06-30 08:48:07
381,Passwordless Authenticator,Device Lock - Admin Mode,e4gi378c,12741303,DeviceLock App - How to Assign QR Code for Users in the DeviceLock App through Admin Mode,https://oloid.help/en/articles/12741303-devicelock-app-how-to-assign-qr-code-for-users-in-the-devicelock-app-through-admin-mode,published,2025-11-04 08:08:37,2026-06-30 08:44:53
382,Passwordless Authenticator,Platform Configuration,e4gi378c,12156735,Oloid DeviceLock App - How to Add Face for Users in the DeviceLock App through Admin Mode,https://oloid.help/en/articles/12156735-oloid-devicelock-app-how-to-add-face-for-users-in-the-devicelock-app-through-admin-mode,published,2025-09-04 07:35:57,2026-06-30 08:42:57
383,Passwordless Authenticator,Platform Configuration,e4gi378c,12157257,DeviceLock App - How to assign a PIN for Users in the DeviceLock App through Admin Mode,https://oloid.help/en/articles/12157257-devicelock-app-how-to-assign-a-pin-for-users-in-the-devicelock-app-through-admin-mode,published,2025-09-04 09:25:30,2026-06-30 08:40:18
384,Passwordless Authenticator,User Guides - Windows Login,e4gi378c,14074958,Windows Login - How to Reset PIN in Windows Login Using Badge and Forgot PIN,https://oloid.help/en/articles/14074958-windows-login-how-to-reset-pin-in-windows-login-using-badge-and-forgot-pin,published,2026-03-16 04:19:32,2026-06-29 09:19:49
385,Passwordless Authenticator,User Guides - Windows Login,e4gi378c,13615607,Windows Application - How to Enroll Face and PIN Credentials through Windows Default Domain,https://oloid.help/en/articles/13615607-windows-application-how-to-enroll-face-and-pin-credentials-through-windows-default-domain,published,2026-02-04 06:10:34,2026-06-29 09:19:18
386,Oloid Platform - Enterprise Features,OKTA MFA - User Guide,e4gi378c,13374332,Windows Login - How to Login to Windows Device using NFC/ID and OKTA,https://oloid.help/en/articles/13374332-windows-login-how-to-login-to-windows-device-using-nfc-id-and-okta,published,2026-01-13 05:23:41,2026-06-29 09:17:44
387,Oloid Platform - Enterprise Features,PingOne MFA - User Guide,e4gi378c,13525939,Windows Login - How to Login to Windows Device using NFC/ID and PingOne,https://oloid.help/en/articles/13525939-windows-login-how-to-login-to-windows-device-using-nfc-id-and-pingone,published,2026-01-27 06:59:50,2026-06-29 09:17:25
388,Passwordless Authenticator,User Guides - Windows Login,e4gi378c,10956677,Windows Login - How to Create missing Windows Credential,https://oloid.help/en/articles/10956677-windows-login-how-to-create-missing-windows-credential,published,2025-03-27 07:00:35,2026-06-29 09:16:35
389,Passwordless Authenticator,User Guides - Windows Login,e4gi378c,10932990,Windows Login - How to Enroll Credentials,https://oloid.help/en/articles/10932990-windows-login-how-to-enroll-credentials,published,2025-03-26 05:10:52,2026-06-29 09:16:27
390,Passwordless Authenticator,User Guides - Windows Login,e4gi378c,9991972,Windows Login - How to Enroll Badge,https://oloid.help/en/articles/9991972-windows-login-how-to-enroll-badge,published,2024-10-14 09:19:42,2026-06-29 09:13:15
391,Passwordless Authenticator,User Guides - Windows Login,e4gi378c,8893874,Windows Login - How to log in to Windows device using Username and Face,https://oloid.help/en/articles/8893874-windows-login-how-to-log-in-to-windows-device-using-username-and-face,published,2024-02-01 03:52:44,2026-06-29 09:12:29
392,Passwordless Authenticator,User Guides - Windows Login,e4gi378c,10626849,Windows Login - How to log in to Windows device using QR Code,https://oloid.help/en/articles/10626849-windows-login-how-to-log-in-to-windows-device-using-qr-code,published,2025-02-24 10:08:37,2026-06-29 09:10:35
393,Passwordless Authenticator,User Guides - Windows Login,e4gi378c,8637172,Windows Login - How to log in to Windows device using Face,https://oloid.help/en/articles/8637172-windows-login-how-to-log-in-to-windows-device-using-face,published,2023-11-27 06:52:27,2026-06-29 09:10:01
394,Passwordless Authenticator,User Guides - Windows Login,e4gi378c,10627189,Windows Login - How to log in to Windows device using QR Code and PIN,https://oloid.help/en/articles/10627189-windows-login-how-to-log-in-to-windows-device-using-qr-code-and-pin,published,2025-02-24 10:42:40,2026-06-29 09:08:48
395,Passwordless Authenticator,User Guides - Windows Login,e4gi378c,8641938,Windows Login - How to log in to Windows device using Badge,https://oloid.help/en/articles/8641938-windows-login-how-to-log-in-to-windows-device-using-badge,published,2023-11-28 05:00:06,2026-06-29 09:07:53
396,Passwordless Authenticator,User Guides - Windows Login,e4gi378c,8893845,Windows Login - How to log in to Windows device using Badge and PIN,https://oloid.help/en/articles/8893845-windows-login-how-to-log-in-to-windows-device-using-badge-and-pin,published,2024-02-01 03:29:03,2026-06-29 09:07:28
397,Oloid Platform - Enterprise Features,Create and Manage Shared Credentials,e4gi378c,14750432,How to Send PIN to User via email in the Tenant Admin Portal,https://oloid.help/en/articles/14750432-how-to-send-pin-to-user-via-email-in-the-tenant-admin-portal,published,2026-04-24 04:40:41,2026-06-29 08:54:18
398,Passwordless Authenticator,Admin Guides- Windows Login,e4gi378c,14698260,Windows Login - How to Configure Badge ID for Windows Login,https://oloid.help/en/articles/14698260-windows-login-how-to-configure-badge-id-for-windows-login,published,2026-04-21 03:22:44,2026-06-29 08:53:15
399,Passwordless Authenticator,Admin Guides- Windows Login,e4gi378c,14015958,Windows Login - How to Enable Forgot PIN Link for Windows Login,https://oloid.help/en/articles/14015958-windows-login-how-to-enable-forgot-pin-link-for-windows-login,published,2026-03-10 08:25:03,2026-06-29 08:52:56
400,Passwordless Authenticator,Admin Guides- Windows Login,e4gi378c,13348724,Windows Login - How to Add a Group to Windows Shared Passwords,https://oloid.help/en/articles/13348724-windows-login-how-to-add-a-group-to-windows-shared-passwords,published,2026-01-09 08:41:11,2026-06-29 08:51:10
401,Passwordless Authenticator,Admin Guides- Windows Login,e4gi378c,12576484,Windows Login - How to apply Endpoint Template after Auto-pair for Windows Login in the Tenant Admin Portal,https://oloid.help/en/articles/12576484-windows-login-how-to-apply-endpoint-template-after-auto-pair-for-windows-login-in-the-tenant-admin-portal,published,2025-10-14 04:54:14,2026-06-29 08:50:38
402,Oloid Platform - Enterprise Features,PingOne MFA - Configuration Guides,e4gi378c,12888354,Windows Login - How to Enable PingOne Multi Factor Authentication (MFA) for Windows Login in the Tenant Admin Portal,https://oloid.help/en/articles/12888354-windows-login-how-to-enable-pingone-multi-factor-authentication-mfa-for-windows-login-in-the-tenant-admin-portal,published,2025-11-20 03:39:48,2026-06-29 08:48:53
403,Passwordless Authenticator,Admin Guides- Windows Login,e4gi378c,12266470,Windows Login - How to enable Windows Default Domain for Windows Login in the Tenant Admin Portal,https://oloid.help/en/articles/12266470-windows-login-how-to-enable-windows-default-domain-for-windows-login-in-the-tenant-admin-portal,published,2025-09-11 09:21:47,2026-06-29 08:48:37
404,Passwordless Authenticator,Admin Guides- Windows Login,e4gi378c,11484465,Windows Login - How to Enable and Configure NFC/ID Credential for Windows Login in Tenant Admin Portal,https://oloid.help/en/articles/11484465-windows-login-how-to-enable-and-configure-nfc-id-credential-for-windows-login-in-tenant-admin-portal,published,2025-05-30 09:55:56,2026-06-29 08:48:23
405,Oloid Platform - Enterprise Features,OKTA MFA - Configuration Guides,e4gi378c,12888385,Windows Login - How to Enable OKTA Multi-Factor Authentication (MFA) Credential for Windows Login in the Tenant Admin Portal,https://oloid.help/en/articles/12888385-windows-login-how-to-enable-okta-multi-factor-authentication-mfa-credential-for-windows-login-in-the-tenant-admin-portal,published,2025-11-20 03:49:56,2026-06-29 08:46:05
406,Passwordless Authenticator,Admin Guides- Windows Login,e4gi378c,12412511,Windows Login - How to enable Duo MFA credential for Windows Login in the Tenant Admin Portal,https://oloid.help/en/articles/12412511-windows-login-how-to-enable-duo-mfa-credential-for-windows-login-in-the-tenant-admin-portal,published,2025-09-25 06:33:46,2026-06-29 08:45:45
407,Passwordless Authenticator,Admin Guides- Windows Login,e4gi378c,11330684,Windows Login - Set up Preferred Machine Configuration for Windows Login,https://oloid.help/en/articles/11330684-windows-login-set-up-preferred-machine-configuration-for-windows-login,published,2025-05-09 07:04:01,2026-06-29 08:40:35
408,Passwordless Authenticator,Admin Guides- Windows Login,e4gi378c,11722938,Windows Login - How to configure PC/SC Badge configuration in the Tenant Admin Portal,https://oloid.help/en/articles/11722938-windows-login-how-to-configure-pc-sc-badge-configuration-in-the-tenant-admin-portal,published,2025-07-07 13:57:25,2026-06-29 08:40:11
409,Passwordless Authenticator,Admin Guides- Windows Login,e4gi378c,11507597,Windows Login - How to configure Password credential for Windows Login,https://oloid.help/en/articles/11507597-windows-login-how-to-configure-password-credential-for-windows-login,published,2025-06-04 05:45:45,2026-06-29 08:39:48
410,Passwordless Authenticator,Admin Guides- Windows Login,e4gi378c,11569086,Windows Login - Troubleshooting Auto-Config Pairing failure in Supervisor App,https://oloid.help/en/articles/11569086-windows-login-troubleshooting-auto-config-pairing-failure-in-supervisor-app,published,2025-06-13 08:50:54,2026-06-29 08:39:30
411,Passwordless Authenticator,Admin Guides- Windows Login,e4gi378c,11476775,Windows Login - How to Configure Face Credential for Windows Login in the Tenant Admin Portal,https://oloid.help/en/articles/11476775-windows-login-how-to-configure-face-credential-for-windows-login-in-the-tenant-admin-portal,published,2025-05-29 04:19:33,2026-06-29 08:39:16
412,Passwordless Authenticator,Admin Guides- Windows Login,e4gi378c,11274692,Windows Login - How to configure Badge Auth Source,https://oloid.help/en/articles/11274692-windows-login-how-to-configure-badge-auth-source,published,2025-05-07 04:15:55,2026-06-29 08:37:13
413,Passwordless Authenticator,Admin Guides- Windows Login,e4gi378c,10912821,Windows Login - How to enable Credential Updates and Enrollment for Windows Login,https://oloid.help/en/articles/10912821-windows-login-how-to-enable-credential-updates-and-enrollment-for-windows-login,published,2025-03-25 04:40:10,2026-06-29 08:34:44
414,Passwordless Authenticator,Admin Guides- Windows Login,e4gi378c,10900687,Windows Login - How to Enable Validate Windows Credential for Windows Login,https://oloid.help/en/articles/10900687-windows-login-how-to-enable-validate-windows-credential-for-windows-login,published,2025-03-24 08:44:33,2026-06-29 08:33:58
415,Passwordless Authenticator,Admin Guides- Windows Login,e4gi378c,10501612,Windows Login - How to create and configure Windows Login Endpoint Template in the Tenant Admin Portal,https://oloid.help/en/articles/10501612-windows-login-how-to-create-and-configure-windows-login-endpoint-template-in-the-tenant-admin-portal,published,2025-02-03 07:12:37,2026-06-29 08:29:06
416,Passwordless Authenticator,Admin Guides- Windows Login,e4gi378c,10449230,Windows Login - How to Install and Auto-Pair Windows Authenticator App through MDM,https://oloid.help/en/articles/10449230-windows-login-how-to-install-and-auto-pair-windows-authenticator-app-through-mdm,published,2025-01-23 08:51:16,2026-06-29 08:28:33
417,Passwordless Authenticator,Admin Guides- Windows Login,e4gi378c,9399762,Windows Login - How to configure rf IDEAS readers for NFC tag,https://oloid.help/en/articles/9399762-windows-login-how-to-configure-rf-ideas-readers-for-nfc-tag,published,2024-05-30 12:47:00,2026-06-29 08:25:19
418,Passwordless Authenticator,Admin Guides- Windows Login,e4gi378c,8512463,Windows Login - How to pair Windows Login endpoint from Supervisor App,https://oloid.help/en/articles/8512463-windows-login-how-to-pair-windows-login-endpoint-from-supervisor-app,published,2023-10-25 06:17:23,2026-06-29 08:25:05
419,Passwordless Authenticator,Admin Guides- Windows Login,e4gi378c,9446862,Windows Login - Credential set up using Oloid Platform,https://oloid.help/en/articles/9446862-windows-login-credential-set-up-using-oloid-platform,published,2024-06-10 04:14:35,2026-06-29 08:23:59
420,Passwordless Authenticator,Admin Guides- Windows Login,e4gi378c,9413193,Windows Login - Platform Configuration for initial Windows Login Set up,https://oloid.help/en/articles/9413193-windows-login-platform-configuration-for-initial-windows-login-set-up,published,2024-06-03 07:46:22,2026-06-29 08:23:02
421,_Unassigned,_Unassigned,e4gi378c,15680237,Windows Login - Platform Configuration,https://oloid.help/en/articles/15680237-windows-login-platform-configuration,published,2026-06-27 18:33:11,2026-06-27 18:35:25
422,Passwordless Authenticator,Windows Login - Supporting Documents,e4gi378c,10012056,Integration Guide for Tap-to-Login and Tap-Badge-to-Logout for Windows Native Apps,https://oloid.help/en/articles/10012056-integration-guide-for-tap-to-login-and-tap-badge-to-logout-for-windows-native-apps,published,2024-10-18 17:28:13,2024-10-18 17:29:26
423,Passwordless Authenticator,Windows Login - Supporting Documents,e4gi378c,14699959,Windows Passwordless Authenticator – Troubleshooting Guide,https://oloid.help/en/articles/14699959-windows-passwordless-authenticator-troubleshooting-guide,published,2026-04-21 06:38:55,2026-05-29 08:08:21
424,Passwordless Authenticator,Windows Login- Presence Detection Guides,e4gi378c,11142962,Windows Login App (Presence Detection) - Hardware and Software Requirements,https://oloid.help/en/articles/11142962-windows-login-app-presence-detection-hardware-and-software-requirements,published,2025-04-25 07:25:07,2026-06-04 09:17:19
425,Passwordless Authenticator,Windows Login v1 - Installation and Deployment,e4gi378c,10568115,"How to download, install, and configure Windows Authenticator App",https://oloid.help/en/articles/10568115-how-to-download-install-and-configure-windows-authenticator-app,published,2025-02-17 05:39:49,2025-04-04 06:45:18
426,Passwordless Authenticator,Admin Guides- Windows Login,e4gi378c,9382300,Setting up and using Windows Login,https://oloid.help/en/articles/9382300-setting-up-and-using-windows-login,published,2024-05-27 07:22:24,2025-01-31 10:17:19
427,Passwordless Authenticator,Windows Login v2.0,e4gi378c,15529405,Windows Login v2.0 - How to Deploy Windows Login v2.0 using Microsoft Configuration Manager (SCCM),https://oloid.help/en/articles/15529405-windows-login-v2-0-how-to-deploy-windows-login-v2-0-using-microsoft-configuration-manager-sccm,published,2026-06-17 05:43:31,2026-06-25 10:01:29
428,_Unassigned,_Unassigned,e4gi378c,15642958,Oloid Connect - How to Configure Workday Time Clock,,draft,2026-06-25 05:19:07,2026-06-25 09:44:20
429,Oloid Verify/Connect,Oloid Connect for iPhone,e4gi378c,15551392,Oloid Connect iPhone - Credential Onboarding,https://oloid.help/en/articles/15551392-oloid-connect-iphone-credential-onboarding,published,2026-06-18 09:22:08,2026-06-25 04:11:30
430,Oloid Verify/Connect,Oloid Verify - Credential Management,e4gi378c,15551337,Oloid Verify - Credential Onboarding,https://oloid.help/en/articles/15551337-oloid-verify-credential-onboarding,published,2026-06-18 09:12:15,2026-06-25 04:10:59
431,Oloid Verify/Connect,Oloid Connect - Credential Management,e4gi378c,15550032,Oloid Connect - Credential Onboarding,https://oloid.help/en/articles/15550032-oloid-connect-credential-onboarding,published,2026-06-18 06:40:49,2026-06-25 04:10:25
432,Oloid Verify/Connect,Oloid Connect Videos,e4gi378c,15617754,Oloid Connect iPhone - Login using PingOne SSO - Video Tutorial,https://oloid.help/en/articles/15617754-oloid-connect-iphone-login-using-pingone-sso-video-tutorial,published,2026-06-24 11:26:39,2026-06-24 11:32:12
433,Oloid Verify/Connect,Oloid Connect Videos,e4gi378c,15616809,Oloid Connect iPhone - Login using Microsoft SSO - Video Tutorial,https://oloid.help/en/articles/15616809-oloid-connect-iphone-login-using-microsoft-sso-video-tutorial,published,2026-06-24 10:58:20,2026-06-24 11:06:19
434,Oloid Verify/Connect,Oloid Verify - Installation &amp; Configuration,e4gi378c,8617034,Oloid Verify - Hardware and Software Requirements,https://oloid.help/en/articles/8617034-oloid-verify-hardware-and-software-requirements,published,2023-11-22 09:21:49,2026-06-24 06:51:42
435,Oloid Verify/Connect,Getting Started with Oloid Verify App,e4gi378c,7192999,What is Oloid Verify?,https://oloid.help/en/articles/7192999-what-is-oloid-verify,published,2023-03-27 03:59:29,2026-06-24 06:34:39
436,_Unassigned,_Unassigned,e4gi378c,15597538,iOS Vault - How to Download Auto Config File,,draft,2026-06-23 09:30:48,2026-06-23 09:43:33
437,Oloid Verify/Connect,Oloid Verify - Installation &amp; Configuration,e4gi378c,8616605,Oloid Verify - How to Pair an Endpoint,https://oloid.help/en/articles/8616605-oloid-verify-how-to-pair-an-endpoint,published,2023-11-22 05:50:00,2026-06-23 08:26:21
438,_Unassigned,_Unassigned,e4gi378c,15391903,Tenant Admin Portal - How to Create Data Mapper Table for Data Filter Inbound,https://oloid.help/en/articles/15391903-tenant-admin-portal-how-to-create-data-mapper-table-for-data-filter-inbound,published,2026-06-05 08:45:14,2026-06-23 08:15:04
439,_Unassigned,_Unassigned,e4gi378c,15441985,Tenant Admin Portal - How to Configure Data Mapper Table for Data Filter Inbound,https://oloid.help/en/articles/15441985-tenant-admin-portal-how-to-configure-data-mapper-table-for-data-filter-inbound,published,2026-06-10 05:41:58,2026-06-23 08:11:26
440,_Unassigned,_Unassigned,e4gi378c,15595157,Oloid Connect Passwordless - Credential Onboarding,,draft,2026-06-23 06:33:52,2026-06-23 06:34:33
441,Oloid Verify/Connect,Oloid Verify - Installation &amp; Configuration,e4gi378c,8601056,Oloid Verify - Admin Setup,https://oloid.help/en/articles/8601056-oloid-verify-admin-setup,published,2023-11-17 10:59:23,2026-06-22 05:44:39
442,Oloid Verify/Connect,Oloid Connect Videos,e4gi378c,15552220,Oloid Connect iPhone - Login Using Okta SSO - Video Tutorial,https://oloid.help/en/articles/15552220-oloid-connect-iphone-login-using-okta-sso-video-tutorial,published,2026-06-18 11:26:49,2026-06-18 11:32:19
443,_Unassigned,_Unassigned,e4gi378c,15431602,How to Download Google Wallet,,draft,2026-06-09 08:51:16,2026-06-18 08:45:11
444,Passwordless Authenticator,Windows Login v2.0,e4gi378c,13670102,"Windows Login v2.0 - How to Install, and Auto-Pair Windows Login v2.0 App",https://oloid.help/en/articles/13670102-windows-login-v2-0-how-to-install-and-auto-pair-windows-login-v2-0-app,published,2026-02-09 04:57:35,2026-06-18 07:13:56
445,Oloid Verify/Connect,Oloid Verify -  Admin Guides,e4gi378c,10367862,Oloid Verify - Login using Okta SSO,https://oloid.help/en/articles/10367862-oloid-verify-login-using-okta-sso,published,2025-01-09 05:27:42,2026-06-18 04:03:45
446,Oloid Verify/Connect,Oloid Verify -  Admin Guides,e4gi378c,10255679,Oloid Verify - Login using Microsoft SSO,https://oloid.help/en/articles/10255679-oloid-verify-login-using-microsoft-sso,published,2024-12-09 06:14:35,2026-06-18 04:02:31
447,Passwordless Authenticator,Windows Login v2.0,e4gi378c,15357528,Windows Login v2.0 - How to Deploy Windows Login v2.0 using Microsoft Intune (MDM),https://oloid.help/en/articles/15357528-windows-login-v2-0-how-to-deploy-windows-login-v2-0-using-microsoft-intune-mdm,published,2026-06-03 04:13:54,2026-06-17 11:18:30
448,Oloid Platform - Enterprise Features,Create and Manage Applications,e4gi378c,8693859,Webkey – How to Create and Configure a Webkey Application in Tenant Admin Portal,https://oloid.help/en/articles/8693859-webkey-how-to-create-and-configure-a-webkey-application-in-tenant-admin-portal,published,2023-12-11 10:13:42,2026-06-17 09:06:47
449,_Unassigned,_Unassigned,e4gi378c,15527869,Windows Login v2.0 - How to Deploy Windows Login v2.0 using Microsoft Configuration Manager (SCCM),,draft,2026-06-17 02:09:23,2026-06-17 05:43:35
450,_Unassigned,_Unassigned,e4gi378c,15529210,test for list,,draft,2026-06-17 05:01:18,2026-06-17 05:02:51
451,_Unassigned,_Unassigned,e4gi378c,14469123,How to Configure Advanced User Sync for ADP ETime - Inbound in the Tenant Admin Portal,https://oloid.help/en/articles/14469123-how-to-configure-advanced-user-sync-for-adp-etime-inbound-in-the-tenant-admin-portal,published,2026-04-07 08:21:20,2026-06-16 10:01:20
452,Oloid Verify/Connect,Oloid Connect- Admin Guides,e4gi378c,14493925,Oloid Connect - How to Configure   Screensaver in Tenant Admin Portal,https://oloid.help/en/articles/14493925-oloid-connect-how-to-configure-screensaver-in-tenant-admin-portal,published,2026-04-09 03:26:53,2026-06-16 08:53:35
453,_Unassigned,_Unassigned,e4gi378c,15501099,Windows Login 2.0 - How to Configure Post Oloid Login,,draft,2026-06-15 07:51:14,2026-06-15 08:33:07
454,_Unassigned,_Unassigned,e4gi378c,15500503,Windows 2.0 - How to Configure Post Login page for Windows Login,,draft,2026-06-15 06:42:23,2026-06-15 07:55:33
455,Passwordless Authenticator,Platform Configuration,e4gi378c,8698213,How to Create and Configure DeviceLock Application in the Tenant Admin Portal,https://oloid.help/en/articles/8698213-how-to-create-and-configure-devicelock-application-in-the-tenant-admin-portal,published,2023-12-12 10:48:04,2026-06-15 06:57:18
456,Oloid Verify/Connect,Oloid Connect- Admin Guides,e4gi378c,13866936,Oloid Connect - Login using Ping One SSO,https://oloid.help/en/articles/13866936-oloid-connect-login-using-ping-one-sso,published,2026-02-26 03:53:14,2026-06-12 09:58:08
457,Passwordless Authenticator,Videos - Windows Login 2.0,e4gi378c,15458774,Windows login v2.0 - How to set user cache validity - Video Tutorial,https://oloid.help/en/articles/15458774-windows-login-v2-0-how-to-set-user-cache-validity-video-tutorial,published,2026-06-11 10:33:03,2026-06-12 07:39:01
458,Passwordless Authenticator,Videos - Windows Login 2.0,e4gi378c,15477811,Windows Login v2.0 - How to download Windows Login v2.0 installer file from Tenant Admin Portal - Video Tutorial,https://oloid.help/en/articles/15477811-windows-login-v2-0-how-to-download-windows-login-v2-0-installer-file-from-tenant-admin-portal-video-tutorial,published,2026-06-12 07:39:17,2026-06-12 07:44:45
459,Oloid Chrome Vault,Chrome Vault - Getting Started,e4gi378c,15377381,Oloid Vault (Chrome / Chromium) – Network URL Whitelisting Requirements for PROD (EU) Environment,https://oloid.help/en/articles/15377381-oloid-vault-chrome-chromium-network-url-whitelisting-requirements-for-prod-eu-environment,published,2026-06-04 10:41:11,2026-06-12 05:36:00
460,Oloid Chrome Vault,Chrome Vault - Getting Started,e4gi378c,15377387,Oloid Vault (Chrome / Chromium) – Network URL Whitelisting Requirements for Preview/UAT Environment,https://oloid.help/en/articles/15377387-oloid-vault-chrome-chromium-network-url-whitelisting-requirements-for-preview-uat-environment,published,2026-06-04 10:41:21,2026-06-12 05:35:19
461,Oloid Chrome Vault,Chrome Vault - Getting Started,e4gi378c,15377374,Oloid Vault (Chrome / Chromium) – Network URL Whitelisting Requirements for PROD (US) Environment,https://oloid.help/en/articles/15377374-oloid-vault-chrome-chromium-network-url-whitelisting-requirements-for-prod-us-environment,published,2026-06-04 10:40:47,2026-06-12 05:30:37
462,Oloid Verify/Connect,Oloid Connect: Installation &amp; Configuration,e4gi378c,8592262,Oloid Connect - Admin Setup,https://oloid.help/en/articles/8592262-oloid-connect-admin-setup,published,2023-11-15 09:58:30,2026-06-12 03:41:01
463,Passwordless Authenticator,Videos - Windows Login 2.0,e4gi378c,15458617,Windows Login v2.0 - How to access Dev Dashboard - Video Tutorial,https://oloid.help/en/articles/15458617-windows-login-v2-0-how-to-access-dev-dashboard-video-tutorial,published,2026-06-11 10:20:23,2026-06-11 10:29:29
464,_Unassigned,_Unassigned,e4gi378c,15431547,How to Add Pass to Wallet,,draft,2026-06-09 08:38:26,2026-06-11 09:57:53
465,Passwordless Authenticator,Videos - Windows Login 2.0,e4gi378c,15443061,Untitled public article,,draft,2026-06-10 08:05:52,2026-06-10 08:05:52
466,Oloid Chrome Vault,Chrome Vault - Getting Started,e4gi378c,14106790,Oloid Vault (Chrome / Chromium) – Network URL Whitelisting Requirements,,draft,2026-03-18 07:49:25,2026-06-09 11:22:15
467,Passwordless Authenticator,Platform Configuration - WebKey,e4gi378c,15220838,Webkey - How to generate Auto-Pair config file for Webkey in Tenant Admin Portal,https://oloid.help/en/articles/15220838-webkey-how-to-generate-auto-pair-config-file-for-webkey-in-tenant-admin-portal,published,2026-05-22 05:51:25,2026-06-09 10:29:09
468,Passwordless Authenticator,Platform Configuration - WebKey,e4gi378c,13597272,Webkey - How to Enable Oloid (Webkey) SSO login,https://oloid.help/en/articles/13597272-webkey-how-to-enable-oloid-webkey-sso-login,published,2026-02-02 05:57:45,2026-06-09 10:27:48
469,Passwordless Authenticator,Platform Configuration - WebKey,e4gi378c,9545445,WebKey - How to configure Browser Fingerprint from Failed Transactions in the Tenant Admin Portal,https://oloid.help/en/articles/9545445-webkey-how-to-configure-browser-fingerprint-from-failed-transactions-in-the-tenant-admin-portal,published,2024-07-01 05:14:00,2026-06-09 10:26:48
470,Passwordless Authenticator,Platform Configuration - WebKey,e4gi378c,13175211,Webkey - How to Add a Device from Failed Transactions in the Tenant Admin Portal,https://oloid.help/en/articles/13175211-webkey-how-to-add-a-device-from-failed-transactions-in-the-tenant-admin-portal,published,2025-12-17 05:40:55,2026-06-09 10:25:29
471,Passwordless Authenticator,Platform Configuration - WebKey,e4gi378c,11494129,Webkey - How to configure QR Code credential for Webkey in the Tenant Admin Portal,https://oloid.help/en/articles/11494129-webkey-how-to-configure-qr-code-credential-for-webkey-in-the-tenant-admin-portal,published,2025-06-02 05:56:49,2026-06-09 10:24:22
472,Passwordless Authenticator,Platform Configuration - WebKey,e4gi378c,11494069,Webkey - How to configure Badge ID credential for Webkey in the Tenant Admin Portal,https://oloid.help/en/articles/11494069-webkey-how-to-configure-badge-id-credential-for-webkey-in-the-tenant-admin-portal,published,2025-06-02 05:22:46,2026-06-09 10:23:27
473,Passwordless Authenticator,Platform Configuration - WebKey,e4gi378c,11501228,Webkey - How to configure PIN credential for Webkey,https://oloid.help/en/articles/11501228-webkey-how-to-configure-pin-credential-for-webkey,published,2025-06-03 03:00:10,2026-06-09 10:22:30
474,Passwordless Authenticator,Platform Configuration - WebKey,e4gi378c,11659241,Webkey – How to Configure a Custom User Agent for Webkey,https://oloid.help/en/articles/11659241-webkey-how-to-configure-a-custom-user-agent-for-webkey,published,2025-06-26 05:39:19,2026-06-09 10:21:28
475,Passwordless Authenticator,Platform Configuration - WebKey,e4gi378c,11401191,Webkey – How to Link Webkey with an Identity Provider (IDP) in Tenant Admin Portal,https://oloid.help/en/articles/11401191-webkey-how-to-link-webkey-with-an-identity-provider-idp-in-tenant-admin-portal,published,2025-05-19 04:54:48,2026-06-09 10:20:34
476,Passwordless Authenticator,Platform Configuration - WebKey,e4gi378c,10469404,Webkey – How to Identify Spoofing in Webkey,https://oloid.help/en/articles/10469404-webkey-how-to-identify-spoofing-in-webkey,published,2025-01-27 09:32:07,2026-06-09 10:19:55
477,Passwordless Authenticator,Platform Configuration - WebKey,e4gi378c,10454903,Webkey - How to Configure Manual Face Capture for Webkey,https://oloid.help/en/articles/10454903-webkey-how-to-configure-manual-face-capture-for-webkey,published,2025-01-24 06:44:38,2026-06-09 10:19:23
478,Passwordless Authenticator,Platform Configuration - WebKey,e4gi378c,9351882,WebKey - Credential Setup,https://oloid.help/en/articles/9351882-webkey-credential-setup,published,2024-05-20 07:55:18,2026-06-09 10:18:19
479,Passwordless Authenticator,Platform Configuration - WebKey,e4gi378c,9285899,Webkey – How to Configure Platform Settings for Initial Webkey Setup,https://oloid.help/en/articles/9285899-webkey-how-to-configure-platform-settings-for-initial-webkey-setup,published,2024-05-06 07:35:25,2026-06-09 10:17:18
480,Passwordless Authenticator,Getting Started with WebKey,e4gi378c,9886273,Webkey - Camera Hardware Specification for Oloid's Passwordless Solution,https://oloid.help/en/articles/9886273-webkey-camera-hardware-specification-for-oloid-s-passwordless-solution,published,2024-09-17 05:34:11,2026-06-09 10:16:34
481,Passwordless Authenticator,Getting Started with WebKey,e4gi378c,8596237,Webkey – How to Set Up and Use Webkey,https://oloid.help/en/articles/8596237-webkey-how-to-set-up-and-use-webkey,published,2023-11-16 07:57:47,2026-06-09 10:15:49
482,Passwordless Authenticator,Getting Started with WebKey,e4gi378c,8607053,Webkey – How the Webkey Application Works,https://oloid.help/en/articles/8607053-webkey-how-the-webkey-application-works,published,2023-11-20 04:46:01,2026-06-09 10:14:48
483,Passwordless Authenticator,Getting Started with WebKey,e4gi378c,9277609,Webkey - Overview,https://oloid.help/en/articles/9277609-webkey-overview,published,2024-05-03 10:13:50,2026-06-09 10:13:29
484,Oloid Platform - Enterprise Features,Create and Manage Shared Passwords - Video Tutorials,e4gi378c,15432223,How to assign Vault Shared Password to users in the Tenant Admin Portal - Video Tutorial,https://oloid.help/en/articles/15432223-how-to-assign-vault-shared-password-to-users-in-the-tenant-admin-portal-video-tutorial,published,2026-06-09 09:55:23,2026-06-09 10:04:08
485,_Unassigned,_Unassigned,e4gi378c,15420412,Webkey - P4 Troubleshooting Guide,,draft,2026-06-08 09:57:02,2026-06-09 08:49:50
486,Passwordless Authenticator,Oloid Device Lock - Supporting Documents,e4gi378c,15390338,DeviceLock – Network URL Whitelisting Requirements for Preview/UAT Environment,https://oloid.help/en/articles/15390338-devicelock-network-url-whitelisting-requirements-for-preview-uat-environment,published,2026-06-05 06:09:22,2026-06-08 11:06:34
487,Passwordless Authenticator,Oloid Device Lock - Supporting Documents,e4gi378c,15390337,DeviceLock – Network URL Whitelisting Requirements for Prod (EU) Environment,https://oloid.help/en/articles/15390337-devicelock-network-url-whitelisting-requirements-for-prod-eu-environment,published,2026-06-05 06:09:01,2026-06-08 11:06:18
488,Passwordless Authenticator,Oloid Device Lock - Supporting Documents,e4gi378c,15390331,DeviceLock – Network URL Whitelisting Requirements for Prod (US) Environment,https://oloid.help/en/articles/15390331-devicelock-network-url-whitelisting-requirements-for-prod-us-environment,published,2026-06-05 06:08:14,2026-06-08 11:05:27
489,Oloid Verify/Connect,Getting Started with Oloid Connect App,e4gi378c,15392106,Oloid Connect – Network URL Whitelisting Requirements for Preview/UAT Environment,https://oloid.help/en/articles/15392106-oloid-connect-network-url-whitelisting-requirements-for-preview-uat-environment,published,2026-06-05 09:21:21,2026-06-05 10:34:17
490,Oloid Verify/Connect,Getting Started with Oloid Connect App,e4gi378c,15392070,Oloid Connect – Network URL Whitelisting Requirements for Prod (EU) Environment,https://oloid.help/en/articles/15392070-oloid-connect-network-url-whitelisting-requirements-for-prod-eu-environment,published,2026-06-05 09:15:24,2026-06-05 09:38:24
491,Oloid Verify/Connect,Getting Started with Oloid Connect App,e4gi378c,15392004,Oloid Connect – Network URL Whitelisting Requirements for Prod (US) Environment,https://oloid.help/en/articles/15392004-oloid-connect-network-url-whitelisting-requirements-for-prod-us-environment,published,2026-06-05 08:57:40,2026-06-05 09:38:16
492,Oloid Platform - Enterprise Features,Create and Manage Shared Passwords - Video Tutorials,e4gi378c,15393243,How to add a Group to Vault Shared Passwords in the Tenant Admin Portal - Video Tutorial,https://oloid.help/en/articles/15393243-how-to-add-a-group-to-vault-shared-passwords-in-the-tenant-admin-portal-video-tutorial,published,2026-06-05 10:54:12,2026-06-05 11:11:03
493,_Unassigned,_Unassigned,e4gi378c,14004108,Oloid Connect – Network URL Whitelisting Requirements,,draft,2026-03-09 07:18:31,2026-06-05 07:23:44
494,_Unassigned,_Unassigned,e4gi378c,14004118,Device Lock – Network URL Whitelisting Requirements,,draft,2026-03-09 07:20:39,2026-06-05 07:22:55
495,Windows Login (Healthcare ),Windows Login (Healthcare)-Video Tutorials,e4gi378c,15390935,Windows Login (Healthcare) - How to configure Two User Authentication workflow for Epic EHR in Tenant Admin Portal - Video Tutorial,https://oloid.help/en/articles/15390935-windows-login-healthcare-how-to-configure-two-user-authentication-workflow-for-epic-ehr-in-tenant-admin-portal-video-tutorial,published,2026-06-05 07:03:45,2026-06-05 07:11:17
496,Oloid Platform - Enterprise Features,Create and Manage Users - Video Tutorials,e4gi378c,11501378,How to add PIN as credential to users in the Tenant Admin Portal - Video Tutorial,https://oloid.help/en/articles/11501378-how-to-add-pin-as-credential-to-users-in-the-tenant-admin-portal-video-tutorial,published,2025-06-03 05:35:25,2026-06-05 06:58:18
497,Passwordless Authenticator,Windows Login v2.0,e4gi378c,15135914,Windows Login v2.0 - Network URL Whitelisting Requirements for PROD (EU) Environment,https://oloid.help/en/articles/15135914-windows-login-v2-0-network-url-whitelisting-requirements-for-prod-eu-environment,published,2026-05-15 12:50:34,2026-06-05 04:10:15
498,Passwordless Authenticator,Windows Login v1.0,e4gi378c,15132277,Windows Login 1.0 – Network URL Whitelisting Requirements for PROD (US) Environment,https://oloid.help/en/articles/15132277-windows-login-1-0-network-url-whitelisting-requirements-for-prod-us-environment,published,2026-05-15 11:14:34,2026-06-05 04:10:01
499,Passwordless Authenticator,Windows Login v1.0,e4gi378c,15130551,Windows Login v1.0 - Network URL Whitelisting Requirements for Preview/UAT Environment,https://oloid.help/en/articles/15130551-windows-login-v1-0-network-url-whitelisting-requirements-for-preview-uat-environment,published,2026-05-15 10:27:41,2026-06-05 04:09:25
500,Passwordless Authenticator,Windows Login v2.0,e4gi378c,15135602,Windows Login v2.0 - Network URL Whitelisting Requirements for PROD (US) Environment,https://oloid.help/en/articles/15135602-windows-login-v2-0-network-url-whitelisting-requirements-for-prod-us-environment,published,2026-05-15 12:42:19,2026-06-05 04:09:08
501,Passwordless Authenticator,Windows Login v1.0,e4gi378c,15132475,Windows Login 1.0 – Network URL Whitelisting Requirements for PROD (EU) Environment,https://oloid.help/en/articles/15132475-windows-login-1-0-network-url-whitelisting-requirements-for-prod-eu-environment,published,2026-05-15 11:20:26,2026-06-05 04:08:49
502,Passwordless Authenticator,Getting Started with WebKey,e4gi378c,15372908,Webkey – Network URL Whitelisting Requirements for PROD (EU) Environment,https://oloid.help/en/articles/15372908-webkey-network-url-whitelisting-requirements-for-prod-eu-environment,published,2026-06-04 05:07:33,2026-06-05 04:08:15
503,Passwordless Authenticator,Getting Started with WebKey,e4gi378c,15372883,Webkey – Network URL Whitelisting Requirements for PROD (US) Environment,https://oloid.help/en/articles/15372883-webkey-network-url-whitelisting-requirements-for-prod-us-environment,published,2026-06-04 05:01:14,2026-06-05 04:07:51
504,Passwordless Authenticator,Getting Started with WebKey,e4gi378c,15372920,Webkey – Network URL Whitelisting Requirements for Preview/UAT Environment,https://oloid.help/en/articles/15372920-webkey-network-url-whitelisting-requirements-for-preview-uat-environment,published,2026-06-04 05:10:06,2026-06-05 04:07:23
505,_Unassigned,_Unassigned,e4gi378c,14044724,Webkey – Network URL Whitelisting Requirements,,draft,2026-03-12 08:08:30,2026-06-04 09:23:16
506,Passwordless Authenticator,Windows Login v2.0,e4gi378c,13670511,Windows Login v2.0 - Hardware and Software Requirements,https://oloid.help/en/articles/13670511-windows-login-v2-0-hardware-and-software-requirements,published,2026-02-09 06:54:45,2026-06-04 09:19:25
507,Passwordless Authenticator,Windows Login v1.0,e4gi378c,10419365,Windows Login v1.0 - Hardware and Software Requirements,https://oloid.help/en/articles/10419365-windows-login-v1-0-hardware-and-software-requirements,published,2025-01-17 06:29:05,2026-06-04 09:18:48
508,_Unassigned,_Unassigned,e4gi378c,15081194,Setting up and usingWindows Login v 2.0,,draft,2026-05-13 11:20:53,2026-06-03 07:34:06
509,Supervisor App,Installation and Configuration of Supervisor App,e4gi378c,9637781,Windows Login - How to pair Supervisor App using auto-pair config file option,https://oloid.help/en/articles/9637781-windows-login-how-to-pair-supervisor-app-using-auto-pair-config-file-option,published,2024-07-22 04:16:50,2026-06-03 05:37:33
510,_Unassigned,_Unassigned,e4gi378c,15357693,Tenant Admin Portal - How to send invite to Add Pass to Wallet,,draft,2026-06-03 05:00:26,2026-06-03 05:01:52
511,Passwordless Authenticator,Platform Configuration,e4gi378c,10009894,Tenant Admin Portal - How to Configure Theme Tab for DeviceLock App,https://oloid.help/en/articles/10009894-tenant-admin-portal-how-to-configure-theme-tab-for-devicelock-app,published,2024-10-18 05:45:55,2026-06-02 11:03:00
512,Oloid Chrome Vault,Chrome Vault - User Guides,e4gi378c,14778605,Oloid Vault (Chrome / Chromium) - How to Log In with QR Code,https://oloid.help/en/articles/14778605-oloid-vault-chrome-chromium-how-to-log-in-with-qr-code,published,2026-04-27 04:40:28,2026-04-28 10:11:51
513,Oloid Platform - Enterprise Features,Create and Manage Consent Documents,e4gi378c,13407101,How to Change Consent Template of a Connection,https://oloid.help/en/articles/13407101-how-to-change-consent-template-of-a-connection,published,2026-01-16 10:23:48,2026-06-01 05:33:59
514,Passwordless Authenticator,Passwordless Authenticator- Supporting Documents,e4gi378c,8463554,User Onboarding for Oloid Portal,https://oloid.help/en/articles/8463554-user-onboarding-for-oloid-portal,published,2023-10-11 10:08:59,2026-05-29 05:36:22
515,Oloid Platform - Enterprise Features,Create and Manage Users - Video Tutorials,e4gi378c,8249060,How to add bluetooth as credential to users - Video Tutorial,,draft,2023-08-11 11:33:25,2026-05-29 05:16:26
516,_Unassigned,_Unassigned,e4gi378c,9711471,Supervisor Portal - How to delete Bluetooth Credential of Users in a Connection,,draft,2024-08-07 08:40:33,2026-05-29 05:15:40
517,Oloid Platform - Enterprise Features,Create and Manage Connections,e4gi378c,8730917,How to create Bluetooth credential for Users in a connections in the Tenant Admin Portal,,draft,2023-12-21 09:43:42,2026-05-29 05:15:00
518,Oloid Platform - Enterprise Features,Create and Manage Users,e4gi378c,8290168,How to assign Badge ID and create Bluetooth credentials,,draft,2023-08-24 06:27:27,2026-05-29 05:14:07
519,_Unassigned,_Unassigned,e4gi378c,9716833,Supervisor Portal - How to assign Badge ID and create Bluetooth credentials,,draft,2024-08-08 08:11:25,2026-05-29 05:13:17
520,_Unassigned,_Unassigned,e4gi378c,9669712,Supervisor Portal - How to add Bluetooth as credential to User,,draft,2024-07-29 12:02:08,2026-05-29 05:12:31
521,Supervisor Portal,Supervisor Portal - Create &amp; Manage Endpoints,e4gi378c,11494143,How to create Windows Login endpoint in Supervisor Portal,,draft,2025-06-02 06:04:28,2026-05-28 10:02:53
522,Oloid Platform - Enterprise Features,Create and Manage Endpoints,e4gi378c,8778331,How to download endpoint config file for Windows Login,,draft,2024-01-05 09:29:06,2026-05-28 10:02:21
523,Oloid Platform - Enterprise Features,Create and Manage Shared Credentials,e4gi378c,8543917,Tenant Admin Portal - How to associate users with Window Shared credentials in the Tenant Admin Portal,https://oloid.help/en/articles/8543917-tenant-admin-portal-how-to-associate-users-with-window-shared-credentials-in-the-tenant-admin-portal,published,2023-11-02 05:49:45,2026-05-28 09:37:42
524,_Unassigned,_Unassigned,e4gi378c,14663958,Enable OloID Account for a Connection,,draft,2026-04-17 06:56:22,2026-05-28 09:01:40
525,Passwordless Authenticator,Windows Login v2.0,e4gi378c,15068049,Windows Login v2.0 - Feature-to-Capability Mapping,https://oloid.help/en/articles/15068049-windows-login-v2-0-feature-to-capability-mapping,published,2026-05-12 08:11:55,2026-05-28 04:21:37
526,Passwordless Authenticator,Windows Login v2.0,e4gi378c,15069295,Windows Login v2.0 - How to download Windows Login v2.0 installer file from Tenant Admin Portal,https://oloid.help/en/articles/15069295-windows-login-v2-0-how-to-download-windows-login-v2-0-installer-file-from-tenant-admin-portal,published,2026-05-12 11:00:21,2026-05-28 04:14:03
527,Passwordless Authenticator,Windows Login v2.0,e4gi378c,14796550,Windows Login v2.0 - How to access Dev Dashboard,https://oloid.help/en/articles/14796550-windows-login-v2-0-how-to-access-dev-dashboard,published,2026-04-28 03:26:46,2026-05-28 04:12:18
528,Oloid Chrome Vault,Chrome Vault - Admin Guides,e4gi378c,15202831,Oloid Vault (Chrome / Chromium)- How to Generate and Download Auto-Pair Config File in the Tenant Admin Portal,https://oloid.help/en/articles/15202831-oloid-vault-chrome-chromium-how-to-generate-and-download-auto-pair-config-file-in-the-tenant-admin-portal,published,2026-05-21 09:23:23,2026-05-26 06:48:00
529,_Unassigned,_Unassigned,e4gi378c,10568102,Setting up and using Oloid Verify,,draft,2025-02-17 05:30:49,2025-02-20 10:17:32
530,Passwordless Authenticator,Windows Login v2.0,e4gi378c,15201297,Windows Login v2.0 - How to Deploy Windows Login v2.0 using ManageEngine Endpoint Central (MDM),https://oloid.help/en/articles/15201297-windows-login-v2-0-how-to-deploy-windows-login-v2-0-using-manageengine-endpoint-central-mdm,published,2026-05-21 05:25:19,2026-05-26 05:56:42
531,_Unassigned,_Unassigned,e4gi378c,14106952,Windows Login 1.0 – Network URL Whitelisting Requirements,,draft,2026-03-18 08:20:15,2026-05-26 05:27:50
532,Passwordless Authenticator,Admin Guides - Oloid Connect for Passwordless,e4gi378c,9784753,Setting up and using Oloid Connect for Passwordless,https://oloid.help/en/articles/9784753-setting-up-and-using-oloid-connect-for-passwordless,published,2024-08-26 05:44:51,2026-03-13 06:52:09
533,_Unassigned,_Unassigned,e4gi378c,12553974,Setting up and using Oloid Connect for iPhone,,draft,2025-10-10 05:32:23,2025-11-04 04:31:47
534,_Unassigned,_Unassigned,e4gi378c,10597390,Setting up and using Oloid Connect,,draft,2025-02-20 04:55:30,2025-02-21 05:14:22
535,Windows Login (Healthcare ),Windows Login (Healthcare) - Overview and Setup,e4gi378c,13842721,Windows Login (Healthcare)- What is Oloid’s Epic EHR,,draft,2026-02-24 08:23:23,2026-05-25 05:51:42
536,_Unassigned,_Unassigned,e4gi378c,14086363,RN - Draft,,draft,2026-03-17 10:24:43,2026-05-22 09:14:27
537,_Unassigned,_Unassigned,e4gi378c,15223262,MDM Manage Engine,https://oloid.help/en/articles/15223262-mdm-manage-engine,published,2026-05-22 08:34:18,2026-05-22 08:34:49
538,Oloid Platform - Enterprise Features,Create and Manage Groups,e4gi378c,8311585,Tenant Admin Portal - How to Configure Group,https://oloid.help/en/articles/8311585-tenant-admin-portal-how-to-configure-group,published,2023-08-30 10:12:14,2026-05-22 05:32:21
539,Oloid Platform - Enterprise Features,Create and Manage Shared Credentials,e4gi378c,15053580,How to assign Vault Shared Password to Users in the Tenant Admin Portal,https://oloid.help/en/articles/15053580-how-to-assign-vault-shared-password-to-users-in-the-tenant-admin-portal,published,2026-05-11 09:09:27,2026-05-22 04:56:51
540,Oloid Platform - Enterprise Features,Create and Manage Shared Credentials,e4gi378c,15053887,How to Add a Group to Vault Shared Passwords in the Tenant Admin Portal,https://oloid.help/en/articles/15053887-how-to-add-a-group-to-vault-shared-passwords-in-the-tenant-admin-portal,published,2026-05-11 10:00:52,2026-05-22 04:52:11
541,Oloid Platform - Enterprise Features,Create and Manage Shared Credentials,e4gi378c,15053825,How to add password owners for Vault Shared password in the Tenant Admin Portal,https://oloid.help/en/articles/15053825-how-to-add-password-owners-for-vault-shared-password-in-the-tenant-admin-portal,published,2026-05-11 09:48:33,2026-05-22 04:49:49
542,Oloid Platform - Enterprise Features,Create and Manage Shared Credentials,e4gi378c,15053473,How to Configure Vault Shared Passwords in the Tenant Admin Portal,https://oloid.help/en/articles/15053473-how-to-configure-vault-shared-passwords-in-the-tenant-admin-portal,published,2026-05-11 08:55:00,2026-05-22 04:44:28
543,Oloid Platform - Enterprise Features,Create and Manage Endpoints,e4gi378c,8320322,How to add an endpoint for Oloid Verify/Connect in Oloid Platform,,draft,2023-09-01 07:50:41,2026-05-22 04:18:53
544,_Unassigned,_Unassigned,e4gi378c,15201369,Tenant Admin Portal - How to Configure Advanced User Sync for ADP Workforce Now - Inbound,,draft,2026-05-21 05:42:19,2026-05-21 08:14:12
545,_Unassigned,_Unassigned,e4gi378c,15201318,Tenant Admin Portal - How to Create Advanced User Sync for ADP Workforce Now Inbound,https://oloid.help/en/articles/15201318-tenant-admin-portal-how-to-create-advanced-user-sync-for-adp-workforce-now-inbound,published,2026-05-21 05:32:04,2026-05-21 08:00:41
546,Windows Login (Healthcare ),Windows Login (Healthcare)-Video Tutorials,e4gi378c,15164353,Windows Login (Healthcare) - How to switch user within Epic Hyperspace using Badge - Video Tutorial,https://oloid.help/en/articles/15164353-windows-login-healthcare-how-to-switch-user-within-epic-hyperspace-using-badge-video-tutorial,published,2026-05-18 10:52:54,2026-05-21 06:00:15
547,Windows Login (Healthcare ),Windows Login (Healthcare)-Video Tutorials,e4gi378c,15189584,Windows Login (Healthcare) - How to configure 'Reauthenticate Current User' for Epic EHR in Tenant Admin Portal - Video Tutorial,https://oloid.help/en/articles/15189584-windows-login-healthcare-how-to-configure-reauthenticate-current-user-for-epic-ehr-in-tenant-admin-portal-video-tutorial,published,2026-05-20 09:30:10,2026-05-21 05:59:44
548,Oloid Platform - Enterprise Features,Create and Manage Users,e4gi378c,8290028,How to add Bluetooth as credential to users,,draft,2023-08-24 04:39:12,2026-05-20 12:26:14
549,Passwordless Authenticator,Windows Login v2.0,e4gi378c,14730405,Windows 2.0 Network Whitelisting Requirements,https://oloid.help/en/articles/14730405-windows-2-0-network-whitelisting-requirements,published,2026-04-22 23:37:03,2026-05-20 08:28:28
550,Windows Login (Healthcare ),Windows Login (Healthcare)- Reauthentication and User Switching,e4gi378c,14780338,Windows Login (Healthcare) - How to Use Reauthenticate Current User Editable Tab in Epic Hyperspace using Badge ID + PIN,https://oloid.help/en/articles/14780338-windows-login-healthcare-how-to-use-reauthenticate-current-user-editable-tab-in-epic-hyperspace-using-badge-id-pin,published,2026-04-27 08:35:23,2026-05-20 06:30:08
551,Windows Login (Healthcare ),Windows Login (Healthcare)- Reauthentication and User Switching,e4gi378c,14752988,Windows Login (Healthcare) - How to Use Reauthenticate Current User Tab using Badge ID in Epic Hyperspace,https://oloid.help/en/articles/14752988-windows-login-healthcare-how-to-use-reauthenticate-current-user-tab-using-badge-id-in-epic-hyperspace,published,2026-04-24 08:35:56,2026-05-20 06:28:50
552,Windows Login (Healthcare ),Windows Login (Healthcare)- Reauthentication and User Switching,e4gi378c,14753012,Windows Login (Healthcare) - How to Use the Reauthenticate Current User - Second Factor Tab in Epic EHR,https://oloid.help/en/articles/14753012-windows-login-healthcare-how-to-use-the-reauthenticate-current-user-second-factor-tab-in-epic-ehr,published,2026-04-24 08:39:33,2026-05-20 06:28:33
553,Oloid Chrome Vault,Chrome Vault - Accounts &amp; Settings,e4gi378c,14075018,Oloid Vault (Chrome / Chromium) - How to Lock the Browser,https://oloid.help/en/articles/14075018-oloid-vault-chrome-chromium-how-to-lock-the-browser,published,2026-03-16 04:35:20,2026-05-20 04:31:07
554,_Unassigned,_Unassigned,e4gi378c,15174524,Tenant Admin Portal - How to Configure Data Mapper Table for ADP Workforce Now Inbound,https://oloid.help/en/articles/15174524-tenant-admin-portal-how-to-configure-data-mapper-table-for-adp-workforce-now-inbound,published,2026-05-19 06:38:00,2026-05-19 09:02:42
555,_Unassigned,_Unassigned,e4gi378c,15174007,Tenant Admin Portal - How to Create Data Mapper Table for ADP Workforce Now Inbound,https://oloid.help/en/articles/15174007-tenant-admin-portal-how-to-create-data-mapper-table-for-adp-workforce-now-inbound,published,2026-05-19 05:36:46,2026-05-19 09:01:48
556,Windows Login (Healthcare ),Windows Login (Healthcare)-Video Tutorials,e4gi378c,15128906,Windows Login (Healthcare) - How to reauthenticate current user editable in Epic Hyperspace using Badge ID + PIN - Video Tutorial,https://oloid.help/en/articles/15128906-windows-login-healthcare-how-to-reauthenticate-current-user-editable-in-epic-hyperspace-using-badge-id-pin-video-tutorial,published,2026-05-15 08:34:06,2026-05-19 06:38:25
557,Oloid Platform - Enterprise Features,Getting Started,e4gi378c,15128271,Platform Portal and User Portal – Network URL Whitelisting Requirements for Preview/UAT Environment,https://oloid.help/en/articles/15128271-platform-portal-and-user-portal-network-url-whitelisting-requirements-for-preview-uat-environment,published,2026-05-15 06:50:28,2026-05-18 05:24:34
558,Oloid Platform - Enterprise Features,Getting Started,e4gi378c,15128135,Platform Portal and User Portal – Network URL Whitelisting Requirements for PROD (EU) Environment,https://oloid.help/en/articles/15128135-platform-portal-and-user-portal-network-url-whitelisting-requirements-for-prod-eu-environment,published,2026-05-15 06:35:43,2026-05-18 05:24:07
559,Oloid Platform - Enterprise Features,Getting Started,e4gi378c,15128788,Platform Portal and User Portal – Network URL Whitelisting Requirements for PROD (US) Environment,https://oloid.help/en/articles/15128788-platform-portal-and-user-portal-network-url-whitelisting-requirements-for-prod-us-environment,published,2026-05-15 08:11:34,2026-05-18 05:23:45
560,Windows Login (Healthcare ),Windows Login (Healthcare)-Video Tutorials,e4gi378c,15052221,Windows Login (Healthcare) - How to reauthenticate current user using Badge ID in Epic Hyperspace - Video Tutorial,https://oloid.help/en/articles/15052221-windows-login-healthcare-how-to-reauthenticate-current-user-using-badge-id-in-epic-hyperspace-video-tutorial,published,2026-05-11 06:23:53,2026-05-18 10:52:39
561,_Unassigned,_Unassigned,e4gi378c,15164335,Untitled public article,,draft,2026-05-18 10:51:05,2026-05-18 10:51:05
562,Oloid Platform - Enterprise Features,Advanced User Sync,e4gi378c,14468948,How to Create Advanced User Sync for ADP ETime Inbound in the Tenant Admin Portal,https://oloid.help/en/articles/14468948-how-to-create-advanced-user-sync-for-adp-etime-inbound-in-the-tenant-admin-portal,published,2026-04-07 08:01:36,2026-04-29 04:21:54
563,Oloid Platform - Enterprise Features,Data Tables,e4gi378c,14468403,How to Configure Data Mapper Table for ADP ETime Inbound in the Tenant Admin Portal,https://oloid.help/en/articles/14468403-how-to-configure-data-mapper-table-for-adp-etime-inbound-in-the-tenant-admin-portal,published,2026-04-07 05:59:16,2026-04-29 04:25:25
564,Oloid Platform - Enterprise Features,Data Tables,e4gi378c,14468332,How to Create Data Mapper Table for ADP ETime Inbound in the Tenant Admin Portal,https://oloid.help/en/articles/14468332-how-to-create-data-mapper-table-for-adp-etime-inbound-in-the-tenant-admin-portal,published,2026-04-07 05:37:33,2026-04-07 05:59:01
565,Windows Login (Healthcare ),Windows Login (Healthcare)- Reauthentication and User Switching,e4gi378c,14836306,Windows Login (Healthcare) - How to Switch User + Sign Out of Windows using Badge out in Epic Hyperspace,https://oloid.help/en/articles/14836306-windows-login-healthcare-how-to-switch-user-sign-out-of-windows-using-badge-out-in-epic-hyperspace,published,2026-04-30 07:21:22,2026-05-15 06:25:09
566,Windows Login (Healthcare ),Windows Login (Healthcare) - Tenant Admin Configuration,e4gi378c,13714282,Windows Login (Healthcare) - How to Configure Epic EHR in the Tenant Admin Portal,https://oloid.help/en/articles/13714282-windows-login-healthcare-how-to-configure-epic-ehr-in-the-tenant-admin-portal,published,2026-02-12 10:19:35,2026-05-15 06:01:38
567,Windows Login (Healthcare ),Windows Login (Healthcare) - Tenant Admin Configuration,e4gi378c,15100167,Windows Login (Healthcare) - How to Configure Reauthenticate Current User for Epic EHR in Tenant Admin Portal,https://oloid.help/en/articles/15100167-windows-login-healthcare-how-to-configure-reauthenticate-current-user-for-epic-ehr-in-tenant-admin-portal,published,2026-05-14 08:49:44,2026-05-15 05:41:46
568,Windows Login (Healthcare ),Windows Login (Healthcare) - Tenant Admin Configuration,e4gi378c,14650126,Windows Login (Healthcare) - How to Configure Reauthentication Workflow for Epic EHR in Tenant Admin Portal,https://oloid.help/en/articles/14650126-windows-login-healthcare-how-to-configure-reauthentication-workflow-for-epic-ehr-in-tenant-admin-portal,published,2026-04-16 03:28:37,2026-05-15 05:41:31
569,Windows Login (Healthcare ),Windows Login (Healthcare) - Tenant Admin Configuration,e4gi378c,15103078,Windows Login (Healthcare) - How to Configure Reauthenticate Current User - Second Factor in Tenant Admin Portal,https://oloid.help/en/articles/15103078-windows-login-healthcare-how-to-configure-reauthenticate-current-user-second-factor-in-tenant-admin-portal,published,2026-05-14 10:02:54,2026-05-15 05:39:48
570,Windows Login (Healthcare ),Windows Login (Healthcare) - Tenant Admin Configuration,e4gi378c,15102516,Windows Login (Healthcare) - How to Enable Current User Editable for Epic EHR in Tenant Admin Portal,https://oloid.help/en/articles/15102516-windows-login-healthcare-how-to-enable-current-user-editable-for-epic-ehr-in-tenant-admin-portal,published,2026-05-14 09:48:46,2026-05-15 05:34:49
571,Windows Login (Healthcare ),Windows Login (Healthcare) - Overview and Setup,e4gi378c,14798622,Windows Login (Healthcare) - Hardware and Software Requirements,https://oloid.help/en/articles/14798622-windows-login-healthcare-hardware-and-software-requirements,published,2026-04-28 04:30:38,2026-05-15 05:33:39
572,Windows Login (Healthcare ),Windows Login (Healthcare) - Overview and Setup,e4gi378c,13713819,Windows Login (Healthcare) - How to Download and Install Windows Login App,https://oloid.help/en/articles/13713819-windows-login-healthcare-how-to-download-and-install-windows-login-app,published,2026-02-12 08:46:58,2026-05-15 05:01:22
573,Windows Login (Healthcare ),Windows Login (Healthcare) - Epic Login Workflows,e4gi378c,13903549,Windows Login (Healthcare)-Two User Authentication using Badge ID in Epic Hyperspace,https://oloid.help/en/articles/13903549-windows-login-healthcare-two-user-authentication-using-badge-id-in-epic-hyperspace,published,2026-03-02 05:52:02,2026-05-07 08:39:11
574,Windows Login (Healthcare ),Windows Login (Healthcare)- Reauthentication and User Switching,e4gi378c,14817588,Windows Login (Healthcare) - How to Switch User within Epic Hyperspace using Badge,https://oloid.help/en/articles/14817588-windows-login-healthcare-how-to-switch-user-within-epic-hyperspace-using-badge,published,2026-04-29 09:05:19,2026-04-30 11:32:52
575,Windows Login (Healthcare ),Windows Login (Healthcare) - Tenant Admin Configuration,e4gi378c,15099661,Windows Login (Healthcare) - How to Configure Two User Authentication Workflow for Epic EHR in Tenant Admin Portal,https://oloid.help/en/articles/15099661-windows-login-healthcare-how-to-configure-two-user-authentication-workflow-for-epic-ehr-in-tenant-admin-portal,published,2026-05-14 08:36:42,2026-05-15 04:41:16
576,Windows Login (Healthcare ),Windows Login (Healthcare)-Video Tutorials,e4gi378c,14780782,Windows Login (Healthcare)- How to log in to Epic Hyperspace using Badge ID + PIN when Epic SSO is not enabled.,https://oloid.help/en/articles/14780782-windows-login-healthcare-how-to-log-in-to-epic-hyperspace-using-badge-id-pin-when-epic-sso-is-not-enabled,published,2026-04-27 09:25:58,2026-05-07 08:37:11
577,Windows Login (Healthcare ),Windows Login (Healthcare) - Epic Login Workflows,e4gi378c,14837592,Windows Login (Healthcare)- How to log in to Epic Hyperspace using Badge ID + PIN when Epic SSO is enabled.,https://oloid.help/en/articles/14837592-windows-login-healthcare-how-to-log-in-to-epic-hyperspace-using-badge-id-pin-when-epic-sso-is-enabled,published,2026-04-30 09:33:22,2026-05-07 08:38:30
578,Oloid Chrome Vault,Chrome Vault - Installation &amp; Configuration,e4gi378c,12636504,Oloid Vault (Chrome / Chromium) - How Configure Endpoint Templates in the Tenant Admin Portal,https://oloid.help/en/articles/12636504-oloid-vault-chrome-chromium-how-configure-endpoint-templates-in-the-tenant-admin-portal,published,2025-10-22 05:02:22,2026-05-14 10:01:02
579,Oloid Chrome Vault,Chrome Vault - Admin Guides,e4gi378c,12458180,Oloid Vault (Chrome / Chromium) - How to Update Authenticator tab in the Tenant Admin Portal,https://oloid.help/en/articles/12458180-oloid-vault-chrome-chromium-how-to-update-authenticator-tab-in-the-tenant-admin-portal,published,2025-09-30 09:20:18,2026-05-14 09:58:29
580,Oloid Chrome Vault,Chrome Vault - Admin Guides,e4gi378c,12457063,Oloid Vault (Chrome / Chromium) - How to Update Details tab in the Tenant Admin Portal,https://oloid.help/en/articles/12457063-oloid-vault-chrome-chromium-how-to-update-details-tab-in-the-tenant-admin-portal,published,2025-09-30 05:02:40,2026-05-14 09:55:59
581,Oloid Chrome Vault,Chrome Vault - Accounts &amp; Settings,e4gi378c,13284463,Oloid Vault (Chrome / Chromium) - How to Add Vault Shared Password for a User in the Tenant Admin Portal,https://oloid.help/en/articles/13284463-oloid-vault-chrome-chromium-how-to-add-vault-shared-password-for-a-user-in-the-tenant-admin-portal,published,2026-01-05 08:34:50,2026-05-14 09:51:43
582,Oloid Chrome Vault,Chrome Vault- Platform Configuration,e4gi378c,9814095,Oloid Vault (Chrome / Chromium) - How to Enable Password Autofill for Multi-Domain in the Tenant Admin Portal,https://oloid.help/en/articles/9814095-oloid-vault-chrome-chromium-how-to-enable-password-autofill-for-multi-domain-in-the-tenant-admin-portal,published,2024-09-02 15:11:42,2026-05-14 09:46:19
583,Windows Login (Healthcare ),Windows Login (Healthcare) - Tenant Admin Configuration,e4gi378c,13713982,Windows Login (Healthcare) - How to Enable Epic SSO in the Tenant Admin Portal,https://oloid.help/en/articles/13713982-windows-login-healthcare-how-to-enable-epic-sso-in-the-tenant-admin-portal,published,2026-02-12 09:23:24,2026-04-30 09:38:27
584,Windows Login (Healthcare ),Windows Login (Healthcare)-Video Tutorials,e4gi378c,14997369,Windows Login (Healthcare) - How to log in to Epic Hyperspace using Badge ID + PIN - Video Tutorial,https://oloid.help/en/articles/14997369-windows-login-healthcare-how-to-log-in-to-epic-hyperspace-using-badge-id-pin-video-tutorial,published,2026-05-06 10:37:43,2026-05-06 10:57:13
585,Windows Login (Healthcare ),Windows Login (Healthcare)-Video Tutorials,e4gi378c,14997433,Windows Login (Healthcare) - How to enable Epic SSO in the Tenant Admin Portal - Video Tutorial,https://oloid.help/en/articles/14997433-windows-login-healthcare-how-to-enable-epic-sso-in-the-tenant-admin-portal-video-tutorial,published,2026-05-06 10:46:27,2026-05-06 10:54:14
586,Oloid Chrome Vault,Chrome Vault - Accounts &amp; Settings,e4gi378c,12275469,Oloid Vault (Chrome / Chromium) - How to Create Shared Password in the Tenant Admin Portal,https://oloid.help/en/articles/12275469-oloid-vault-chrome-chromium-how-to-create-shared-password-in-the-tenant-admin-portal,published,2025-09-12 08:35:51,2026-05-14 09:37:39
587,Oloid Chrome Vault,Chrome Vault- Platform Configuration,e4gi378c,12442012,Oloid Vault (Chrome / Chromium) - How to Add Connections in the Tenant Admin Portal,https://oloid.help/en/articles/12442012-oloid-vault-chrome-chromium-how-to-add-connections-in-the-tenant-admin-portal,published,2025-09-29 10:08:02,2026-05-14 09:17:11
588,Windows Login (Healthcare ),Windows Login (Healthcare) - Epic Login Workflows,e4gi378c,13722773,Windows Login (Healthcare) - How to Install Epic Hyperspace for Epic EHR,https://oloid.help/en/articles/13722773-windows-login-healthcare-how-to-install-epic-hyperspace-for-epic-ehr,published,2026-02-13 07:25:12,2026-05-08 07:19:13
589,Windows Login (Healthcare ),Windows Login (Healthcare) - Overview and Setup,e4gi378c,14018471,Windows Login (Healthcare)- Epic EHR Integration with Oloid Windows Login,https://oloid.help/en/articles/14018471-windows-login-healthcare-epic-ehr-integration-with-oloid-windows-login,published,2026-03-10 11:21:40,2026-05-13 03:33:30
590,Windows Login (Healthcare ),Windows Login (Healthcare)-Video Tutorials,e4gi378c,15011153,Windows Login (Healthcare) - Epic EHR integration - Video Tutorial,https://oloid.help/en/articles/15011153-windows-login-healthcare-epic-ehr-integration-video-tutorial,published,2026-05-07 09:08:01,2026-05-14 08:45:56
591,_Unassigned,_Unassigned,e4gi378c,14937896,How to Create and Configure Oloid Vault (iOS) Application in the Tenant Admin Portal,,draft,2026-05-05 08:10:23,2026-05-14 06:25:21
592,Oloid Chrome Vault,Chrome Vault - Getting Started,e4gi378c,9614963,What is Oloid Vault (Chrome / Chromium),https://oloid.help/en/articles/9614963-what-is-oloid-vault-chrome-chromium,published,2024-07-16 09:48:07,2026-05-14 05:58:06
593,Oloid Chrome Vault,Chrome Vault - Getting Started,e4gi378c,12569830,Oloid Vault (Chrome / Chromium) - Hardware and Software Requirements,https://oloid.help/en/articles/12569830-oloid-vault-chrome-chromium-hardware-and-software-requirements,published,2025-10-13 10:19:32,2026-05-14 05:54:44
594,Oloid Chrome Vault,Chrome Vault - Getting Started,e4gi378c,9822629,Oloid Vault (Chrome / Chromium)- How to Set Up and Use,https://oloid.help/en/articles/9822629-oloid-vault-chrome-chromium-how-to-set-up-and-use,published,2024-09-04 09:07:49,2026-05-13 16:22:24
595,Oloid Chrome Vault,Chrome Vault - Installation &amp; Configuration,e4gi378c,9610642,How to install Chrome Vault application,,draft,2024-07-15 09:34:46,2026-05-13 16:06:16
596,_Unassigned,_Unassigned,e4gi378c,15080597,Setting up and using Windows Login (Healthcare),https://oloid.help/en/articles/15080597-setting-up-and-using-windows-login-healthcare,published,2026-05-13 10:26:09,2026-05-13 11:28:11
597,Oloid Platform - Enterprise Features,Create and Manage Shared Credentials,e4gi378c,13714002,Tenant Admin Portal - How to Import Bulk Passwords,https://oloid.help/en/articles/13714002-tenant-admin-portal-how-to-import-bulk-passwords,published,2026-02-12 09:27:17,2026-05-13 08:34:51
598,Passwordless Authenticator,Webkey- Supporting Documents,e4gi378c,9886279,Guidelines for Face Enrollment /Onboarding images,https://oloid.help/en/articles/9886279-guidelines-for-face-enrollment-onboarding-images,published,2024-09-17 05:37:17,2026-05-13 06:35:49
599,Passwordless Authenticator,Videos- Windows Login,e4gi378c,11135637,How to enroll credentials using Windows Login App - Video Tutorial,https://oloid.help/en/articles/11135637-how-to-enroll-credentials-using-windows-login-app-video-tutorial,published,2025-04-24 06:49:24,2026-05-12 10:42:25
600,Oloid Platform - Enterprise Features,Workday SSO Setup,e4gi378c,14884360,Configuring Security Assertion Markup Language (SAML) SSO with Workday and Oloid,https://oloid.help/en/articles/14884360-configuring-security-assertion-markup-language-saml-sso-with-workday-and-oloid,published,2026-05-04 05:58:51,2026-05-12 09:00:39
601,Oloid Platform - Enterprise Features,Workday SSO Setup,e4gi378c,15030169,How to Log in to Workday with Assigned Credentials,https://oloid.help/en/articles/15030169-how-to-log-in-to-workday-with-assigned-credentials,published,2026-05-08 11:01:11,2026-05-12 07:23:54
602,Oloid Platform - Enterprise Features,Create and Manage Shared Credentials,e4gi378c,14430451,How to Configure Windows Shared Passwords in the Tenant Admin Portal,https://oloid.help/en/articles/14430451-how-to-configure-windows-shared-passwords-in-the-tenant-admin-portal,published,2026-04-02 08:03:18,2026-05-11 09:00:54
603,Passwordless Authenticator,Admin Guides - Oloid Connect for Passwordless,e4gi378c,9896977,How to Create and Configure Oloid Connect Passwordless Application in Tenant Admin Portal,https://oloid.help/en/articles/9896977-how-to-create-and-configure-oloid-connect-passwordless-application-in-tenant-admin-portal,published,2024-09-19 11:52:21,2026-05-08 10:55:03
604,Windows Login (Healthcare ),Windows Login (Healthcare)-Video Tutorials,e4gi378c,14997622,Windows Login (Healthcare) - How to use Two User Authentication using Badge ID in Epic Hyperspace - Video Tutorial,https://oloid.help/en/articles/14997622-windows-login-healthcare-how-to-use-two-user-authentication-using-badge-id-in-epic-hyperspace-video-tutorial,published,2026-05-06 11:10:37,2026-05-06 11:16:49
605,_Unassigned,_Unassigned,e4gi378c,13903766,How to Login to Epic Hyperspace using Oloid Credentials,,draft,2026-03-02 06:50:19,2026-05-06 09:41:35
606,Oloid User Portal,Oloid User Portal - Face Management,e4gi378c,14815240,Oloid User Portal - How to Login through HR Picture verification,https://oloid.help/en/articles/14815240-oloid-user-portal-how-to-login-through-hr-picture-verification,published,2026-04-29 04:11:26,2026-05-06 09:19:23
607,Passwordless Authenticator,Oloid Device Lock - Supporting Documents,e4gi378c,14685443,Set up Oloid DeviceLock on Android using Microsoft Intune (MDM),https://oloid.help/en/articles/14685443-set-up-oloid-devicelock-on-android-using-microsoft-intune-mdm,published,2026-04-20 05:59:09,2026-05-06 05:24:08
608,_Unassigned,_Unassigned,e4gi378c,14927514,Tenant Admin Portal – How to Identify User Attributes,https://oloid.help/en/articles/14927514-tenant-admin-portal-how-to-identify-user-attributes,published,2026-05-05 05:50:47,2026-05-05 05:59:36
609,_Unassigned,_Unassigned,e4gi378c,14924765,Troubleshooting Guide: Windows Credential & Enrollment,,draft,2026-05-05 05:13:36,2026-05-05 05:43:37
610,Passwordless Authenticator,Passwordless Authenticator,e4gi378c,7199805,What is Passwordless Authenticator,,draft,2023-03-28 04:55:05,2024-06-14 06:01:01
611,_Unassigned,_Unassigned,e4gi378c,14885224,Oloid Windows Login – Windows Passwordless v1.0 vs v2.0 (Feature Comparison),,draft,2026-05-04 08:56:31,2026-05-04 08:57:25
612,Oloid Platform - Enterprise Features,Create and Manage Consent Documents - Video Tutorials,e4gi378c,14838288,How to create and configure Language Version for Consent Template - Video Tutorial,https://oloid.help/en/articles/14838288-how-to-create-and-configure-language-version-for-consent-template-video-tutorial,published,2026-04-30 10:59:11,2026-04-30 11:04:03
613,_Unassigned,_Unassigned,e4gi378c,14796418,Windows Login (Healthcare) - How to Sign Out using Badge - Epic Hyperspace,,draft,2026-04-28 03:03:00,2026-04-29 09:04:53
614,Oloid Platform - Enterprise Features,Create and Manage Shared Passwords - Video Tutorials,e4gi378c,12115897,How to add password owners - Video Tutorial,https://oloid.help/en/articles/12115897-how-to-add-password-owners-video-tutorial,published,2025-08-29 10:30:51,2026-04-29 08:35:18
615,Passwordless Authenticator,Videos - Device Lock,e4gi378c,14816953,Oloid Device lock - How to configure Offline Intent Screen in Tenant Admin Portal - Video Tutorial,https://oloid.help/en/articles/14816953-oloid-device-lock-how-to-configure-offline-intent-screen-in-tenant-admin-portal-video-tutorial,published,2026-04-29 07:28:48,2026-04-29 07:43:40
616,Passwordless Authenticator,Device Lock - Admin Settings,e4gi378c,13330667,DeviceLock App - How to Configure Endpoint in the Tenant Admin Portal,https://oloid.help/en/articles/13330667-devicelock-app-how-to-configure-endpoint-in-the-tenant-admin-portal,published,2026-01-07 03:37:05,2026-04-29 05:54:16
617,_Unassigned,_Unassigned,e4gi378c,14778518,Windows Login (Healthcare) - How to Log in to Epic Hyperspace using Username and Password Flow,,draft,2026-04-27 04:26:38,2026-04-29 02:42:30
618,Passwordless Authenticator,Videos- Windows Login,e4gi378c,11135808,Windows Login - How to enable Credential Updates and Enrollment in the Tenant Admin Portal - Video Tutorial,https://oloid.help/en/articles/11135808-windows-login-how-to-enable-credential-updates-and-enrollment-in-the-tenant-admin-portal-video-tutorial,published,2025-04-24 07:58:19,2026-04-28 11:52:38
619,Passwordless Authenticator,Videos- Windows Login,e4gi378c,14805859,Windows Login - How to enroll Face and PIN credentials - Video Tutorial,https://oloid.help/en/articles/14805859-windows-login-how-to-enroll-face-and-pin-credentials-video-tutorial,published,2026-04-28 11:38:37,2026-04-28 11:49:38
620,Oloid Platform - Enterprise Features,Create and Manage Reports,e4gi378c,8455213,How to configure a scheduled Transaction Report,https://oloid.help/en/articles/8455213-how-to-configure-a-scheduled-transaction-report,published,2023-10-09 07:54:24,2026-04-28 08:56:01
621,_Unassigned,_Unassigned,e4gi378c,14778830,How to Login to Epic Hyperspace using SAML,,draft,2026-04-27 05:08:01,2026-04-28 07:38:31
622,_Unassigned,_Unassigned,e4gi378c,14796509,Untitled public article,,draft,2026-04-28 03:14:14,2026-04-28 03:14:14
623,Passwordless Authenticator,Admin Guides- Windows Login,e4gi378c,10616183,Windows Login - How to Configure Badge Out option,https://oloid.help/en/articles/10616183-windows-login-how-to-configure-badge-out-option,published,2025-02-21 10:05:11,2026-04-27 09:57:20
624,Oloid Verify/Connect,Oloid Connect iPhone - Installation and Configuration,e4gi378c,12577230,How to pair Oloid Connect endpoint on iPhone,https://oloid.help/en/articles/12577230-how-to-pair-oloid-connect-endpoint-on-iphone,published,2025-10-14 08:30:06,2026-04-27 05:14:48
625,Oloid Verify/Connect,Oloid Connect iPhone - Installation and Configuration,e4gi378c,12554658,How to Download and Install the Oloid Connect App on iPhone,https://oloid.help/en/articles/12554658-how-to-download-and-install-the-oloid-connect-app-on-iphone,published,2025-10-10 08:44:29,2025-12-15 07:05:58
626,_Unassigned,_Unassigned,e4gi378c,14717359,Oloid User Portal - Onboard Face Using Okta SSO with Custom URL,https://oloid.help/en/articles/14717359-oloid-user-portal-onboard-face-using-okta-sso-with-custom-url,published,2026-04-22 06:40:13,2026-04-24 10:10:18
627,Oloid Platform - Enterprise Features,Manage Agents - Video Tutorials,e4gi378c,14720307,How to create Advanced User Sync for ADP Vantage HCM - Inbound in the Tenant Admin Portal - Video Tutorial,https://oloid.help/en/articles/14720307-how-to-create-advanced-user-sync-for-adp-vantage-hcm-inbound-in-the-tenant-admin-portal-video-tutorial,published,2026-04-22 11:09:42,2026-04-22 11:17:29
628,_Unassigned,_Unassigned,e4gi378c,14720166,How to configure Advanced User Sync for ADP Vantage HCM - Inbound in the Tenant Admin Portal - Video Tutorial,,draft,2026-04-22 11:03:51,2026-04-22 11:06:41
629,Oloid Verify/Connect,Oloid Connect for iPhone,e4gi378c,14056605,Oloid Connect iPhone - Platform  Configuration,https://oloid.help/en/articles/14056605-oloid-connect-iphone-platform-configuration,published,2026-03-13 04:16:58,2026-04-22 10:26:56
630,Oloid Platform - Enterprise Features,Azure SSO Setup,e4gi378c,14663355,Tenant Admin Portal - How to Enable Entra ID SSO,https://oloid.help/en/articles/14663355-tenant-admin-portal-how-to-enable-entra-id-sso,published,2026-04-17 04:34:38,2026-04-20 12:46:22
631,Oloid User Portal,Oloid User Portal - Videos,e4gi378c,14704801,How to add  Face credential using invite link in the Oloid User Portal - Video Tutorial,https://oloid.help/en/articles/14704801-how-to-add-face-credential-using-invite-link-in-the-oloid-user-portal-video-tutorial,published,2026-04-21 11:24:04,2026-04-21 11:31:05
632,Oloid User Portal,Oloid User Portal - Face Management,e4gi378c,14685322,Oloid User Portal - How to Revoke Consent,https://oloid.help/en/articles/14685322-oloid-user-portal-how-to-revoke-consent,published,2026-04-20 05:35:47,2026-04-21 10:36:53
633,Oloid User Portal,Oloid User Portal - Face Management,e4gi378c,8472935,How to Add a Face Using Invite Link in Oloid User Portal,https://oloid.help/en/articles/8472935-how-to-add-a-face-using-invite-link-in-oloid-user-portal,published,2023-10-13 07:17:02,2026-04-20 09:40:05
634,_Unassigned,_Unassigned,e4gi378c,14667080,Windows Login Epic Documents,https://oloid.help/en/articles/14667080-windows-login-epic-documents,published,2026-04-17 13:49:52,2026-04-17 13:56:46
635,_Unassigned,_Unassigned,e4gi378c,14667078,Untitled public article,,draft,2026-04-17 13:49:36,2026-04-17 13:49:36
636,_Unassigned,_Unassigned,e4gi378c,14632843,Oloid Connect - Punch Management Using User Authentication,https://oloid.help/en/articles/14632843-oloid-connect-punch-management-using-user-authentication,published,2026-04-15 04:50:01,2026-04-17 11:46:31
637,Oloid Platform - Enterprise Features,Create and Manage Users - Video Tutorials,e4gi378c,14666203,How to assign Temporary Badge to a user in the Tenant Admin Portal - Video Tutorial,https://oloid.help/en/articles/14666203-how-to-assign-temporary-badge-to-a-user-in-the-tenant-admin-portal-video-tutorial,published,2026-04-17 11:12:39,2026-04-17 11:19:45
638,Passwordless Authenticator,Videos- Windows Login,e4gi378c,14666181,Windows Login - How to enable Face followed by PIN MFA in Tenant Admin Portal - Video Tutorial,https://oloid.help/en/articles/14666181-windows-login-how-to-enable-face-followed-by-pin-mfa-in-tenant-admin-portal-video-tutorial,published,2026-04-17 11:06:43,2026-04-17 11:10:34
639,Oloid Platform - Enterprise Features,Accounts and Settings - Video Tutorials,e4gi378c,14653923,How to enable Temporary Badge in the Tenant Admin Portal - Video Tutorial,https://oloid.help/en/articles/14653923-how-to-enable-temporary-badge-in-the-tenant-admin-portal-video-tutorial,published,2026-04-16 10:38:31,2026-04-16 10:43:55
640,_Unassigned,_Unassigned,e4gi378c,10419910,Device Lock - How to Configure Online Intent Screen for Oloid DeviceLock in the Tenant Admin Portal,https://oloid.help/en/articles/10419910-device-lock-how-to-configure-online-intent-screen-for-oloid-devicelock-in-the-tenant-admin-portal,published,2025-01-17 10:29:30,2026-04-16 07:07:25
641,Oloid Platform - Enterprise Features,Create and Manage Users - Video Tutorials,e4gi378c,13726099,How to import faces for HR Picture Verification in the Tenant Admin Portal - Video Tutorial,https://oloid.help/en/articles/13726099-how-to-import-faces-for-hr-picture-verification-in-the-tenant-admin-portal-video-tutorial,published,2026-02-13 10:01:51,2026-04-16 07:01:53
642,Oloid Chrome Vault,Chrome Vault - Videos,e4gi378c,14638851,How to lock and unlock browser using Badge tap in Oloid Vault for Chrome - Video Tutorial,https://oloid.help/en/articles/14638851-how-to-lock-and-unlock-browser-using-badge-tap-in-oloid-vault-for-chrome-video-tutorial,published,2026-04-15 12:03:05,2026-04-15 12:08:24
643,Oloid Platform - Enterprise Features,Create and Manage Users - Video Tutorials,e4gi378c,14638690,How to lock PIN credential for a user in the Tenant Admin Portal - Video Tutorial,https://oloid.help/en/articles/14638690-how-to-lock-pin-credential-for-a-user-in-the-tenant-admin-portal-video-tutorial,published,2026-04-15 11:50:19,2026-04-15 12:02:24
644,Oloid Platform - Enterprise Features,Accounts and Settings - Video Tutorials,e4gi378c,12065595,How to configure PIN settings in the Tenant Admin Portal - Video Tutorial,https://oloid.help/en/articles/12065595-how-to-configure-pin-settings-in-the-tenant-admin-portal-video-tutorial,published,2025-08-22 06:43:32,2026-04-15 11:49:41
645,_Unassigned,_Unassigned,e4gi378c,12136059,How to Authenticate using Oloid Connect (Workday),https://oloid.help/en/articles/12136059-how-to-authenticate-using-oloid-connect-workday,published,2025-09-02 08:35:06,2026-04-15 05:17:13
646,Oloid Verify/Connect,Oloid Connect: Platform Configuration,e4gi378c,9937044,Oloid Connect - How to configure Intent screen in Tenant Admin Portal,https://oloid.help/en/articles/9937044-oloid-connect-how-to-configure-intent-screen-in-tenant-admin-portal,published,2024-09-30 05:58:21,2026-04-13 09:48:31
647,_Unassigned,_Unassigned,e4gi378c,14084945,Oloid Device lock - How to Configure Online Intent Screen in Tenant Admin Portal (To Delete),,draft,2026-03-17 07:22:20,2026-04-13 08:42:58
648,Passwordless Authenticator,Videos- Windows Login,e4gi378c,14593076,How to Enable Okta Multi-Factor Authentication (MFA) Credential for Windows Login Application in the Tenant Admin Portal - Video Tutorial,https://oloid.help/en/articles/14593076-how-to-enable-okta-multi-factor-authentication-mfa-credential-for-windows-login-application-in-the-tenant-admin-portal-video-tutorial,published,2026-04-13 06:04:22,2026-04-13 06:11:09
649,_Unassigned,_Unassigned,e4gi378c,14280401,Oloid Connect - How to Authenticate User  and Record Punch Using Offline Intent Screen,,draft,2026-03-26 08:27:46,2026-04-10 08:22:48
650,Oloid Verify/Connect,Oloid Connect - Credential Management,e4gi378c,8536726,Oloid Connect - Add Face,https://oloid.help/en/articles/8536726-oloid-connect-add-face,published,2023-10-31 13:09:14,2026-04-10 06:55:20
651,Oloid Platform - Enterprise Features,Create and Manage Shared Credentials,e4gi378c,8544435,How to add password owners for Windows Shared password in the Tenant Admin Portal,https://oloid.help/en/articles/8544435-how-to-add-password-owners-for-windows-shared-password-in-the-tenant-admin-portal,published,2023-11-02 09:39:52,2026-04-08 11:24:47
652,_Unassigned,_Unassigned,e4gi378c,14483914,Oloid Connect - Login using PingOne SSO,,draft,2026-04-08 09:25:44,2026-04-08 10:13:49
653,_Unassigned,_Unassigned,e4gi378c,14472623,Oloid WebKey – Feature and Capability Matrix,https://oloid.help/en/articles/14472623-oloid-webkey-feature-and-capability-matrix,published,2026-04-07 15:33:18,2026-04-08 09:16:21
654,Passwordless Authenticator,User Guide,e4gi378c,8522846,How to use Oloid's Device Lock App,,draft,2023-10-27 06:42:01,2026-04-07 15:19:16
655,Oloid Verify/Connect,Oloid Verify -  Admin Guides,e4gi378c,10247971,Oloid Verify - Login using Google SSO,https://oloid.help/en/articles/10247971-oloid-verify-login-using-google-sso,published,2024-12-06 05:46:34,2026-04-02 10:44:31
656,Oloid Platform - Enterprise Features,Create and Manage Shared Credentials,e4gi378c,8472794,How to create shared Password for Windows login application in the Tenant Admin Portal,https://oloid.help/en/articles/8472794-how-to-create-shared-password-for-windows-login-application-in-the-tenant-admin-portal,published,2023-10-13 05:53:17,2026-04-02 09:08:59
657,Oloid Verify/Connect,Oloid Verify -  Admin Guides,e4gi378c,8616247,Oloid Verify - How to View Endpoint Details on Endpoint,https://oloid.help/en/articles/8616247-oloid-verify-how-to-view-endpoint-details-on-endpoint,published,2023-11-22 04:12:57,2026-04-02 08:24:29
658,Oloid Verify/Connect,Oloid Verify - Credential Management,e4gi378c,9570790,Oloid Verify - Add QR Code,https://oloid.help/en/articles/9570790-oloid-verify-add-qr-code,published,2024-07-08 06:39:46,2026-04-02 07:46:57
659,Oloid Verify/Connect,Oloid Verify - User Management,e4gi378c,8601073,Oloid Verify - Add User,https://oloid.help/en/articles/8601073-oloid-verify-add-user,published,2023-11-17 11:11:59,2026-04-02 07:46:25
660,Oloid Verify/Connect,Oloid Verify - User Management,e4gi378c,8616846,Oloid Verify - View User details,https://oloid.help/en/articles/8616846-oloid-verify-view-user-details,published,2023-11-22 07:42:00,2026-04-02 07:45:40
661,Oloid Verify/Connect,Oloid Verify - Credential Management,e4gi378c,8535373,Oloid Verify - Add Faces,https://oloid.help/en/articles/8535373-oloid-verify-add-faces,published,2023-10-31 06:57:11,2026-04-02 07:44:53
662,Oloid User Portal,Oloid User Portal - Accounts and Settings,e4gi378c,14321285,How to Configure Custom Post-Login Landing page for Oloid User Portal,https://oloid.help/en/articles/14321285-how-to-configure-custom-post-login-landing-page-for-oloid-user-portal,published,2026-03-30 10:05:56,2026-04-02 04:56:00
663,Oloid Verify/Connect,Oloid Verify - Installation &amp; Configuration,e4gi378c,8650264,Oloid Verify - Set up iPad in Guided Access Mode or Kiosk Mode,https://oloid.help/en/articles/8650264-oloid-verify-set-up-ipad-in-guided-access-mode-or-kiosk-mode,published,2023-11-29 08:48:49,2026-04-01 09:01:34
664,Oloid Platform - Enterprise Features,Accounts and Settings,e4gi378c,10673538,How to view Activity Log in Tenant Admin Portal,https://oloid.help/en/articles/10673538-how-to-view-activity-log-in-tenant-admin-portal,published,2025-02-28 06:41:54,2026-04-01 08:22:26
665,_Unassigned,_Unassigned,e4gi378c,14338271,Authentication when Passkey is Enabled for Windows Login,https://oloid.help/en/articles/14338271-authentication-when-passkey-is-enabled-for-windows-login,published,2026-03-31 07:54:02,2026-04-01 04:48:37
666,Oloid Verify/Connect,Oloid Verify - Installation &amp; Configuration,e4gi378c,10255794,Oloid Verify - How to Check Hardware Compatibility on the Endpoint,https://oloid.help/en/articles/10255794-oloid-verify-how-to-check-hardware-compatibility-on-the-endpoint,published,2024-12-09 07:32:23,2026-03-30 05:51:38
667,Oloid Chrome Vault,Chrome Vault - User Guides,e4gi378c,9751929,How to log in to Chrome Vault using Badge,https://oloid.help/en/articles/9751929-how-to-log-in-to-chrome-vault-using-badge,published,2024-08-17 09:24:02,2026-03-30 05:13:06
668,Passwordless Authenticator,Videos- Windows Login,e4gi378c,14299842,How to Enable PingOne Multi-Factor Authentication (MFA) for Windows Login Application in the Tenant Admin Portal - Video Tutorial,https://oloid.help/en/articles/14299842-how-to-enable-pingone-multi-factor-authentication-mfa-for-windows-login-application-in-the-tenant-admin-portal-video-tutorial,published,2026-03-27 12:17:37,2026-03-27 12:29:54
669,Passwordless Authenticator,Videos- Windows Login,e4gi378c,14298394,How to Enable DUO Multi-Factor Authentication (MFA) Credential for Windows Login Application in the Tenant Admin Portal - Video Tutorial,https://oloid.help/en/articles/14298394-how-to-enable-duo-multi-factor-authentication-mfa-credential-for-windows-login-application-in-the-tenant-admin-portal-video-tutorial,published,2026-03-27 08:56:50,2026-03-27 12:29:33
670,Oloid Platform - Enterprise Features,Create and Manage Users,e4gi378c,8185203,Tenant Admin Portal – How to Add Users in Bulk,https://oloid.help/en/articles/8185203-tenant-admin-portal-how-to-add-users-in-bulk,published,2023-07-28 09:22:53,2026-03-27 12:14:33
671,Oloid Platform - Enterprise Features,Create and Manage Users,e4gi378c,10650742,Tenant Admin Portal – How to Prepare User Upload Template,https://oloid.help/en/articles/10650742-tenant-admin-portal-how-to-prepare-user-upload-template,published,2025-02-26 09:36:13,2026-03-27 12:14:29
672,Oloid Chrome Vault,Chrome Vault- Platform Configuration,e4gi378c,9776746,How to Manually Create Endpoint for Chrome Vault,,draft,2024-08-23 12:59:36,2026-03-26 14:51:42
673,Oloid Chrome Vault,Chrome Vault- Platform Configuration,e4gi378c,9767186,How to Download Endpoint Config File for Chrome Vault,,draft,2024-08-21 12:07:09,2026-03-26 14:45:41
674,Oloid Chrome Vault,Chrome Vault - Videos,e4gi378c,9914530,How to download endpoint config file for Chrome Vault- Video Tutorial,,draft,2024-09-24 06:31:37,2026-03-26 14:38:44
675,Oloid Chrome Vault,Chrome Vault - Videos,e4gi378c,9914524,How to manually create endpoint for Chrome Vault- Video Tutorial,,draft,2024-09-24 06:28:57,2026-03-26 14:34:15
676,_Unassigned,_Unassigned,e4gi378c,14066354,How to Enable Temporary Badge in the Tenant Admin Portal,https://oloid.help/en/articles/14066354-how-to-enable-temporary-badge-in-the-tenant-admin-portal,published,2026-03-14 10:51:07,2026-03-26 06:43:20
677,Supervisor App,Installation and Configuration of Supervisor App,e4gi378c,9036607,How to download Supervisor App,https://oloid.help/en/articles/9036607-how-to-download-supervisor-app,published,2024-03-06 05:29:04,2026-03-25 09:53:57
678,Oloid User Portal,Oloid User Portal -Credential Management,e4gi378c,13884380,Oloid User Portal - How to Generate Oloid Passkey in the User Portal,https://oloid.help/en/articles/13884380-oloid-user-portal-how-to-generate-oloid-passkey-in-the-user-portal,published,2026-02-27 05:56:54,2026-03-25 09:34:41
679,Oloid Verify/Connect,Oloid Connect for iPhone,e4gi378c,12584128,Oloid Connect iPhone - How to Authenticate a User Using Credentials,https://oloid.help/en/articles/12584128-oloid-connect-iphone-how-to-authenticate-a-user-using-credentials,published,2025-10-15 03:12:37,2026-03-25 07:15:54
680,Oloid Verify/Connect,Oloid Verify - User Guides,e4gi378c,10353069,Oloid Verify - How to Authenticate a User Using Credentials,https://oloid.help/en/articles/10353069-oloid-verify-how-to-authenticate-a-user-using-credentials,published,2025-01-06 07:04:21,2026-03-25 07:11:18
681,_Unassigned,_Unassigned,e4gi378c,14099788,How to Assign Temporary Badge to a User in the Tenant Admin Portal,https://oloid.help/en/articles/14099788-how-to-assign-temporary-badge-to-a-user-in-the-tenant-admin-portal,published,2026-03-18 03:27:27,2026-03-25 06:03:12
682,Supervisor App,Installation and Configuration of Supervisor App,e4gi378c,9036683,How to install Windows Authenticator App,https://oloid.help/en/articles/9036683-how-to-install-windows-authenticator-app,published,2024-03-06 06:53:02,2026-03-25 04:27:18
683,Oloid Workflow,Set up 3rd party Applications,e4gi378c,12688798,Connecting Workday HRIS with Oloid Cloud Platform,https://oloid.help/en/articles/12688798-connecting-workday-hris-with-oloid-cloud-platform,published,2025-10-29 10:53:14,2026-02-03 09:08:24
684,Oloid Workflow,Set up 3rd party Applications,e4gi378c,8015619,Set up Workday for Oloid Workflow integrations,,draft,2023-06-15 10:18:53,2026-03-24 15:54:26
685,_Unassigned,_Unassigned,e4gi378c,14181342,How to replace Badge in the Tenant Admin Portal,,draft,2026-03-24 10:31:13,2026-03-24 10:32:11
686,Oloid Platform - Enterprise Features,Create and Manage Endpoints,e4gi378c,8555476,How to add Windows Login endpoint,,draft,2023-11-06 06:23:34,2026-03-24 06:50:05
687,_Unassigned,_Unassigned,e4gi378c,13428004,Oloid Connect - Set up iPhone in Guided Access Mode,,draft,2026-01-19 08:37:36,2026-03-23 05:11:22
688,Oloid Platform - Enterprise Features,Okta SSO Setup,e4gi378c,14115546,Add a Custom Login with OLOID Button Using Okta Federation,https://oloid.help/en/articles/14115546-add-a-custom-login-with-oloid-button-using-okta-federation,published,2026-03-18 20:12:07,2026-03-18 20:30:50
689,_Unassigned,_Unassigned,e4gi378c,14079147,Test for new doc template,https://oloid.help/en/articles/14079147-test-for-new-doc-template,published,2026-03-16 16:12:00,2026-03-16 16:22:48
690,_Unassigned,_Unassigned,e4gi378c,12330570,Test Platform Updates- Release Notes,https://oloid.help/en/articles/12330570-test-platform-updates-release-notes,published,2025-09-19 05:23:19,2026-03-16 15:50:59
691,Passwordless Authenticator,Oloid Android Passwordless Authenticator -DeviceLock,e4gi378c,13855587,Android Passwordless Device Unlock with Automatic Okta Login,https://oloid.help/en/articles/13855587-android-passwordless-device-unlock-with-automatic-okta-login,published,2026-02-25 02:32:42,2026-02-26 10:34:39
692,_Unassigned,_Unassigned,e4gi378c,14075571,Test Chrome Vault,,draft,2026-03-16 07:14:56,2026-03-16 07:15:14
693,Oloid Platform - Enterprise Features,Create and Manage Users,e4gi378c,14014193,Tenant Admin Portal - How to Lock PIN Credential for a User,https://oloid.help/en/articles/14014193-tenant-admin-portal-how-to-lock-pin-credential-for-a-user,published,2026-03-10 05:27:22,2026-03-13 14:17:03
694,Passwordless Authenticator,Admin Guides - Oloid Connect for Passwordless,e4gi378c,8464035,Oloid Connect App - How to Log in to Admin Mode as a Supervisor or Admin,,draft,2023-10-11 12:52:07,2026-03-13 08:46:48
695,Passwordless Authenticator,Admin Guides - Oloid Connect for Passwordless,e4gi378c,8403824,Oloid Connect - Pairing Supervisor iPad to Passwordless Application,https://oloid.help/en/articles/8403824-oloid-connect-pairing-supervisor-ipad-to-passwordless-application,published,2023-09-22 14:37:27,2026-03-13 08:25:03
696,Passwordless Authenticator,Admin Guides - Oloid Connect for Passwordless,e4gi378c,8408159,Setting Up Application and Connections for Passwordless Login in the Oloid Connect Application,https://oloid.help/en/articles/8408159-setting-up-application-and-connections-for-passwordless-login-in-the-oloid-connect-application,published,2023-09-25 08:56:40,2026-03-13 05:41:04
697,Passwordless Authenticator,Admin Guides - Oloid Connect for Passwordless,e4gi378c,8400084,Installing the Oloid Connect App for Passwordless,https://oloid.help/en/articles/8400084-installing-the-oloid-connect-app-for-passwordless,published,2023-09-21 17:30:50,2026-03-13 05:13:48
698,Passwordless Authenticator,Videos- Windows Login,e4gi378c,14046447,Windows Login - How to configure PIN credential in the Tenant Admin Portal - Video Tutorial,https://oloid.help/en/articles/14046447-windows-login-how-to-configure-pin-credential-in-the-tenant-admin-portal-video-tutorial,published,2026-03-12 12:00:38,2026-03-12 12:08:11
699,_Unassigned,_Unassigned,e4gi378c,11182622,Oloid Insurance Coverage,,draft,2025-05-02 03:25:09,2026-03-11 16:05:04
700,Passwordless Authenticator,Admin Guides- Windows Login,e4gi378c,11484425,Windows Login - How to Configure PIN Credential in the Tenant Admin Portal,https://oloid.help/en/articles/11484425-windows-login-how-to-configure-pin-credential-in-the-tenant-admin-portal,published,2025-05-30 09:34:00,2026-03-11 11:08:09
701,Oloid Platform - Enterprise Features,Create and Manage Users,e4gi378c,13524609,How to Import Faces for HR Picture Verification,https://oloid.help/en/articles/13524609-how-to-import-faces-for-hr-picture-verification,published,2026-01-27 06:03:52,2026-03-11 10:11:05
702,Oloid Verify/Connect,Oloid Connect- Admin Guides,e4gi378c,10288447,How to Re-pair an Endpoint in Oloid Connect App,https://oloid.help/en/articles/10288447-how-to-re-pair-an-endpoint-in-oloid-connect-app,published,2024-12-16 07:23:15,2026-03-11 06:29:55
703,Passwordless Authenticator,Videos- Windows Login,e4gi378c,14018398,Windows Login - How to configure 'Allow login through local credentials' - Video Tutorial,https://oloid.help/en/articles/14018398-windows-login-how-to-configure-allow-login-through-local-credentials-video-tutorial,published,2026-03-10 11:08:11,2026-03-10 11:20:37
704,Oloid Platform - Enterprise Features,Create and Manage Users,e4gi378c,9929285,How to send invite to add Password to a user,https://oloid.help/en/articles/9929285-how-to-send-invite-to-add-password-to-a-user,published,2024-09-27 08:54:19,2026-03-10 08:14:21
705,Oloid Platform - Enterprise Features,Advanced User Sync,e4gi378c,13843605,How to Configure Advanced User Sync for ADP Vantage HCM - Inbound in the Tenant Admin Portal,https://oloid.help/en/articles/13843605-how-to-configure-advanced-user-sync-for-adp-vantage-hcm-inbound-in-the-tenant-admin-portal,published,2026-02-24 08:57:19,2026-02-27 06:14:21
706,Oloid Verify/Connect,Oloid Connect for iPhone,e4gi378c,13595968,Oloid Connect iPhone - Login Using Okta SSO,https://oloid.help/en/articles/13595968-oloid-connect-iphone-login-using-okta-sso,published,2026-02-02 04:35:51,2026-03-09 05:53:54
707,Oloid Verify/Connect,Oloid Connect for iPhone,e4gi378c,13595980,Oloid Connect iPhone  - Login Using Microsoft SSO,https://oloid.help/en/articles/13595980-oloid-connect-iphone-login-using-microsoft-sso,published,2026-02-02 04:36:30,2026-03-09 05:51:33
708,Oloid Verify/Connect,Oloid Connect for iPhone,e4gi378c,13595983,Oloid Connect iPhone  - Login Using Google SSO,https://oloid.help/en/articles/13595983-oloid-connect-iphone-login-using-google-sso,published,2026-02-02 04:36:34,2026-03-09 05:50:58
709,Oloid Verify/Connect,Oloid Connect for iPhone,e4gi378c,12585316,How to View Endpoint Details on the Oloid Connect iPhone Endpoint,https://oloid.help/en/articles/12585316-how-to-view-endpoint-details-on-the-oloid-connect-iphone-endpoint,published,2025-10-15 09:24:02,2026-03-09 05:49:07
710,Oloid Platform - Enterprise Features,Create and Manage Users - Video Tutorials,e4gi378c,13972414,How to upload face of a user in the Tenant Admin Portal - Video Tutorial,https://oloid.help/en/articles/13972414-how-to-upload-face-of-a-user-in-the-tenant-admin-portal-video-tutorial,published,2026-03-06 11:27:42,2026-03-06 11:31:47
711,Oloid Platform - Enterprise Features,Create and Manage Users - Video Tutorials,e4gi378c,13960618,How to add face using Capture Face in the Tenant Admin Portal,https://oloid.help/en/articles/13960618-how-to-add-face-using-capture-face-in-the-tenant-admin-portal,published,2026-03-06 07:30:25,2026-03-06 07:39:31
712,Oloid Verify/Connect,Oloid Connect for iPhone,e4gi378c,13427870,Oloid Connect iPhone - How to check Hardware compatibility,https://oloid.help/en/articles/13427870-oloid-connect-iphone-how-to-check-hardware-compatibility,published,2026-01-19 07:59:18,2026-03-04 10:20:54
713,Oloid Chrome Vault,Chrome Vault - Videos,e4gi378c,13924192,How to install Oloid Vault in Google Chrome Browser - Video Tutorial,https://oloid.help/en/articles/13924192-how-to-install-oloid-vault-in-google-chrome-browser-video-tutorial,published,2026-03-04 07:06:58,2026-03-04 07:12:19
714,Oloid Chrome Vault,Chrome Vault - Videos,e4gi378c,13886826,How to install Oloid Vault in Microsoft Edge Browser - Video Tutorial,https://oloid.help/en/articles/13886826-how-to-install-oloid-vault-in-microsoft-edge-browser-video-tutorial,published,2026-02-27 11:57:53,2026-03-03 11:00:06
715,_Unassigned,_Unassigned,e4gi378c,13905153,📘 Oloid Help Center – Video Style Guide,,draft,2026-03-02 11:27:17,2026-03-02 11:37:55
716,Oloid Platform - Enterprise Features,Data Tables,e4gi378c,13718445,How to Configure Data Mapper Table for ADP Enterprise Inbound in the Tenant Admin Portal,https://oloid.help/en/articles/13718445-how-to-configure-data-mapper-table-for-adp-enterprise-inbound-in-the-tenant-admin-portal,published,2026-02-12 17:41:19,2026-02-27 06:00:31
717,Oloid Platform - Enterprise Features,Data Tables,e4gi378c,13598105,How to Configure Data Mapper Table for Entra ID - Inbound in the Tenant Admin Portal,https://oloid.help/en/articles/13598105-how-to-configure-data-mapper-table-for-entra-id-inbound-in-the-tenant-admin-portal,published,2026-02-02 08:34:33,2026-02-27 06:00:04
718,Oloid Platform - Enterprise Features,Data Tables,e4gi378c,13524078,How to Configure Data Mapper Table for Workday - Inbound in the Tenant Admin Portal,https://oloid.help/en/articles/13524078-how-to-configure-data-mapper-table-for-workday-inbound-in-the-tenant-admin-portal,published,2026-01-27 04:29:28,2026-02-27 05:59:31
719,Oloid Platform - Enterprise Features,Data Tables,e4gi378c,13696411,How to Configure Data Mapper Table for OKTA - Inbound in the Tenant Admin Portal,https://oloid.help/en/articles/13696411-how-to-configure-data-mapper-table-for-okta-inbound-in-the-tenant-admin-portal,published,2026-02-11 06:48:54,2026-02-27 05:58:11
720,Oloid Platform - Enterprise Features,Advanced User Sync,e4gi378c,13700588,How to Configure Advanced User Sync for Okta - Inbound in the Tenant Admin Portal,https://oloid.help/en/articles/13700588-how-to-configure-advanced-user-sync-for-okta-inbound-in-the-tenant-admin-portal,published,2026-02-11 09:12:22,2026-02-27 02:49:15
721,Passwordless Authenticator,Admin Guides- Windows Login,e4gi378c,13644652,Windows Login - How to Enable Face Followed by PIN MFA in Tenant Admin Portal,https://oloid.help/en/articles/13644652-windows-login-how-to-enable-face-followed-by-pin-mfa-in-tenant-admin-portal,published,2026-02-06 05:45:57,2026-02-26 05:54:44
722,Oloid Platform - Enterprise Features,Data Tables,e4gi378c,13718403,How to Create Data Mapper Table for ADP Enterprise Inbound in the Tenant Admin Portal,https://oloid.help/en/articles/13718403-how-to-create-data-mapper-table-for-adp-enterprise-inbound-in-the-tenant-admin-portal,published,2026-02-12 17:36:41,2026-02-24 03:24:32
723,Oloid Platform - Enterprise Features,Data Tables,e4gi378c,13457914,How to Create Data Mapper Table for Workday - Inbound in the Tenant Admin Portal,https://oloid.help/en/articles/13457914-how-to-create-data-mapper-table-for-workday-inbound-in-the-tenant-admin-portal,published,2026-01-22 04:01:19,2026-02-09 11:19:57
724,Oloid Platform - Enterprise Features,Data Tables,e4gi378c,13696298,How to Create Data Mapper Table for OKTA - Inbound in the Tenant Admin Portal,https://oloid.help/en/articles/13696298-how-to-create-data-mapper-table-for-okta-inbound-in-the-tenant-admin-portal,published,2026-02-11 06:17:53,2026-02-19 04:57:15
725,Oloid Platform - Enterprise Features,Advanced User Sync,e4gi378c,13701658,How to Create a Token ID for Advanced User Sync – Okta Inbound in the Okta Admin Console,https://oloid.help/en/articles/13701658-how-to-create-a-token-id-for-advanced-user-sync-okta-inbound-in-the-okta-admin-console,published,2026-02-11 12:49:19,2026-02-16 04:48:07
726,Oloid Platform - Enterprise Features,Advanced User Sync,e4gi378c,13598284,How to Create Advanced User Sync for Entra ID - Inbound in the Tenant Admin Portal,https://oloid.help/en/articles/13598284-how-to-create-advanced-user-sync-for-entra-id-inbound-in-the-tenant-admin-portal,published,2026-02-02 09:06:29,2026-02-05 10:58:41
727,Oloid Platform - Enterprise Features,Advanced User Sync,e4gi378c,13700439,How to Create Advanced User Sync for OKTA - Inbound in the Tenant Admin Portal,https://oloid.help/en/articles/13700439-how-to-create-advanced-user-sync-for-okta-inbound-in-the-tenant-admin-portal,published,2026-02-11 09:03:38,2026-02-16 04:35:45
728,Oloid Platform - Enterprise Features,Advanced User Sync,e4gi378c,13559374,How to Create Advanced User Sync for Workday - Inbound in the Tenant Admin Portal,https://oloid.help/en/articles/13559374-how-to-create-advanced-user-sync-for-workday-inbound-in-the-tenant-admin-portal,published,2026-01-29 10:36:28,2026-02-11 05:24:07
729,Oloid Platform - Enterprise Features,Create and Manage Shared Passwords - Video Tutorials,e4gi378c,13842463,How to import bulk passwords in the Tenant Admin Portal - Video Tutorial,https://oloid.help/en/articles/13842463-how-to-import-bulk-passwords-in-the-tenant-admin-portal-video-tutorial,published,2026-02-24 07:02:57,2026-02-24 07:05:58
730,Oloid Platform - Enterprise Features,Accounts and Settings - Video Tutorials,e4gi378c,13842425,How to view activity log in Tenant Admin Portal - Video Tutorial,https://oloid.help/en/articles/13842425-how-to-view-activity-log-in-tenant-admin-portal-video-tutorial,published,2026-02-24 06:54:20,2026-02-24 06:58:51
731,Oloid Platform - Enterprise Features,Create and Manage Reports - Video Tutorials,e4gi378c,13761392,How to view and download user transactions report in Tenant Admin Portal - Video Tutorial,https://oloid.help/en/articles/13761392-how-to-view-and-download-user-transactions-report-in-tenant-admin-portal-video-tutorial,published,2026-02-18 11:05:58,2026-02-18 11:37:32
732,Passwordless Authenticator,Videos - Device Lock,e4gi378c,13751119,Oloid DeviceLock - How to enroll face as a user - Video Tutorial,https://oloid.help/en/articles/13751119-oloid-devicelock-how-to-enroll-face-as-a-user-video-tutorial,published,2026-02-17 11:10:09,2026-02-18 06:30:49
733,Oloid Chrome Vault,Chrome Vault - Installation &amp; Configuration,e4gi378c,13741498,How to Install Oloid Vault in Microsoft Edge Browser,https://oloid.help/en/articles/13741498-how-to-install-oloid-vault-in-microsoft-edge-browser,published,2026-02-16 08:38:48,2026-02-17 07:11:33
734,Oloid Chrome Vault,Chrome Vault - Installation &amp; Configuration,e4gi378c,13724911,How to Install Oloid Vault in Chrome Browser,https://oloid.help/en/articles/13724911-how-to-install-oloid-vault-in-chrome-browser,published,2026-02-13 08:14:58,2026-02-17 07:11:35
735,Supporting Documents,Supporting Videos,e4gi378c,13750008,How to use the Oloid Help Center - Video Tutorial,https://oloid.help/en/articles/13750008-how-to-use-the-oloid-help-center-video-tutorial,published,2026-02-17 07:37:11,2026-02-17 07:39:52
736,_Unassigned,_Unassigned,e4gi378c,13749828,How to use the Oloid Help Center - Video Tutorial,,draft,2026-02-17 06:52:45,2026-02-17 07:19:51
737,_Unassigned,_Unassigned,e4gi378c,13427218,How to Generate a Passkey using Microsoft for Chrome Vault,,draft,2026-01-19 04:30:08,2026-02-16 09:15:36
738,Oloid Platform - Enterprise Features,Data Tables,e4gi378c,13597715,How to Create Data Mapper Table for Entra ID - Inbound in the Tenant Admin Portal,https://oloid.help/en/articles/13597715-how-to-create-data-mapper-table-for-entra-id-inbound-in-the-tenant-admin-portal,published,2026-02-02 06:58:13,2026-02-09 09:16:33
739,_Unassigned,_Unassigned,e4gi378c,13725496,How to Pair Chroma Vault App using the “Auto-Pair using Config File” option,,draft,2026-02-13 08:49:36,2026-02-13 08:50:23
740,_Unassigned,_Unassigned,e4gi378c,13700997,Oloid Connect iPhone - How to Create and Configure Endpoint Template,,draft,2026-02-11 10:32:55,2026-02-12 08:54:40
741,Oloid Platform - Enterprise Features,OKTA MFA - Configuration Guides,e4gi378c,13175430,How to Create Token ID for Windows Login Application in OKTA Admin Console,https://oloid.help/en/articles/13175430-how-to-create-token-id-for-windows-login-application-in-okta-admin-console,published,2025-12-17 06:51:14,2026-02-12 11:11:35
742,Passwordless Authenticator,Videos - Device Lock,e4gi378c,13713907,How to add Face as credential for a user in the DeviceLock App using Admin Mode - Video Tutorial,https://oloid.help/en/articles/13713907-how-to-add-face-as-credential-for-a-user-in-the-devicelock-app-using-admin-mode-video-tutorial,published,2026-02-12 09:08:34,2026-02-12 09:15:58
743,Oloid Platform - Enterprise Features,Create and Manage Users - Video Tutorials,e4gi378c,8249095,How to add QR Code as credential to users - Video Tutorial,https://oloid.help/en/articles/8249095-how-to-add-qr-code-as-credential-to-users-video-tutorial,published,2023-08-11 11:35:27,2026-02-12 07:17:06
744,Oloid Platform - Enterprise Features,Create and Manage Consent Documents,e4gi378c,10615483,Oloid Platform - How to Revoke Consent of a User,https://oloid.help/en/articles/10615483-oloid-platform-how-to-revoke-consent-of-a-user,published,2025-02-21 05:59:08,2026-02-11 09:20:24
745,_Unassigned,_Unassigned,e4gi378c,13569929,Windows RELEASE UPDATE - JANUARY 2026,https://oloid.help/en/articles/13569929-windows-release-update-january-2026,published,2026-01-30 09:12:42,2026-02-10 11:43:08
746,_Unassigned,_Unassigned,e4gi378c,13682152,Test,,draft,2026-02-10 06:34:41,2026-02-10 06:35:06
747,Passwordless Authenticator,Admin Guides- Windows Login,e4gi378c,13615407,Windows Login - How to Configure Allow Login Through Local Credentials,https://oloid.help/en/articles/13615407-windows-login-how-to-configure-allow-login-through-local-credentials,published,2026-02-04 05:08:46,2026-02-09 11:13:26
748,Passwordless Authenticator,Videos - Device Lock,e4gi378c,13629176,How to assign PIN in the DeviceLock App using Admin Mode - Video Tutorial,https://oloid.help/en/articles/13629176-how-to-assign-pin-in-the-devicelock-app-using-admin-mode-video-tutorial,published,2026-02-05 10:08:54,2026-02-05 10:12:40
749,Passwordless Authenticator,Videos - Device Lock,e4gi378c,13628102,How to assign QR Code in the DeviceLock App using Admin Mode - Video Tutorial,https://oloid.help/en/articles/13628102-how-to-assign-qr-code-in-the-devicelock-app-using-admin-mode-video-tutorial,published,2026-02-05 08:15:02,2026-02-05 08:23:12
750,Passwordless Authenticator,Videos - Device Lock,e4gi378c,13597408,How to assign Badge in the DeviceLock App using Admin Mode - Video Tutorial,https://oloid.help/en/articles/13597408-how-to-assign-badge-in-the-devicelock-app-using-admin-mode-video-tutorial,published,2026-02-02 06:23:13,2026-02-05 08:18:24
751,Passwordless Authenticator,Videos- Windows Login,e4gi378c,13627794,Windows Login - How to configure Badge Out option - Video Tutorial,https://oloid.help/en/articles/13627794-windows-login-how-to-configure-badge-out-option-video-tutorial,published,2026-02-05 06:32:23,2026-02-05 06:43:10
752,Oloid Platform - Enterprise Features,Oloid Platform - Enterprise Features,e4gi378c,13612387,First-Time Enrollment & Login of OLOID credentials,https://oloid.help/en/articles/13612387-first-time-enrollment-login-of-oloid-credentials,published,2026-02-03 18:58:30,2026-02-03 19:30:57
753,_Unassigned,_Unassigned,e4gi378c,13598349,How to Login to User Portal with Webkey SSO,,draft,2026-02-02 09:12:49,2026-02-03 10:08:48
754,Oloid Platform - Enterprise Features,Insights Dashboard,e4gi378c,13256453,Oloid Platform - Insights Dashboard: Endpoints Report,https://oloid.help/en/articles/13256453-oloid-platform-insights-dashboard-endpoints-report,published,2025-12-30 08:37:18,2026-02-03 10:07:21
755,Oloid Platform - Enterprise Features,Insights Dashboard,e4gi378c,13256388,Oloid Platform - Insights Dashboard: Reports (Users Shared Cred Report),https://oloid.help/en/articles/13256388-oloid-platform-insights-dashboard-reports-users-shared-cred-report,published,2025-12-30 08:17:27,2026-02-03 10:06:04
756,Oloid Platform - Enterprise Features,Insights Dashboard,e4gi378c,13256290,Oloid Platform - Insights Dashboard: Reports (All Users Report),https://oloid.help/en/articles/13256290-oloid-platform-insights-dashboard-reports-all-users-report,published,2025-12-30 07:47:18,2026-02-03 09:57:11
757,Oloid Platform - Enterprise Features,Insights Dashboard,e4gi378c,13228751,Oloid Platform - Insights Dashboard: Endpoint Activity,https://oloid.help/en/articles/13228751-oloid-platform-insights-dashboard-endpoint-activity,published,2025-12-24 05:19:08,2026-02-03 09:54:46
758,Oloid Platform - Enterprise Features,Insights Dashboard,e4gi378c,13228776,Oloid Platform - Insights Dashboard: Transaction Insights,https://oloid.help/en/articles/13228776-oloid-platform-insights-dashboard-transaction-insights,published,2025-12-24 05:26:31,2026-02-03 09:50:03
759,Oloid Platform - Enterprise Features,Insights Dashboard,e4gi378c,13228799,Oloid Platform - Insights Dashboard : Credentials,https://oloid.help/en/articles/13228799-oloid-platform-insights-dashboard-credentials,published,2025-12-24 05:35:45,2026-02-03 09:46:57
760,Oloid Platform - Enterprise Features,Insights Dashboard,e4gi378c,13262362,What is Oloid's Insights Dashboard?,https://oloid.help/en/articles/13262362-what-is-oloid-s-insights-dashboard,published,2025-12-31 05:25:28,2026-02-03 09:44:16
761,Oloid Platform - Enterprise Features,PingOne MFA - Configuration Guides,e4gi378c,12972617,How to Configure PingOne Multi Factor Authentication (MFA) for Windows Login Application in the Tenant Admin Portal,https://oloid.help/en/articles/12972617-how-to-configure-pingone-multi-factor-authentication-mfa-for-windows-login-application-in-the-tenant-admin-portal,published,2025-12-01 05:24:29,2026-01-21 08:18:41
762,Oloid Platform - Enterprise Features,OKTA MFA - User Guide,e4gi378c,13374319,How to Login to Windows Device using Badge ID and OKTA Credentials,https://oloid.help/en/articles/13374319-how-to-login-to-windows-device-using-badge-id-and-okta-credentials,published,2026-01-13 05:19:16,2026-01-29 06:39:11
763,Oloid Platform - Enterprise Features,OKTA MFA - User Guide,e4gi378c,13374270,How to Login to Windows Device using QR Code and OKTA Credentials,https://oloid.help/en/articles/13374270-how-to-login-to-windows-device-using-qr-code-and-okta-credentials,published,2026-01-13 05:01:27,2026-02-02 10:04:40
764,Oloid Platform - Enterprise Features,OKTA MFA - User Guide,e4gi378c,13212196,How to Login to Windows Device using Face and OKTA Credentials,https://oloid.help/en/articles/13212196-how-to-login-to-windows-device-using-face-and-okta-credentials,published,2025-12-22 05:07:39,2026-01-29 06:39:26
765,Oloid Platform - Enterprise Features,PingOne MFA - User Guide,e4gi378c,13525965,How to Login to Windows Device using QR Code and PingOne Credentials,https://oloid.help/en/articles/13525965-how-to-login-to-windows-device-using-qr-code-and-pingone-credentials,published,2026-01-27 07:02:32,2026-02-02 10:05:04
766,_Unassigned,_Unassigned,e4gi378c,13570296,User Portal - How to use HR Picture Verify,,draft,2026-01-30 10:29:16,2026-02-02 09:21:08
767,_Unassigned,_Unassigned,e4gi378c,13597399,Untitled public article,,draft,2026-02-02 06:18:21,2026-02-02 06:18:21
768,_Unassigned,_Unassigned,e4gi378c,13524540,Oloid Connect iPhone - How to generate Auto-Pair config file in Tenant Admin Portal,,draft,2026-01-27 05:41:38,2026-02-02 04:35:08
769,Oloid Platform - Enterprise Features,PingOne MFA - User Guide,e4gi378c,13525477,How to Login to Windows Device using Face and PingOne Credential,https://oloid.help/en/articles/13525477-how-to-login-to-windows-device-using-face-and-pingone-credential,published,2026-01-27 06:47:04,2026-01-27 09:08:50
770,Oloid Platform - Enterprise Features,PingOne MFA - User Guide,e4gi378c,13525752,How to Login to Windows Device using Badge ID and PingOne Credentials,https://oloid.help/en/articles/13525752-how-to-login-to-windows-device-using-badge-id-and-pingone-credentials,published,2026-01-27 06:55:32,2026-01-29 06:30:08
771,Oloid Verify/Connect,Oloid Connect Videos,e4gi378c,13543562,Oloid Connect - How to assign Badge to users - Video Tutorial,https://oloid.help/en/articles/13543562-oloid-connect-how-to-assign-badge-to-users-video-tutorial,published,2026-01-28 06:36:05,2026-01-28 06:42:46
772,_Unassigned,_Unassigned,e4gi378c,13524727,Untitled public article,,draft,2026-01-27 06:16:24,2026-01-27 06:16:24
773,_Unassigned,_Unassigned,e4gi378c,13482278,Release Updates January - 2026,https://oloid.help/en/articles/13482278-release-updates-january-2026,published,2026-01-23 09:27:01,2026-01-23 10:06:55
774,_Unassigned,_Unassigned,e4gi378c,13482022,Release Updates - January 2026,,draft,2026-01-23 08:34:44,2026-01-23 08:36:06
775,Oloid Platform - Enterprise Features,Create and Manage IDP Provider,e4gi378c,12838654,How to Configure Security Assertion Markup Language (SAML) IDP in OKTA Admin Console,https://oloid.help/en/articles/12838654-how-to-configure-security-assertion-markup-language-saml-idp-in-okta-admin-console,published,2025-11-14 04:54:28,2026-01-23 05:01:41
776,Passwordless Authenticator,Platform Configuration,e4gi378c,8707351,Oloid DeviceLock App - How to Enroll Face,https://oloid.help/en/articles/8707351-oloid-devicelock-app-how-to-enroll-face,published,2023-12-14 06:56:10,2025-12-29 09:25:02
777,Passwordless Authenticator,Device Lock - Admin Mode,e4gi378c,13477264,Untitled public article,,draft,2026-01-23 03:50:54,2026-01-23 03:50:54
778,Oloid Platform - Enterprise Features,Create and Manage Shared Passwords - Video Tutorials,e4gi378c,13460163,How to add a Group to Windows Shared Passwords in the Tenant Admin Portal - Video Tutorial,https://oloid.help/en/articles/13460163-how-to-add-a-group-to-windows-shared-passwords-in-the-tenant-admin-portal-video-tutorial,published,2026-01-22 11:20:18,2026-01-22 11:24:32
779,Oloid Verify/Connect,Oloid Verify -  Admin Guides,e4gi378c,8649904,Oloid Verify - How to share Logs with App Developer,https://oloid.help/en/articles/8649904-oloid-verify-how-to-share-logs-with-app-developer,published,2023-11-29 05:01:10,2026-01-22 10:15:34
780,Oloid Verify/Connect,Oloid Connect- Admin Guides,e4gi378c,13405850,Oloid Connect - How to share Logs with App Developer,https://oloid.help/en/articles/13405850-oloid-connect-how-to-share-logs-with-app-developer,published,2026-01-16 05:49:24,2026-01-22 09:17:06
781,Passwordless Authenticator,Videos- Windows Login,e4gi378c,13458304,How to enable Passkey in Tenant Admin Portal for Windows Login - Video Tutorial,https://oloid.help/en/articles/13458304-how-to-enable-passkey-in-tenant-admin-portal-for-windows-login-video-tutorial,published,2026-01-22 06:07:22,2026-01-22 06:12:13
782,Oloid Platform - Enterprise Features,Create and Manage IDP Provider,e4gi378c,10796370,Integrating Oloid tenant to your PingOne (OIDC) instance,https://oloid.help/en/articles/10796370-integrating-oloid-tenant-to-your-pingone-oidc-instance,published,2025-03-17 04:37:29,2026-01-22 03:29:55
783,Oloid Platform - Enterprise Features,PingOne MFA - Configuration Guides,e4gi378c,12958196,How to Configure PingOne Multi-Factor Authentication (MFA) for Windows Login Application in the PingOne Admin Console,https://oloid.help/en/articles/12958196-how-to-configure-pingone-multi-factor-authentication-mfa-for-windows-login-application-in-the-pingone-admin-console,published,2025-11-28 04:27:44,2026-01-21 11:21:32
784,Oloid Platform - Enterprise Features,Insights Dashboard,e4gi378c,13256535,Oloid Platform - Insights Dashboard: Windows Shared Passwords Report,https://oloid.help/en/articles/13256535-oloid-platform-insights-dashboard-windows-shared-passwords-report,published,2025-12-30 09:02:21,2026-01-21 09:24:30
785,Oloid Platform - Enterprise Features,OKTA MFA - Configuration Guides,e4gi378c,13157388,How to Configure OKTA Multi-Factor Authentication (MFA) for the Windows Login Application in the OKTA Admin Console,https://oloid.help/en/articles/13157388-how-to-configure-okta-multi-factor-authentication-mfa-for-the-windows-login-application-in-the-okta-admin-console,published,2025-12-15 05:24:57,2026-01-21 08:05:59
786,Oloid Platform - Enterprise Features,Create and Manage Users - Video Tutorials,e4gi378c,11631061,How to create Windows Passkey as credential for users in the Tenant Admin Portal - Video Tutorial,https://oloid.help/en/articles/11631061-how-to-create-windows-passkey-as-credential-for-users-in-the-tenant-admin-portal-video-tutorial,published,2025-06-20 06:40:08,2026-01-21 06:35:13
787,Oloid Platform - Enterprise Features,OKTA MFA - Configuration Guides,e4gi378c,13165352,How to Configure OKTA Multi-Factor Authentication (MFA) for Windows Login Application in the Tenant Admin Portal,https://oloid.help/en/articles/13165352-how-to-configure-okta-multi-factor-authentication-mfa-for-windows-login-application-in-the-tenant-admin-portal,published,2025-12-16 05:34:07,2026-01-20 11:45:29
788,Oloid Platform - Enterprise Features,"Security, Encryption &amp; Compliance",e4gi378c,12151346,Enable Customer‑Managed Encryption Keys (CMEK) for Your Oloid Tenant (AWS KMS “KEK Encryption”),https://oloid.help/en/articles/12151346-enable-customer-managed-encryption-keys-cmek-for-your-oloid-tenant-aws-kms-kek-encryption,published,2025-09-03 21:18:29,2025-09-03 23:52:33
789,_Unassigned,_Unassigned,e4gi378c,13428210,Untitled public article,,draft,2026-01-19 09:31:35,2026-01-19 09:31:35
790,_Unassigned,_Unassigned,e4gi378c,13428208,Untitled public article,,draft,2026-01-19 09:31:17,2026-01-19 09:31:17
791,Oloid Platform - Enterprise Features,Create and Manage Users,e4gi378c,8379283,How to migrate user to a different connection,https://oloid.help/en/articles/8379283-how-to-migrate-user-to-a-different-connection,published,2023-09-15 08:03:04,2026-01-19 07:01:06
792,Oloid Workflow,Getting Started,e4gi378c,7041074,Outbound Network Access Requirements,https://oloid.help/en/articles/7041074-outbound-network-access-requirements,published,2023-03-01 11:36:11,2026-01-19 04:04:26
793,_Unassigned,_Unassigned,e4gi378c,13406491,Oloid Verify - How to share Logs with App Developer,,draft,2026-01-16 08:23:32,2026-01-16 10:14:32
794,Oloid Chrome Vault,Chrome Vault - Videos,e4gi378c,13406899,Chrome Vault - How to add Vault Shared Password for a User in the Tenant Admin Portal - Video Tutorial,https://oloid.help/en/articles/13406899-chrome-vault-how-to-add-vault-shared-password-for-a-user-in-the-tenant-admin-portal-video-tutorial,published,2026-01-16 10:07:25,2026-01-16 10:18:24
795,Oloid Verify/Connect,Supporting Documents,e4gi378c,8247618,Set up sharing logs with the app developer,https://oloid.help/en/articles/8247618-set-up-sharing-logs-with-the-app-developer,published,2023-08-11 09:49:46,2026-01-16 07:44:02
796,Oloid Chrome Vault,Chrome Vault - Videos,e4gi378c,13406047,Chrome Vault - How to create Shared Password in the Tenant Admin Portal - Video Tutorial,https://oloid.help/en/articles/13406047-chrome-vault-how-to-create-shared-password-in-the-tenant-admin-portal-video-tutorial,published,2026-01-16 06:57:15,2026-01-16 07:09:42
797,Oloid Verify/Connect,Oloid Connect - Credential Management,e4gi378c,13395774,Oloid Connect - Assign Badge,https://oloid.help/en/articles/13395774-oloid-connect-assign-badge,published,2026-01-15 05:12:57,2026-01-16 04:57:46
798,_Unassigned,_Unassigned,e4gi378c,13396684,How to Login to Windows Device using Face and Passkey Credential,,draft,2026-01-15 09:11:45,2026-01-15 09:13:41
799,Oloid Platform - Enterprise Features,Create and Manage Consent Documents,e4gi378c,8329629,How to configure Consent Template for user face onboarding in the Tenant Admin Portal,https://oloid.help/en/articles/8329629-how-to-configure-consent-template-for-user-face-onboarding-in-the-tenant-admin-portal,published,2023-09-04 08:24:13,2026-01-15 08:25:40
800,_Unassigned,_Unassigned,e4gi378c,13374965,Untitled public article,,draft,2026-01-13 08:45:04,2026-01-13 08:45:15
801,_Unassigned,_Unassigned,e4gi378c,13374822,Oloid Connect Feature Matrix,https://oloid.help/en/articles/13374822-oloid-connect-feature-matrix,published,2026-01-13 08:04:29,2026-01-13 08:43:34
802,_Unassigned,_Unassigned,e4gi378c,13374936,Untitled public article,,draft,2026-01-13 08:37:14,2026-01-13 08:37:14
803,Oloid Verify/Connect,Oloid Connect for iPhone,e4gi378c,12595558,How to Re-pair an Endpoint in Oloid Connect iPhone App,https://oloid.help/en/articles/12595558-how-to-re-pair-an-endpoint-in-oloid-connect-iphone-app,published,2025-10-16 11:16:46,2026-01-12 09:12:38
804,_Unassigned,_Unassigned,e4gi378c,11483850,How to configure Badge credential in Windows Login application,,draft,2025-05-30 04:08:46,2026-01-12 05:48:29
805,Quick Reference Guides ( QRG),Quick Reference Guides ( QRG),e4gi378c,13332126,Oloid Platform (QRG) - How to Create Secrets,https://oloid.help/en/articles/13332126-oloid-platform-qrg-how-to-create-secrets,published,2026-01-07 04:33:41,2026-01-09 10:35:41
806,Oloid Platform - Enterprise Features,Create and Manage Users,e4gi378c,9936961,Chrome Vault - How to create Vault Password for a user,https://oloid.help/en/articles/9936961-chrome-vault-how-to-create-vault-password-for-a-user,published,2024-09-30 04:52:32,2026-01-09 07:07:36
807,_Unassigned,_Unassigned,e4gi378c,13347649,Tenant Admin Portal QRG -How to create schedule transaction report,,draft,2026-01-09 03:09:44,2026-01-09 04:51:17
808,_Unassigned,_Unassigned,e4gi378c,13347764,Untitled public article,,draft,2026-01-09 03:52:15,2026-01-09 03:52:15
809,_Unassigned,_Unassigned,e4gi378c,13347763,Untitled public article,,draft,2026-01-09 03:52:13,2026-01-09 03:52:13
810,_Unassigned,_Unassigned,e4gi378c,13346792,Tenant Admin Portal QRG -How to create and download endpoint login log Ad-Hoc report,,draft,2026-01-09 01:23:46,2026-01-09 02:54:34
811,_Unassigned,_Unassigned,e4gi378c,13341005,Tenant Admin Portal QRG - How to create and download endpoint update Ad-Hoc report,,draft,2026-01-08 09:48:32,2026-01-08 10:31:09
812,_Unassigned,_Unassigned,e4gi378c,13340732,Tenant Admin Portal QRG - How to create user transaction Ad-Hoc report,,draft,2026-01-08 08:52:39,2026-01-08 09:16:01
813,_Unassigned,_Unassigned,e4gi378c,13340270,Tenant Admin Portal QRG - How to create and download Supervisor Ad-Hoc report,,draft,2026-01-08 06:53:58,2026-01-08 08:34:35
814,_Unassigned,_Unassigned,e4gi378c,13340188,Tenant Admin Portal QRG - How to create and download User Ad-Hoc report,,draft,2026-01-08 06:23:54,2026-01-08 06:42:16
815,Oloid Verify/Connect,Oloid Connect Videos,e4gi378c,13340107,How to view endpoint details on the Oloid Connect app on iPhone  - Video Tutorial,https://oloid.help/en/articles/13340107-how-to-view-endpoint-details-on-the-oloid-connect-app-on-iphone-video-tutorial,published,2026-01-08 05:56:32,2026-01-08 06:31:07
816,_Unassigned,_Unassigned,e4gi378c,13333301,Tenant Admin Portal QRG - How to Extend QR Code Expiry Date,https://oloid.help/en/articles/13333301-tenant-admin-portal-qrg-how-to-extend-qr-code-expiry-date,published,2026-01-07 07:22:06,2026-01-08 05:56:49
817,_Unassigned,_Unassigned,e4gi378c,13333813,Tenant Admin Portal QRG - How to create transaction Ad-Hoc report,,draft,2026-01-07 09:22:57,2026-01-08 05:54:30
818,_Unassigned,_Unassigned,e4gi378c,13339654,QRG Tenant Admin Portal - How to Send Face Invite to Connections/Groups via SMS,,draft,2026-01-08 03:43:23,2026-01-08 05:49:42
819,_Unassigned,_Unassigned,e4gi378c,13339835,QRG Tenant Admin Portal - How to Send Face Invite via Email,,draft,2026-01-08 04:28:54,2026-01-08 04:49:59
820,_Unassigned,_Unassigned,e4gi378c,13333139,Tenant Admin Portal QRG - How to Create Users,,draft,2026-01-07 06:31:34,2026-01-08 03:40:11
821,_Unassigned,_Unassigned,e4gi378c,13333168,Tenant Admin Portal QRG - How to Generate/Create QR Code Credential,,draft,2026-01-07 06:41:39,2026-01-07 11:37:34
822,_Unassigned,_Unassigned,e4gi378c,13333557,Tenant Admin Portal QRG - How to create Endpoint status Ad-Hoc Report,,draft,2026-01-07 08:31:43,2026-01-07 09:06:04
823,Quick Reference Guides ( QRG),Quick Reference Guides ( QRG),e4gi378c,13183629,Oloid Platform (QRG) - How to Generate Auto-pair config file,https://oloid.help/en/articles/13183629-oloid-platform-qrg-how-to-generate-auto-pair-config-file,published,2025-12-18 05:12:23,2026-01-07 08:56:01
824,_Unassigned,_Unassigned,e4gi378c,13333200,Tenant Admin Portal QRG -How to create and download Endpoint Details Ad-Hoc Report,,draft,2026-01-07 06:50:27,2026-01-07 08:42:21
825,Oloid Platform - Enterprise Features,Create and Manage Reports,e4gi378c,8450674,How to create and download Users Report,https://oloid.help/en/articles/8450674-how-to-create-and-download-users-report,published,2023-10-06 10:23:39,2026-01-07 08:06:02
826,_Unassigned,_Unassigned,e4gi378c,13333342,Tenant Admin Portal QRG - How to Delete QR Code Credential,,draft,2026-01-07 07:32:57,2026-01-07 07:40:49
827,Passwordless Authenticator,User Guide,e4gi378c,12779720,How to Unlock the Device Screen Using the Oloid DeviceLock App with NFC Tag Credential,https://oloid.help/en/articles/12779720-how-to-unlock-the-device-screen-using-the-oloid-devicelock-app-with-nfc-tag-credential,published,2025-11-07 04:49:56,2026-01-07 03:21:05
828,Passwordless Authenticator,User Guide,e4gi378c,12779710,How to Unlock the Device Screen using the Oloid DeviceLock App with QR Credential,https://oloid.help/en/articles/12779710-how-to-unlock-the-device-screen-using-the-oloid-devicelock-app-with-qr-credential,published,2025-11-07 04:49:22,2026-01-07 03:19:44
829,Passwordless Authenticator,User Guide,e4gi378c,12779676,How to Unlock the Device Screen using the Oloid DeviceLock App with Badge Credential,https://oloid.help/en/articles/12779676-how-to-unlock-the-device-screen-using-the-oloid-devicelock-app-with-badge-credential,published,2025-11-07 04:48:31,2026-01-07 03:18:01
830,Oloid Verify/Connect,Oloid Connect Videos,e4gi378c,13306674,How to pair an Oloid Connect endpoint with 'Auto-pair using config file' option on iPhone - Video Tutorial,https://oloid.help/en/articles/13306674-how-to-pair-an-oloid-connect-endpoint-with-auto-pair-using-config-file-option-on-iphone-video-tutorial,published,2026-01-06 10:42:13,2026-01-06 10:50:30
831,Oloid Verify/Connect,Oloid Connect Videos,e4gi378c,13285206,How to pair an Oloid Connect endpoint using 'Pair as Supervisor' option on iPhone - Video Tutorial,https://oloid.help/en/articles/13285206-how-to-pair-an-oloid-connect-endpoint-using-pair-as-supervisor-option-on-iphone-video-tutorial,published,2026-01-05 10:50:42,2026-01-05 10:58:29
832,Oloid Verify/Connect,Oloid Connect Videos,e4gi378c,13284383,Oloid Connect - Admin Setup on iPhone - Video Tutorial,https://oloid.help/en/articles/13284383-oloid-connect-admin-setup-on-iphone-video-tutorial,published,2026-01-05 08:07:40,2026-01-05 08:12:58
833,_Unassigned,_Unassigned,e4gi378c,13305012,Tenant Admin Portal QRG - How to Create Time Rule,,draft,2026-01-06 09:11:10,2026-01-06 10:38:21
834,_Unassigned,_Unassigned,e4gi378c,13303684,Tenant Admin Portal QRG - How to Create Group,,draft,2026-01-06 08:20:24,2026-01-06 09:21:22
835,Passwordless Authenticator,User Guide,e4gi378c,10026016,How to Log into Workforce/HRMS Platforms using QR Code Credential through Device Lock app,https://oloid.help/en/articles/10026016-how-to-log-into-workforce-hrms-platforms-using-qr-code-credential-through-device-lock-app,published,2024-10-22 07:20:19,2026-01-06 07:18:10
836,Oloid Platform - Enterprise Features,Insights Dashboard,e4gi378c,13001607,Oloid Platform - Insights Dashboard: User Matrix Tab,https://oloid.help/en/articles/13001607-oloid-platform-insights-dashboard-user-matrix-tab,published,2025-12-04 07:52:47,2026-01-02 10:09:08
837,_Unassigned,_Unassigned,e4gi378c,13271269,Untitled public article,,draft,2026-01-02 05:23:44,2026-01-02 05:23:44
838,Quick Reference Guides ( QRG),Quick Reference Guides ( QRG),e4gi378c,13175914,Oloid Verify QRG - How to Kill and Relaunch the App,https://oloid.help/en/articles/13175914-oloid-verify-qrg-how-to-kill-and-relaunch-the-app,published,2025-12-17 08:35:45,2025-12-31 06:15:31
839,Quick Reference Guides ( QRG),Quick Reference Guides ( QRG),e4gi378c,13000992,Oloid Connect QRG - How to Kill and Relaunch the App,https://oloid.help/en/articles/13000992-oloid-connect-qrg-how-to-kill-and-relaunch-the-app,published,2025-12-04 05:52:42,2025-12-19 05:55:16
840,Passwordless Authenticator,User Guide,e4gi378c,12779596,How to Unlock the Device Screen using the Oloid DeviceLock App with Face Credential,https://oloid.help/en/articles/12779596-how-to-unlock-the-device-screen-using-the-oloid-devicelock-app-with-face-credential,published,2025-11-07 04:46:35,2025-12-31 03:08:54
841,Oloid Platform - Enterprise Features,Create and Manage Reports - Video Tutorials,e4gi378c,13256601,How to create and download Endpoint Login Log Report in the Tenant Admin Portal - Video Tutorial,https://oloid.help/en/articles/13256601-how-to-create-and-download-endpoint-login-log-report-in-the-tenant-admin-portal-video-tutorial,published,2025-12-30 09:19:51,2025-12-30 09:38:25
842,Passwordless Authenticator,User Guide,e4gi378c,8707338,How to Log into Workforce/HRMS Platforms using Password through Oloid Device Lock app,https://oloid.help/en/articles/8707338-how-to-log-into-workforce-hrms-platforms-using-password-through-oloid-device-lock-app,published,2023-12-14 06:51:07,2025-12-30 08:37:37
843,Passwordless Authenticator,User Guide,e4gi378c,8707192,How to Log into Workforce/HRMS Platforms using NFC ID and PIN through the Oloid DeviceLock App,https://oloid.help/en/articles/8707192-how-to-log-into-workforce-hrms-platforms-using-nfc-id-and-pin-through-the-oloid-devicelock-app,published,2023-12-14 04:44:09,2025-12-30 08:29:57
844,Passwordless Authenticator,Platform Configuration,e4gi378c,8403260,How to Log in to Workforce/HRMS Platforms using Badge ID and PIN Credentials through Oloid DeviceLock app,https://oloid.help/en/articles/8403260-how-to-log-in-to-workforce-hrms-platforms-using-badge-id-and-pin-credentials-through-oloid-devicelock-app,published,2023-09-22 10:47:27,2025-12-30 08:27:39
845,Passwordless Authenticator,User Guide,e4gi378c,8702335,How to Log into Workforce/HRMS Platforms using Face Credential through Oloid DeviceLock App,https://oloid.help/en/articles/8702335-how-to-log-into-workforce-hrms-platforms-using-face-credential-through-oloid-devicelock-app,published,2023-12-13 06:23:41,2025-12-30 08:24:22
846,Passwordless Authenticator,User Guide,e4gi378c,12116245,How to Unlock Device Screen using the Oloid DeviceLock App with PIN Credential,https://oloid.help/en/articles/12116245-how-to-unlock-device-screen-using-the-oloid-devicelock-app-with-pin-credential,published,2025-08-29 10:59:30,2025-12-30 07:16:15
847,Passwordless Authenticator,Admin Guides- Windows Login,e4gi378c,11196020,How to configure Auto Update feature in Windows Login Endpoint in Tenant Admin Portal,https://oloid.help/en/articles/11196020-how-to-configure-auto-update-feature-in-windows-login-endpoint-in-tenant-admin-portal,published,2025-05-05 04:05:52,2025-12-30 06:00:24
848,Oloid Platform - Enterprise Features,Create and Manage Reports - Video Tutorials,e4gi378c,13250203,How to create and download Endpoint Update Log Report in the Tenant Admin Portal - Video Tutorial,https://oloid.help/en/articles/13250203-how-to-create-and-download-endpoint-update-log-report-in-the-tenant-admin-portal-video-tutorial,published,2025-12-29 09:32:35,2025-12-29 09:37:54
849,Oloid Platform - Enterprise Features,Create and Manage Reports - Video Tutorials,e4gi378c,13249569,How to create and download Supervisors Reports in the Tenant Admin Portal - Video Tutorial,https://oloid.help/en/articles/13249569-how-to-create-and-download-supervisors-reports-in-the-tenant-admin-portal-video-tutorial,published,2025-12-29 05:54:15,2025-12-29 05:57:55
850,Oloid Platform - Enterprise Features,Create and Manage Reports - Video Tutorials,e4gi378c,13249548,How to create and download User Transactions report in the Tenant Admin Portal - Video Tutorial,https://oloid.help/en/articles/13249548-how-to-create-and-download-user-transactions-report-in-the-tenant-admin-portal-video-tutorial,published,2025-12-29 05:44:32,2025-12-29 05:53:16
851,Passwordless Authenticator,Platform Configuration - WebKey,e4gi378c,11493834,WebKey - How to configure Face credential in Tenant Admin Portal,https://oloid.help/en/articles/11493834-webkey-how-to-configure-face-credential-in-tenant-admin-portal,published,2025-06-02 04:50:56,2025-12-26 09:40:13
852,Oloid Platform - Enterprise Features,Create and Manage Reports - Video Tutorials,e4gi378c,13228942,How to configure Onboarding Report in the Tenant Admin Portal - Video Tutorial,https://oloid.help/en/articles/13228942-how-to-configure-onboarding-report-in-the-tenant-admin-portal-video-tutorial,published,2025-12-24 06:18:50,2025-12-24 06:23:58
853,Oloid Platform - Enterprise Features,Create and Manage Reports - Video Tutorials,e4gi378c,13212947,How to configure a scheduled Transaction Report in the Tenant Admin Portal - Video Tutorial,https://oloid.help/en/articles/13212947-how-to-configure-a-scheduled-transaction-report-in-the-tenant-admin-portal-video-tutorial,published,2025-12-22 08:45:43,2025-12-22 10:33:28
854,_Unassigned,_Unassigned,e4gi378c,12965315,Quick Reference Guide - Applying an Endpoint Template in Oloid Connect Application,,draft,2025-11-29 16:52:31,2025-12-22 08:41:12
855,Oloid Platform - Enterprise Features,Create and Manage Users,e4gi378c,13009576,Oloid Platform - How to Add Other Identifiers,https://oloid.help/en/articles/13009576-oloid-platform-how-to-add-other-identifiers,published,2025-12-05 05:51:48,2025-12-19 09:47:03
856,_Unassigned,_Unassigned,e4gi378c,12275961,How to Assign Chrome Vault Shared Password to User in the Tenant Admin Portal,https://oloid.help/en/articles/12275961-how-to-assign-chrome-vault-shared-password-to-user-in-the-tenant-admin-portal,published,2025-09-12 10:22:35,2025-12-19 09:09:42
857,Oloid Platform - Enterprise Features,Create and Manage Consent Documents - Video Tutorials,e4gi378c,13191707,How to revoke consent of a user in the Tenant Admin Portal - Video Tutorial,https://oloid.help/en/articles/13191707-how-to-revoke-consent-of-a-user-in-the-tenant-admin-portal-video-tutorial,published,2025-12-19 05:50:24,2025-12-19 05:57:24
858,Oloid Platform - Enterprise Features,Create and Manage Consent Documents - Video Tutorials,e4gi378c,13185054,How to add a Consent Template to a Connection in the Tenant Admin Portal - Video Tutorial.,https://oloid.help/en/articles/13185054-how-to-add-a-consent-template-to-a-connection-in-the-tenant-admin-portal-video-tutorial,published,2025-12-18 10:23:12,2025-12-18 10:30:42
859,_Unassigned,_Unassigned,e4gi378c,13185052,Untitled public article,,draft,2025-12-18 10:22:32,2025-12-18 10:22:32
860,Oloid Verify/Connect,Oloid Connect: Installation &amp; Configuration,e4gi378c,8655926,Oloid Connect - Set up iPad in Guided Access Mode,https://oloid.help/en/articles/8655926-oloid-connect-set-up-ipad-in-guided-access-mode,published,2023-11-30 07:44:17,2025-12-18 09:57:23
861,_Unassigned,_Unassigned,e4gi378c,10198762,Oloid Verify: Add QR Code,,draft,2024-11-26 05:25:07,2025-12-18 05:25:06
862,_Unassigned,_Unassigned,e4gi378c,13183668,Oloid Portal - How to Manual Sync Users,,draft,2025-12-18 05:19:16,2025-12-18 05:20:59
863,Oloid Platform - Enterprise Features,Create and Manage Consent Documents - Video Tutorials,e4gi378c,13175942,How to create a legal document in the Tenant Admin Portal - Video Tutorial,https://oloid.help/en/articles/13175942-how-to-create-a-legal-document-in-the-tenant-admin-portal-video-tutorial,published,2025-12-17 08:42:00,2025-12-17 08:47:17
864,_Unassigned,_Unassigned,e4gi378c,13175207,Oloid Connect: Admin/Supervisor Login Guide for iPhone,,draft,2025-12-17 05:39:57,2025-12-17 07:07:34
865,Oloid Verify/Connect,Oloid Connect- Admin Guides,e4gi378c,8671144,How to Log in to Admin Mode in the Oloid Connect App,https://oloid.help/en/articles/8671144-how-to-log-in-to-admin-mode-in-the-oloid-connect-app,published,2023-12-04 09:05:52,2025-12-17 05:41:48
866,Oloid Platform - Enterprise Features,Create and Manage Consent Documents - Video Tutorials,e4gi378c,13168226,How to create a consent template - Video Tutorial,https://oloid.help/en/articles/13168226-how-to-create-a-consent-template-video-tutorial,published,2025-12-16 11:28:12,2025-12-16 11:32:28
867,Oloid Platform - Enterprise Features,Create and Manage Consent Documents - Video Tutorials,e4gi378c,13166340,How to view and download Consent History of a user - Video Tutorial,https://oloid.help/en/articles/13166340-how-to-view-and-download-consent-history-of-a-user-video-tutorial,published,2025-12-16 09:22:04,2025-12-16 10:49:51
868,Oloid Verify/Connect,Oloid Connect for iPhone,e4gi378c,12554774,Oloid Connect - Admin Setup on iPhone,https://oloid.help/en/articles/12554774-oloid-connect-admin-setup-on-iphone,published,2025-10-10 09:07:41,2025-12-16 06:11:39
869,Oloid Platform - Enterprise Features,Create and Manage Consent Documents,e4gi378c,12990832,How to view and download Consent History of a User,https://oloid.help/en/articles/12990832-how-to-view-and-download-consent-history-of-a-user,published,2025-12-03 08:27:35,2025-12-16 05:50:23
870,_Unassigned,_Unassigned,e4gi378c,13158359,Quick Reference Guide - How to close and relaunch Oloid Connect App,,draft,2025-12-15 08:49:00,2025-12-15 10:32:04
871,Oloid Platform - Enterprise Features,Accounts and Settings,e4gi378c,8777811,Archived- How to configure Bluetooth for M-Tag,https://oloid.help/en/articles/8777811-archived-how-to-configure-bluetooth-for-m-tag,published,2024-01-05 05:15:39,2025-12-15 08:08:43
872,Oloid Platform - Enterprise Features,Create and Manage Consent Documents - Video Tutorials,e4gi378c,13157907,How to view and download Active Consent of a user - Video Tutorial,https://oloid.help/en/articles/13157907-how-to-view-and-download-active-consent-of-a-user-video-tutorial,published,2025-12-15 07:26:42,2025-12-15 07:44:32
873,Oloid Verify/Connect,Oloid Connect Videos,e4gi378c,13037535,Oloid Connect App for iPhone - How to authenticate using face - Video Tutorial,https://oloid.help/en/articles/13037535-oloid-connect-app-for-iphone-how-to-authenticate-using-face-video-tutorial,published,2025-12-08 05:56:26,2025-12-15 07:01:32
874,Oloid Verify/Connect,Oloid Connect Videos,e4gi378c,13041500,Oloid Connect App for iPhone - How to authenticate using QR Code - Video Tutorial,https://oloid.help/en/articles/13041500-oloid-connect-app-for-iphone-how-to-authenticate-using-qr-code-video-tutorial,published,2025-12-08 10:41:55,2025-12-15 06:59:49
875,Oloid Verify/Connect,Oloid Connect Videos,e4gi378c,13157791,Oloid Connect App for iPhone - How to authenticate using PIN - Video Tutorial,https://oloid.help/en/articles/13157791-oloid-connect-app-for-iphone-how-to-authenticate-using-pin-video-tutorial,published,2025-12-15 06:50:05,2025-12-15 06:57:53
876,Oloid Verify/Connect,Oloid Connect: Installation &amp; Configuration,e4gi378c,8592076,How to Download and Install the Oloid Connect App in iPad,https://oloid.help/en/articles/8592076-how-to-download-and-install-the-oloid-connect-app-in-ipad,published,2023-11-15 08:46:52,2025-12-15 06:51:46
877,Oloid Platform - Enterprise Features,Accounts and Settings,e4gi378c,8804661,How to configure Oloid app?,https://oloid.help/en/articles/8804661-how-to-configure-oloid-app,published,2024-01-11 10:04:25,2024-11-13 06:54:35
878,Oloid Platform - Enterprise Features,Create and Manage Endpoints,e4gi378c,8263173,How to add a M-Tag endpoint,https://oloid.help/en/articles/8263173-how-to-add-a-m-tag-endpoint,published,2023-08-16 09:20:18,2024-12-18 05:54:43
879,_Unassigned,_Unassigned,e4gi378c,13009991,Untitled public article,,draft,2025-12-05 07:52:30,2025-12-05 07:52:30
880,_Unassigned,_Unassigned,e4gi378c,13009985,Untitled public article,,draft,2025-12-05 07:51:34,2025-12-05 07:51:34
881,Oloid Platform - Enterprise Features,Create and Manage Reports,e4gi378c,12807356,How to create and download Endpoint Login Log Report,https://oloid.help/en/articles/12807356-how-to-create-and-download-endpoint-login-log-report,published,2025-11-11 06:28:00,2025-12-05 05:43:55
882,Oloid Verify/Connect,Oloid Connect - Credential Management,e4gi378c,11735953,Oloid Connect - How to extend QR code,https://oloid.help/en/articles/11735953-oloid-connect-how-to-extend-qr-code,published,2025-07-09 05:12:33,2025-12-04 10:33:59
883,Oloid Verify/Connect,Oloid Connect - Credential Management,e4gi378c,8789251,Oloid Connect - How to send QR code to user,https://oloid.help/en/articles/8789251-oloid-connect-how-to-send-qr-code-to-user,published,2024-01-08 05:19:05,2025-12-04 09:14:24
884,Oloid Verify/Connect,Oloid Connect - Credential Management,e4gi378c,10304065,Oloid Connect - Add NFC/ID,https://oloid.help/en/articles/10304065-oloid-connect-add-nfc-id,published,2024-12-19 06:03:12,2025-12-04 08:29:14
885,_Unassigned,_Unassigned,e4gi378c,13001606,Untitled public article,,draft,2025-12-04 07:52:44,2025-12-04 07:52:44
886,_Unassigned,_Unassigned,e4gi378c,13001306,Insights Dashboard,,draft,2025-12-04 07:18:36,2025-12-04 07:52:26
887,Oloid Verify/Connect,Oloid Connect - Credential Management,e4gi378c,8768778,Oloid Connect - Set PIN,https://oloid.help/en/articles/8768778-oloid-connect-set-pin,published,2024-01-03 08:54:48,2025-12-03 08:49:13
888,Oloid Verify/Connect,Oloid Connect - Credential Management,e4gi378c,8601079,Oloid Connect - Add User,https://oloid.help/en/articles/8601079-oloid-connect-add-user,published,2023-11-17 11:15:06,2025-12-03 07:38:56
889,Oloid Verify/Connect,Oloid Connect - Credential Management,e4gi378c,8764539,Oloid Connect - Add QR Code,https://oloid.help/en/articles/8764539-oloid-connect-add-qr-code,published,2024-01-02 09:03:58,2025-12-03 06:41:44
890,_Unassigned,_Unassigned,e4gi378c,12965245,"How to Enable Show Camera Flip Button in Oloid Connect Application",,draft,2025-11-29 16:23:12,2025-12-03 05:03:40
891,Oloid Verify/Connect,Oloid Connect - Credential Management,e4gi378c,8616669,Oloid Connect - View user details,https://oloid.help/en/articles/8616669-oloid-connect-view-user-details,published,2023-11-22 06:26:52,2025-12-02 08:25:20
892,Passwordless Authenticator,Videos - Device Lock,e4gi378c,12980144,How to unlock the device screen using the Oloid DeviceLock App with Face as credential - Video Tutorial,https://oloid.help/en/articles/12980144-how-to-unlock-the-device-screen-using-the-oloid-devicelock-app-with-face-as-credential-video-tutorial,published,2025-12-02 06:03:13,2025-12-02 06:11:27
893,_Unassigned,_Unassigned,e4gi378c,12958185,How to Enable Take Re-consent During Transactions Toggle for Oloid Connect Application in Tenant Admin Portal,,draft,2025-11-28 04:23:10,2025-11-29 16:22:56
894,Passwordless Authenticator,Platform Configuration,e4gi378c,11508439,How to Enable Device Lock Mode for DeviceLock App in the Tenant Admin Portal,https://oloid.help/en/articles/11508439-how-to-enable-device-lock-mode-for-devicelock-app-in-the-tenant-admin-portal,published,2025-06-04 10:55:48,2025-11-28 11:01:01
895,Oloid Verify/Connect,Oloid Connect- Admin Guides,e4gi378c,8611826,Oloid Connect - How to test  Network Connectivity on the Oloid Connect Endpoint,https://oloid.help/en/articles/8611826-oloid-connect-how-to-test-network-connectivity-on-the-oloid-connect-endpoint,published,2023-11-21 10:53:28,2025-11-28 06:39:11
896,Oloid Workflow,Getting Started,e4gi378c,8052890,Instruction for Workflow Instance Setup,https://oloid.help/en/articles/8052890-instruction-for-workflow-instance-setup,published,2023-06-26 11:12:04,2025-11-26 07:08:55
897,Oloid Verify/Connect,Oloid Connect: Installation &amp; Configuration,e4gi378c,10345413,Oloid Connect - First Time Login Using Okta SSO,https://oloid.help/en/articles/10345413-oloid-connect-first-time-login-using-okta-sso,published,2025-01-03 05:13:43,2025-11-24 07:12:37
898,Oloid Verify/Connect,Oloid Connect: Installation &amp; Configuration,e4gi378c,10293864,Oloid Connect - First Time Login Using Microsoft SSO,https://oloid.help/en/articles/10293864-oloid-connect-first-time-login-using-microsoft-sso,published,2024-12-17 07:06:48,2025-11-24 06:14:00
899,Oloid Verify/Connect,Oloid Connect: Installation &amp; Configuration,e4gi378c,10293811,Oloid Connect - First Time Login Using Google SSO,https://oloid.help/en/articles/10293811-oloid-connect-first-time-login-using-google-sso,published,2024-12-17 06:28:28,2025-11-21 10:32:37
900,Oloid Verify/Connect,Oloid Connect: Installation &amp; Configuration,e4gi378c,8617065,Oloid Connect - Hardware and Software Requirements,https://oloid.help/en/articles/8617065-oloid-connect-hardware-and-software-requirements,published,2023-11-22 09:37:06,2025-11-20 11:21:02
901,Oloid Verify/Connect,Oloid Connect: Platform Configuration,e4gi378c,12838474,How to apply Endpoint Template after Auto-pair for the Oloid Connect application in the Tenant Admin Portal,https://oloid.help/en/articles/12838474-how-to-apply-endpoint-template-after-auto-pair-for-the-oloid-connect-application-in-the-tenant-admin-portal,published,2025-11-14 03:43:18,2025-11-20 09:51:05
902,Oloid Verify/Connect,Oloid Connect: Platform Configuration,e4gi378c,12750269,How to apply Endpoint Template during Auto-pair process for Oloid Connect application,https://oloid.help/en/articles/12750269-how-to-apply-endpoint-template-during-auto-pair-process-for-oloid-connect-application,published,2025-11-05 08:37:14,2025-11-20 08:39:04
903,Oloid Platform - Enterprise Features,Create and Manage Connections,e4gi378c,11710522,How to add Personal Computer/Smart Card (PC/SC) Badge input enabled Connection to the Application in the Tenant Admin Portal,https://oloid.help/en/articles/11710522-how-to-add-personal-computer-smart-card-pc-sc-badge-input-enabled-connection-to-the-application-in-the-tenant-admin-portal,published,2025-07-04 04:56:31,2025-11-20 03:29:16
904,Passwordless Authenticator,Videos - Device Lock,e4gi378c,12878562,How to unlock the device screen using the Oloid DeviceLock App with NFC ID as credential - Video Tutorial,https://oloid.help/en/articles/12878562-how-to-unlock-the-device-screen-using-the-oloid-devicelock-app-with-nfc-id-as-credential-video-tutorial,published,2025-11-19 10:09:52,2025-11-19 10:14:19
905,Passwordless Authenticator,Videos - Device Lock,e4gi378c,12878529,How to unlock the device screen using the Oloid DeviceLock App with QR Code as credential - Video Tutorial,https://oloid.help/en/articles/12878529-how-to-unlock-the-device-screen-using-the-oloid-devicelock-app-with-qr-code-as-credential-video-tutorial,published,2025-11-19 10:02:16,2025-11-19 10:06:03
906,Passwordless Authenticator,Videos - Device Lock,e4gi378c,12867587,How to unlock the device screen using the Oloid DeviceLock App with Badge as credential - Video Tutorial,https://oloid.help/en/articles/12867587-how-to-unlock-the-device-screen-using-the-oloid-devicelock-app-with-badge-as-credential-video-tutorial,published,2025-11-18 10:02:43,2025-11-18 10:08:33
907,Passwordless Authenticator,Videos - Device Lock,e4gi378c,12856056,How to install and set up the Oloid DeviceLock app - Video Tutorial,https://oloid.help/en/articles/12856056-how-to-install-and-set-up-the-oloid-devicelock-app-video-tutorial,published,2025-11-17 08:20:59,2025-11-18 07:59:33
908,Passwordless Authenticator,Oloid iOS Passwordless Authenticator- Oloid Connect,e4gi378c,10537218,What is Oloid Connect for Passwordless,https://oloid.help/en/articles/10537218-what-is-oloid-connect-for-passwordless,published,2025-02-11 06:20:19,2025-11-18 05:18:32
909,Oloid Platform - Enterprise Features,Accounts and Settings,e4gi378c,11659590,How to generate Role based Credential API token in Tenant Admin Portal,https://oloid.help/en/articles/11659590-how-to-generate-role-based-credential-api-token-in-tenant-admin-portal,published,2025-06-26 08:11:49,2025-11-17 12:17:43
910,Oloid Verify/Connect,Supporting Documents,e4gi378c,8077722,Hardware requirement for Oloid Connect installation - To be deleted,,draft,2023-07-04 04:19:01,2025-11-17 11:09:14
911,Passwordless Authenticator,Videos - Device Lock,e4gi378c,12856036,How to log into Workforce / HRMS platforms using Face as credential through Oloid DeviceLock app - Video Tutorial,https://oloid.help/en/articles/12856036-how-to-log-into-workforce-hrms-platforms-using-face-as-credential-through-oloid-devicelock-app-video-tutorial,published,2025-11-17 08:13:30,2025-11-17 08:20:00
912,Passwordless Authenticator,Videos - Device Lock,e4gi378c,12780427,How to log into Workforce / HRMS platforms using Password through Oloid DeviceLock app - Video Tutorial,https://oloid.help/en/articles/12780427-how-to-log-into-workforce-hrms-platforms-using-password-through-oloid-devicelock-app-video-tutorial,published,2025-11-07 08:00:20,2025-11-17 08:17:51
913,Passwordless Authenticator,Reporting,e4gi378c,8446515,Ad-hoc Reports,https://oloid.help/en/articles/8446515-ad-hoc-reports,published,2023-10-05 09:16:08,2025-11-17 06:39:32
914,Oloid Platform - Enterprise Features,Create and Manage Reports,e4gi378c,12807264,How to create and download Endpoint Update Log Report,https://oloid.help/en/articles/12807264-how-to-create-and-download-endpoint-update-log-report,published,2025-11-11 05:50:29,2025-11-14 10:16:23
915,Oloid Platform - Enterprise Features,Create and Manage Reports,e4gi378c,12807154,How to create and download Supervisors Reports,https://oloid.help/en/articles/12807154-how-to-create-and-download-supervisors-reports,published,2025-11-11 04:59:36,2025-11-14 10:10:22
916,Oloid Platform - Enterprise Features,Create and Manage Reports,e4gi378c,8450433,How to create and download Endpoint Status Report,https://oloid.help/en/articles/8450433-how-to-create-and-download-endpoint-status-report,published,2023-10-06 08:13:54,2025-11-14 09:55:54
917,Passwordless Authenticator,Reporting,e4gi378c,8454980,Scheduled Reports,https://oloid.help/en/articles/8454980-scheduled-reports,published,2023-10-09 04:47:31,2025-11-14 08:56:06
918,Oloid Platform - Enterprise Features,Create and Manage Reports,e4gi378c,8455465,How to configure Onboarding Report,https://oloid.help/en/articles/8455465-how-to-configure-onboarding-report,published,2023-10-09 09:02:32,2025-11-14 05:44:53
919,Oloid Platform - Enterprise Features,Create and Manage Reports,e4gi378c,8450096,How to create onboarding report,https://oloid.help/en/articles/8450096-how-to-create-onboarding-report,published,2023-10-06 06:05:32,2025-11-14 05:19:56
920,Passwordless Authenticator,Videos - Device Lock,e4gi378c,12829531,How to log into Workforce HRMS platforms using QR Code through Oloid Device Lock app - Video Tutorial,https://oloid.help/en/articles/12829531-how-to-log-into-workforce-hrms-platforms-using-qr-code-through-oloid-device-lock-app-video-tutorial,published,2025-11-13 10:22:43,2025-11-13 10:27:59
921,Passwordless Authenticator,Videos - Device Lock,e4gi378c,12828209,How to log into Workforce/HRMS platforms using Badge through Oloid Device Lock app - Video Tutorial,https://oloid.help/en/articles/12828209-how-to-log-into-workforce-hrms-platforms-using-badge-through-oloid-device-lock-app-video-tutorial,published,2025-11-13 06:47:06,2025-11-13 07:17:25
922,Passwordless Authenticator,Videos - Device Lock,e4gi378c,12828419,How to log into Workforce/HRMS platforms using NFC ID through Oloid Device Lock app - Video Tutorial,https://oloid.help/en/articles/12828419-how-to-log-into-workforce-hrms-platforms-using-nfc-id-through-oloid-device-lock-app-video-tutorial,published,2025-11-13 07:08:18,2025-11-13 07:15:12
923,Oloid Platform - Enterprise Features,Accounts and Settings,e4gi378c,9823811,How to Generate Application Programming Interface (API) Key in Tenant Admin Portal,https://oloid.help/en/articles/9823811-how-to-generate-application-programming-interface-api-key-in-tenant-admin-portal,published,2024-09-04 16:04:29,2025-11-13 06:52:38
924,_Unassigned,_Unassigned,e4gi378c,12799279,Test Roshan,https://oloid.help/en/articles/12799279-test-roshan,published,2025-11-10 09:31:52,2025-11-10 09:34:19
925,Oloid Verify/Connect,Oloid Verify - Credential Management,e4gi378c,9571329,Oloid Verify: Add PIN,,draft,2024-07-08 08:54:57,2025-11-07 07:03:28
926,Oloid Platform - Enterprise Features,Accounts and Settings,e4gi378c,8262858,How to add and invite a Supervisor,https://oloid.help/en/articles/8262858-how-to-add-and-invite-a-supervisor,published,2023-08-16 06:31:48,2025-11-07 04:46:01
927,Passwordless Authenticator,Videos - Device Lock,e4gi378c,12761296,How to pair Oloid DeviceLock App with “Auto-Pair” option - Video Tutorial,https://oloid.help/en/articles/12761296-how-to-pair-oloid-devicelock-app-with-auto-pair-option-video-tutorial,published,2025-11-06 08:20:56,2025-11-06 08:24:28
928,Passwordless Authenticator,Videos - Device Lock,e4gi378c,12742197,How to pair Oloid DeviceLock App with  “Auto-Pair using Config File” option - Video Tutorial,https://oloid.help/en/articles/12742197-how-to-pair-oloid-devicelock-app-with-auto-pair-using-config-file-option-video-tutorial,published,2025-11-04 11:41:13,2025-11-06 07:30:11
929,_Unassigned,_Unassigned,e4gi378c,12760540,Oloid Verify: Platform Configuration,https://oloid.help/en/articles/12760540-oloid-verify-platform-configuration,published,2025-11-06 04:42:19,2025-11-06 04:42:41
930,Passwordless Authenticator,Videos - Device Lock,e4gi378c,12751861,How to unlock android device using Oloid DeviceLock App with PIN - Video Tutorial,https://oloid.help/en/articles/12751861-how-to-unlock-android-device-using-oloid-devicelock-app-with-pin-video-tutorial,published,2025-11-05 10:57:37,2025-11-05 11:07:12
931,Passwordless Authenticator,Videos - Device Lock,e4gi378c,12750323,How to pair Oloid DeviceLock App with “Pair as Supervisor” option - Video Tutorial,https://oloid.help/en/articles/12750323-how-to-pair-oloid-devicelock-app-with-pair-as-supervisor-option-video-tutorial,published,2025-11-05 08:51:29,2025-11-05 08:55:28
932,Oloid Verify/Connect,Getting Started with Oloid Connect App,e4gi378c,6903800,What is Oloid Connect?,https://oloid.help/en/articles/6903800-what-is-oloid-connect,published,2023-01-18 11:27:40,2025-11-05 05:52:29
933,Oloid Verify/Connect,Oloid Connect Videos,e4gi378c,12729475,How to authenticate using face in the Oloid Connect App - Video Tutorial,https://oloid.help/en/articles/12729475-how-to-authenticate-using-face-in-the-oloid-connect-app-video-tutorial,published,2025-11-03 09:10:59,2025-11-03 09:17:03
934,Oloid Verify/Connect,Oloid Connect Videos,e4gi378c,12708368,How to authenticate using PIN in the Oloid Connect App - Video Tutorial,https://oloid.help/en/articles/12708368-how-to-authenticate-using-pin-in-the-oloid-connect-app-video-tutorial,published,2025-10-31 09:12:33,2025-10-31 09:21:14
935,Passwordless Authenticator,Platform Configuration,e4gi378c,11501456,How to Log out of the Oloid DeviceLock App,https://oloid.help/en/articles/11501456-how-to-log-out-of-the-oloid-devicelock-app,published,2025-06-03 06:36:10,2025-10-30 12:35:07
936,Passwordless Authenticator,Platform Configuration,e4gi378c,11508048,How to check health of Oloid DeviceLock App,https://oloid.help/en/articles/11508048-how-to-check-health-of-oloid-devicelock-app,published,2025-06-04 08:51:39,2025-10-30 10:31:59
937,Oloid Verify/Connect,Oloid Connect Videos,e4gi378c,12699302,How to authenticate using NFC ID in the Oloid Connect App - Video Tutorial,https://oloid.help/en/articles/12699302-how-to-authenticate-using-nfc-id-in-the-oloid-connect-app-video-tutorial,published,2025-10-30 08:14:03,2025-10-30 09:58:25
938,Oloid Verify/Connect,Oloid Connect Videos,e4gi378c,12699635,How to authenticate using Badge in the Oloid Connect App - Video Tutorial,https://oloid.help/en/articles/12699635-how-to-authenticate-using-badge-in-the-oloid-connect-app-video-tutorial,published,2025-10-30 09:39:21,2025-10-30 09:46:37
939,_Unassigned,_Unassigned,e4gi378c,12697838,Test for Tech Writer,https://oloid.help/en/articles/12697838-test-for-tech-writer,published,2025-10-30 04:57:28,2025-10-30 05:02:47
940,Passwordless Authenticator,Platform Configuration,e4gi378c,11507892,How to share logs in DeviceLock App,https://oloid.help/en/articles/11507892-how-to-share-logs-in-devicelock-app,published,2025-06-04 08:09:37,2025-10-29 08:05:38
941,Oloid Verify/Connect,Oloid Connect: Installation &amp; Configuration,e4gi378c,11677542,How to Install and Auto-Pair Oloid Connect App through MDM,https://oloid.help/en/articles/11677542-how-to-install-and-auto-pair-oloid-connect-app-through-mdm,published,2025-06-30 05:02:17,2025-10-28 08:15:13
942,Oloid Verify/Connect,Oloid Connect Videos,e4gi378c,12673617,How to authenticate using QR Code in the Oloid Connect App - Video Tutorial,https://oloid.help/en/articles/12673617-how-to-authenticate-using-qr-code-in-the-oloid-connect-app-video-tutorial,published,2025-10-27 11:15:17,2025-10-27 11:16:54
943,Oloid Verify/Connect,Oloid Connect Videos,e4gi378c,12673208,How to authenticate using QR Code and PIN in the Oloid Connect App - Video Tutorial.,https://oloid.help/en/articles/12673208-how-to-authenticate-using-qr-code-and-pin-in-the-oloid-connect-app-video-tutorial,published,2025-10-27 10:02:44,2025-10-27 10:09:55
944,Passwordless Authenticator,Videos - Device Lock,e4gi378c,12672775,How to enroll NFC/ID for users in the DeviceLock App - Video Tutorial,https://oloid.help/en/articles/12672775-how-to-enroll-nfc-id-for-users-in-the-devicelock-app-video-tutorial,published,2025-10-27 07:50:54,2025-10-27 07:55:11
945,_Unassigned,_Unassigned,e4gi378c,12672438,How to Enroll User Badge in the DeviceLock App via Admin Mode,,draft,2025-10-27 05:27:12,2025-10-27 05:54:10
946,Passwordless Authenticator,Platform Configuration,e4gi378c,11532508,How to enable DeviceLock Workday Punch Integration in Tenant Admin Portal,https://oloid.help/en/articles/11532508-how-to-enable-devicelock-workday-punch-integration-in-tenant-admin-portal,published,2025-06-09 09:27:48,2025-10-07 11:29:33
947,_Unassigned,_Unassigned,e4gi378c,11513752,How to enable Time Clocking Mode for DeviceLock App in Tenant Admin Portal,,draft,2025-06-05 08:40:15,2025-07-14 08:40:48
948,Passwordless Authenticator,Videos - Device Lock,e4gi378c,12646301,How to log in to admin mode in Oloid DeviceLock App - Video Tutorial,https://oloid.help/en/articles/12646301-how-to-log-in-to-admin-mode-in-oloid-devicelock-app-video-tutorial,published,2025-10-23 09:59:09,2025-10-23 10:02:23
949,Passwordless Authenticator,Getting Started with WebKey,e4gi378c,12569880,Webkey - Hardware and Software Requirements,https://oloid.help/en/articles/12569880-webkey-hardware-and-software-requirements,published,2025-10-13 10:32:10,2025-10-23 10:01:00
950,Oloid Verify/Connect,Oloid Connect Videos,e4gi378c,12606383,How to generate Auto-Pair config file for Oloid Connect App in the Tenant Admin Portal - Video Tutorial,https://oloid.help/en/articles/12606383-how-to-generate-auto-pair-config-file-for-oloid-connect-app-in-the-tenant-admin-portal-video-tutorial,published,2025-10-17 09:56:26,2025-10-17 10:01:10
951,Oloid Verify/Connect,Oloid Connect Videos,e4gi378c,12605756,How to install and set up the Oloid Connect App - Video Tutorial,https://oloid.help/en/articles/12605756-how-to-install-and-set-up-the-oloid-connect-app-video-tutorial,published,2025-10-17 08:05:45,2025-10-17 08:10:00
952,_Unassigned,_Unassigned,e4gi378c,12596267,Windows Login App - Hardware and Software Requirements,,draft,2025-10-16 12:04:17,2025-10-16 12:31:34
953,Oloid Verify/Connect,Oloid Connect Videos,e4gi378c,12577057,How to prepare and upload Job code and Charge code templates for Oloid Connect App - Video Tutorial,https://oloid.help/en/articles/12577057-how-to-prepare-and-upload-job-code-and-charge-code-templates-for-oloid-connect-app-video-tutorial,published,2025-10-14 07:51:42,2025-10-14 07:55:24
954,Oloid Verify/Connect,Oloid Connect Videos,e4gi378c,12554245,How to extend QR Code expiry date and time for user in the Oloid Connect App - Video Tutorial,https://oloid.help/en/articles/12554245-how-to-extend-qr-code-expiry-date-and-time-for-user-in-the-oloid-connect-app-video-tutorial,published,2025-10-10 06:53:46,2025-10-10 07:04:46
955,Oloid Verify/Connect,Oloid Connect Videos,e4gi378c,12546468,How to create NFC ID for user in the Oloid Connect App - Video Tutorial,https://oloid.help/en/articles/12546468-how-to-create-nfc-id-for-user-in-the-oloid-connect-app-video-tutorial,published,2025-10-09 08:36:22,2025-10-09 08:48:24
956,Oloid Verify/Connect,Oloid Connect Videos,e4gi378c,12538475,How to create QR Code for user in the Oloid Connect App - Video Tutorial,https://oloid.help/en/articles/12538475-how-to-create-qr-code-for-user-in-the-oloid-connect-app-video-tutorial,published,2025-10-08 08:28:27,2025-10-08 08:37:21
957,_Unassigned,_Unassigned,e4gi378c,11560127,How to set Screen Timeout Duration for DeviceLock in the Tenant Admin Portal,,draft,2025-06-12 05:46:37,2025-10-08 05:17:21
958,Oloid Verify/Connect,Oloid Connect Videos,e4gi378c,12529545,How to view user details in the Oloid Connect App - Video Tutorial,https://oloid.help/en/articles/12529545-how-to-view-user-details-in-the-oloid-connect-app-video-tutorial,published,2025-10-07 10:04:30,2025-10-07 10:10:18
959,Oloid Verify/Connect,Oloid Connect Videos,e4gi378c,11484217,How to add a face from an endpoint using the Oloid Connect App,https://oloid.help/en/articles/11484217-how-to-add-a-face-from-an-endpoint-using-the-oloid-connect-app,published,2025-05-30 08:30:09,2025-10-07 09:54:41
960,_Unassigned,_Unassigned,e4gi378c,12468363,How to Setup Configure tab for Chrome Vault Application in the Tenant Admin Portal,https://oloid.help/en/articles/12468363-how-to-setup-configure-tab-for-chrome-vault-application-in-the-tenant-admin-portal,published,2025-10-01 04:45:16,2025-10-01 07:02:53
961,Oloid Verify/Connect,Oloid Connect Videos,e4gi378c,12458638,How to create PIN for user in the Oloid Connect App - Video Tutorial,https://oloid.help/en/articles/12458638-how-to-create-pin-for-user-in-the-oloid-connect-app-video-tutorial,published,2025-09-30 10:53:20,2025-09-30 10:57:05
962,_Unassigned,_Unassigned,e4gi378c,12458453,How to setup Configure tab for Chrome Vault Application in the Tenant Admin Portal,,draft,2025-09-30 10:10:36,2025-09-30 10:12:29
963,_Unassigned,_Unassigned,e4gi378c,10756940,How to add Connections in Windows Login Application,https://oloid.help/en/articles/10756940-how-to-add-connections-in-windows-login-application,published,2025-03-12 08:12:18,2025-09-30 09:45:35
964,_Unassigned,_Unassigned,e4gi378c,12456969,Insights,,draft,2025-09-30 04:36:42,2025-09-30 04:37:13
965,Oloid Verify/Connect,Oloid Connect Videos,e4gi378c,10530804,How to pair an Oloid Connect endpoint- Video Tutorial,https://oloid.help/en/articles/10530804-how-to-pair-an-oloid-connect-endpoint-video-tutorial,published,2025-02-10 06:33:26,2025-09-29 10:42:25
966,Oloid User Portal,Oloid User Portal - Badge Management,e4gi378c,9464983,How to replace and assign Badge using Oloid User Portal,https://oloid.help/en/articles/9464983-how-to-replace-and-assign-badge-using-oloid-user-portal,published,2024-06-13 12:12:16,2025-09-29 09:56:11
967,Oloid User Portal,Oloid User Portal - Badge Management,e4gi378c,9880879,How to Deactivate Badge in Oloid User Portal,https://oloid.help/en/articles/9880879-how-to-deactivate-badge-in-oloid-user-portal,published,2024-09-16 04:38:08,2025-09-29 09:49:40
968,Oloid User Portal,Oloid User Portal - Badge Management,e4gi378c,9459048,How to enroll for Badge Login using Oloid User Portal,https://oloid.help/en/articles/9459048-how-to-enroll-for-badge-login-using-oloid-user-portal,published,2024-06-12 04:37:21,2025-09-29 09:43:26
969,Oloid User Portal,Oloid User Portal - PIN Management,e4gi378c,9448187,How to edit PIN in Oloid User Portal,https://oloid.help/en/articles/9448187-how-to-edit-pin-in-oloid-user-portal,published,2024-06-10 10:46:03,2025-09-29 09:36:28
970,Oloid User Portal,Oloid User Portal - PIN Management,e4gi378c,9489199,How to reset PIN using invite link in Oloid User Portal,https://oloid.help/en/articles/9489199-how-to-reset-pin-using-invite-link-in-oloid-user-portal,published,2024-06-18 06:33:23,2025-09-29 09:25:46
971,Oloid User Portal,Oloid User Portal - PIN Management,e4gi378c,9459704,How to create PIN using invite link in Oloid User Portal,https://oloid.help/en/articles/9459704-how-to-create-pin-using-invite-link-in-oloid-user-portal,published,2024-06-12 10:30:06,2025-09-29 09:21:18
972,Oloid Verify/Connect,Oloid Connect Videos,e4gi378c,12441752,How to create Oloid Connect application in the Tenant Admin Portal - Video Tutorial,https://oloid.help/en/articles/12441752-how-to-create-oloid-connect-application-in-the-tenant-admin-portal-video-tutorial,published,2025-09-29 09:14:54,2025-09-29 09:20:39
973,Oloid Platform - Enterprise Features,Create and Manage Shared Credentials,e4gi378c,8717165,How to assign shared credentials to an endpoint through the oloid platform?,https://oloid.help/en/articles/8717165-how-to-assign-shared-credentials-to-an-endpoint-through-the-oloid-platform,published,2023-12-18 09:07:26,2025-09-29 08:24:58
974,Passwordless Authenticator,User Guide,e4gi378c,10558995,How to log in with QR Code using Oloid's DeviceLock app- Video Tutorial,https://oloid.help/en/articles/10558995-how-to-log-in-with-qr-code-using-oloid-s-devicelock-app-video-tutorial,published,2025-02-14 10:34:11,2025-02-28 11:27:52
975,Oloid User Portal,Oloid User Portal - PIN Management,e4gi378c,9423743,How to create PIN using Oloid User Portal,https://oloid.help/en/articles/9423743-how-to-create-pin-using-oloid-user-portal,published,2024-06-05 09:55:03,2025-09-26 11:00:28
976,Passwordless Authenticator,Passwordless Authenticator Videos,e4gi378c,12426879,Oloid Passwordless Solution - Video Tutorial,https://oloid.help/en/articles/12426879-oloid-passwordless-solution-video-tutorial,published,2025-09-26 10:16:55,2025-09-26 10:34:45
977,Oloid Platform - Enterprise Features,Create and Manage Users,e4gi378c,8379462,How to assign Badge ID as credential to users,https://oloid.help/en/articles/8379462-how-to-assign-badge-id-as-credential-to-users,published,2023-09-15 09:20:38,2025-09-26 09:48:57
978,Oloid Platform - Enterprise Features,Create and Manage Users,e4gi378c,9937001,How to Send an Email Invite to Users to Set Their PIN,https://oloid.help/en/articles/9937001-how-to-send-an-email-invite-to-users-to-set-their-pin,published,2024-09-30 05:24:33,2025-09-26 08:48:19
979,Passwordless Authenticator,Credential Management,e4gi378c,8402155,Badge Onboarding,https://oloid.help/en/articles/8402155-badge-onboarding,published,2023-09-22 05:47:47,2025-09-26 08:39:24
980,_Unassigned,_Unassigned,e4gi378c,12425279,stand alone docs for chrome vault (configuration),,draft,2025-09-26 08:10:27,2025-09-26 08:11:26
981,_Unassigned,_Unassigned,e4gi378c,12298603,How to customize Job Code screen in Oloid Connect Application,,draft,2025-09-16 04:13:23,2025-09-25 08:56:40
982,Oloid Platform - Enterprise Features,Create and Manage Connections,e4gi378c,8304594,How to Map Connections to an Application in the Tenant Admin Portal,https://oloid.help/en/articles/8304594-how-to-map-connections-to-an-application-in-the-tenant-admin-portal,published,2023-08-29 09:41:51,2025-09-25 06:30:05
983,Oloid Workflow,Oloid Workflow,e4gi378c,7986154,Oloid Workflow Guides List,https://oloid.help/en/articles/7986154-oloid-workflow-guides-list,published,2023-06-07 03:33:38,2025-09-24 10:48:13
984,Oloid User Portal,Oloid User Portal - Password Management,e4gi378c,9880892,How to Create Vault Password using Oloid User Portal,https://oloid.help/en/articles/9880892-how-to-create-vault-password-using-oloid-user-portal,published,2024-09-16 04:56:34,2025-09-24 09:30:29
985,Oloid Verify/Connect,Oloid Connect - Credential Management,e4gi378c,10307929,How to add Shared Credential to a User in Oloid Connect,https://oloid.help/en/articles/10307929-how-to-add-shared-credential-to-a-user-in-oloid-connect,published,2024-12-20 06:39:40,2025-09-23 09:23:33
986,Oloid Platform - Enterprise Features,Duo SSO Setup,e4gi378c,12147243,How to log in to Tenant Admin Portal with Duo SSO,https://oloid.help/en/articles/12147243-how-to-log-in-to-tenant-admin-portal-with-duo-sso,published,2025-09-03 08:32:00,2025-09-23 05:55:31
987,Passwordless Authenticator,Admin Guides - Oloid Connect for Passwordless,e4gi378c,12320265,Oloid Connect Passwordless - Hardware and Software Requirements,https://oloid.help/en/articles/12320265-oloid-connect-passwordless-hardware-and-software-requirements,published,2025-09-18 08:10:40,2025-09-23 04:48:14
988,_Unassigned,_Unassigned,e4gi378c,12353209,How to set up Workday Account,https://oloid.help/en/articles/12353209-how-to-set-up-workday-account,published,2025-09-22 09:53:03,2025-09-23 02:41:30
989,Oloid Chrome Vault,Chrome Vault - User Guides,e4gi378c,9612252,How to log in to Chrome Vault using Face,https://oloid.help/en/articles/9612252-how-to-log-in-to-chrome-vault-using-face,published,2024-07-15 15:14:45,2025-09-22 09:14:15
990,Oloid Platform - Enterprise Features,Duo SSO Setup,e4gi378c,12094549,Duo Settings for Oloid SSO,https://oloid.help/en/articles/12094549-duo-settings-for-oloid-sso,published,2025-08-27 05:30:09,2025-09-05 08:16:31
991,_Unassigned,_Unassigned,e4gi378c,12148494,Draft Doc for-Installation and set-up guide for Oloid DeviceLock and Oloid Vault via SOTI,https://oloid.help/en/articles/12148494-draft-doc-for-installation-and-set-up-guide-for-oloid-devicelock-and-oloid-vault-via-soti,published,2025-09-03 12:13:15,2025-09-19 06:28:26
992,Oloid Chrome Vault,Chrome Vault - User Guides,e4gi378c,9740334,How to log in to Chrome Vault using NFC,https://oloid.help/en/articles/9740334-how-to-log-in-to-chrome-vault-using-nfc,published,2024-08-14 15:56:29,2025-09-18 11:08:23
993,Oloid Platform - Enterprise Features,Create and Manage Users,e4gi378c,11401401,How to Download Users in Tenant Admin Portal,https://oloid.help/en/articles/11401401-how-to-download-users-in-tenant-admin-portal,published,2025-05-19 07:04:03,2025-09-17 12:07:13
994,Oloid Chrome Vault,Chrome Vault - User Guides,e4gi378c,9819006,How to update password in Chrome Vault,https://oloid.help/en/articles/9819006-how-to-update-password-in-chrome-vault,published,2024-09-03 09:33:21,2025-09-17 09:53:35
995,Oloid Chrome Vault,Chrome Vault - User Guides,e4gi378c,9618391,How to save password in Chrome Vault,https://oloid.help/en/articles/9618391-how-to-save-password-in-chrome-vault,published,2024-07-17 04:20:37,2025-09-17 05:21:46
996,_Unassigned,_Unassigned,e4gi378c,12066142,Draft - Installation and Setup Guide for Oloid DeviceLock and Oloid Vault via SOTI MobiControl,,draft,2025-08-22 09:08:48,2025-09-16 05:44:49
997,Oloid Chrome Vault,Chrome Vault - User Guides,e4gi378c,9795116,How to edit password in Chrome Vault,https://oloid.help/en/articles/9795116-how-to-edit-password-in-chrome-vault,published,2024-08-28 09:30:39,2025-09-16 05:33:11
998,Oloid Chrome Vault,Chrome Vault - User Guides,e4gi378c,9766302,How to log out of Chrome Vault,https://oloid.help/en/articles/9766302-how-to-log-out-of-chrome-vault,published,2024-08-21 08:36:07,2025-09-16 05:26:21
999,Oloid Chrome Vault,Chrome Vault - User Guides,e4gi378c,12289985,How to log in to Chrome Vault,https://oloid.help/en/articles/12289985-how-to-log-in-to-chrome-vault,published,2025-09-15 08:42:44,2025-09-15 09:31:45
1000,Passwordless Authenticator,Videos - Device Lock,e4gi378c,12290510,Oloid Device Lock - Video Tutorial,https://oloid.help/en/articles/12290510-oloid-device-lock-video-tutorial,published,2025-09-15 09:02:21,2025-09-15 09:16:03
1001,_Unassigned,_Unassigned,e4gi378c,12164087,How to configure Workday in Oloid Connect application,,draft,2025-09-05 04:03:48,2025-09-11 12:04:05
1002,_Unassigned,_Unassigned,e4gi378c,11069235,How to Apply Endpoint Template in Windows Login application,,draft,2025-04-11 04:27:39,2025-09-11 06:25:16
1003,_Unassigned,_Unassigned,e4gi378c,12179093,Android Vault,,draft,2025-09-08 06:44:41,2025-09-08 06:45:43
1004,Passwordless Authenticator,Credential Management,e4gi378c,8402909,Factor Sequencing for Multi-factor authentication in Oloid Device Lock - To be deleted,,draft,2023-09-22 08:08:20,2025-09-05 08:17:03
1005,_Unassigned,_Unassigned,e4gi378c,12146294,How to authenticate using Oloid Connect ( Workday),,draft,2025-09-03 05:00:35,2025-09-05 04:22:21
1006,_Unassigned,_Unassigned,e4gi378c,12145833,How to login to HRIS platform using QR and Face,,draft,2025-09-03 04:31:18,2025-09-04 12:20:07
1007,Passwordless Authenticator,Admin Guides- Windows Login,e4gi378c,10897576,How to enable Auto Update Windows Device Agent in Windows Login application,,draft,2025-03-24 05:20:38,2025-09-04 09:22:45
1008,Oloid Platform - Enterprise Features,Auth0 SSO Setup,e4gi378c,11130515,How to log in to Tenant Admin Portal using Auth0 SSO,https://oloid.help/en/articles/11130515-how-to-log-in-to-tenant-admin-portal-using-auth0-sso,published,2025-04-23 09:35:41,2025-09-04 05:27:00
1009,Passwordless Authenticator,Oloid Device Lock - Supporting Documents,e4gi378c,12117730,"Installation, Setup and Regression Test Case Guide for Oloid Device Lock and Oloid Vault on an Android Device via SOTI",https://oloid.help/en/articles/12117730-installation-setup-and-regression-test-case-guide-for-oloid-device-lock-and-oloid-vault-on-an-android-device-via-soti,published,2025-08-29 14:42:28,2025-09-03 12:55:30
1010,_Unassigned,_Unassigned,e4gi378c,11501934,How to configure NFC/ID credential for WebKey Application in the Tenant Admin Portal,,draft,2025-06-03 09:20:28,2025-09-03 06:33:56
1011,Passwordless Authenticator,Videos - Device Lock,e4gi378c,12146570,How to generate Auto-Pair config file for Oloid DeviceLock App in the Tenant Admin Portal - Video Portal,https://oloid.help/en/articles/12146570-how-to-generate-auto-pair-config-file-for-oloid-devicelock-app-in-the-tenant-admin-portal-video-portal,published,2025-09-03 06:17:09,2025-09-03 06:37:51
1012,Passwordless Authenticator,Oloid Device Lock - Supporting Documents,e4gi378c,12117772,"SOTI MobiControl - App Profile Policy Configuration Guide",https://oloid.help/en/articles/12117772-soti-mobicontrol-app-profile-policy-configuration-guide,published,2025-08-29 14:50:24,2025-09-02 08:38:24
1013,Oloid Verify/Connect,Oloid Verify/Connect Videos,e4gi378c,12106691,How to add PIN as credential to user in Oloid Verify - Video Tutorial,https://oloid.help/en/articles/12106691-how-to-add-pin-as-credential-to-user-in-oloid-verify-video-tutorial,published,2025-08-28 08:58:07,2025-09-01 08:12:52
1014,Oloid Verify/Connect,Oloid Verify/Connect Videos,e4gi378c,12107053,How to Add QR Code as credential to user in Oloid Verify - Video Tutorial,https://oloid.help/en/articles/12107053-how-to-add-qr-code-as-credential-to-user-in-oloid-verify-video-tutorial,published,2025-08-28 09:07:30,2025-09-01 08:09:21
1015,Supporting Documents,Supporting Documents,e4gi378c,12041579,List of Oloid Supported Integrations,https://oloid.help/en/articles/12041579-list-of-oloid-supported-integrations,published,2025-08-19 09:40:08,2025-09-01 04:44:44
1016,Oloid Platform - Enterprise Features,Create and Manage Shared Passwords - Video Tutorials,e4gi378c,12116318,How to assign shared passwords to an endpoint - Video Tutorial,https://oloid.help/en/articles/12116318-how-to-assign-shared-passwords-to-an-endpoint-video-tutorial,published,2025-08-29 11:13:43,2025-08-29 11:15:53
1017,_Unassigned,_Unassigned,e4gi378c,12116099,How to Unlock the Oloid DeviceLock App on Android Device Using QR Code,,draft,2025-08-29 10:45:28,2025-08-29 10:54:28
1018,_Unassigned,_Unassigned,e4gi378c,12115916,How to Unlock the Oloid DeviceLock App on Android Device Using Face Credential,,draft,2025-08-29 10:35:42,2025-08-29 10:43:37
1019,Oloid Platform - Enterprise Features,Create and Manage Shared Passwords - Video Tutorials,e4gi378c,12115686,How to assign shared passwords with multiple users - Video Tutorial,https://oloid.help/en/articles/12115686-how-to-assign-shared-passwords-with-multiple-users-video-tutorial,published,2025-08-29 09:43:09,2025-08-29 09:45:20
1020,Oloid Platform - Enterprise Features,Create and Manage Shared Passwords - Video Tutorials,e4gi378c,12115502,How to assign shared password to user - Video Tutorial,https://oloid.help/en/articles/12115502-how-to-assign-shared-password-to-user-video-tutorial,published,2025-08-29 08:56:56,2025-08-29 08:59:42
1021,Oloid Platform - Enterprise Features,Create and Manage Shared Passwords - Video Tutorials,e4gi378c,12114646,How to create shared passwords for Windows login - Video Tutorial,https://oloid.help/en/articles/12114646-how-to-create-shared-passwords-for-windows-login-video-tutorial,published,2025-08-29 06:48:20,2025-08-29 07:06:24
1022,Oloid Platform - Enterprise Features,Create and Manage Applications - Video Tutorials,e4gi378c,11992408,How to create an application in the Tenant Admin Portal,https://oloid.help/en/articles/11992408-how-to-create-an-application-in-the-tenant-admin-portal,published,2025-08-12 11:13:46,2025-08-12 11:16:37
1023,_Unassigned,_Unassigned,e4gi378c,12108249,How to Install and Auto-Pair Oloid DeviceLock App through MDM,,draft,2025-08-28 11:28:27,2025-08-29 05:35:17
1024,Oloid Verify/Connect,Oloid Verify/Connect Videos,e4gi378c,12086387,How to add users from an endpoint using the Oloid Verify App - Video Tutorial,https://oloid.help/en/articles/12086387-how-to-add-users-from-an-endpoint-using-the-oloid-verify-app-video-tutorial,published,2025-08-26 05:34:46,2025-08-28 06:01:54
1025,Oloid Verify/Connect,Oloid Verify/Connect Videos,e4gi378c,12080527,How to pair an Oloid Verify endpoint - Video Tutorial,https://oloid.help/en/articles/12080527-how-to-pair-an-oloid-verify-endpoint-video-tutorial,published,2025-08-25 09:16:40,2025-08-28 05:57:58
1026,_Unassigned,_Unassigned,e4gi378c,12096020,How to Edit setting menu for Windows Login Application in the Tenant Admin Portal,,draft,2025-08-27 10:26:30,2025-08-27 10:37:59
1027,_Unassigned,_Unassigned,e4gi378c,10766296,How to edit Configure tab in Windows Login Application,https://oloid.help/en/articles/10766296-how-to-edit-configure-tab-in-windows-login-application,published,2025-03-13 09:35:58,2025-08-27 10:07:17
1028,_Unassigned,_Unassigned,e4gi378c,12094812,Untitled public article,,draft,2025-08-27 07:03:42,2025-08-27 07:03:42
1029,Supporting Documents,Supporting Documents,e4gi378c,10315274,Oloid Product Updates,https://oloid.help/en/articles/10315274-oloid-product-updates,published,2024-12-23 06:53:59,2025-08-26 03:48:42
1030,Oloid Verify/Connect,Oloid Verify/Connect Videos,e4gi378c,12066672,How to download Oloid Verify App - Video Tutorial,https://oloid.help/en/articles/12066672-how-to-download-oloid-verify-app-video-tutorial,published,2025-08-22 10:58:51,2025-08-22 11:02:43
1031,Oloid Platform - Enterprise Features,Create and Manage Users,e4gi378c,8424129,How to remove user in the Tenant Admin Portal,https://oloid.help/en/articles/8424129-how-to-remove-user-in-the-tenant-admin-portal,published,2023-09-28 08:12:05,2025-08-22 10:36:53
1032,Oloid Platform - Enterprise Features,Create and Manage Connections,e4gi378c,8736223,How to delete Bluetooth credential for Users in a Connections in the Tenant Admin Portal,,draft,2023-12-22 11:57:04,2025-08-22 05:26:58
1033,Oloid Platform - Enterprise Features,Accounts and Settings,e4gi378c,8810967,How to Check and Configure Tenant Details,https://oloid.help/en/articles/8810967-how-to-check-and-configure-tenant-details,published,2024-01-12 05:17:29,2025-08-21 08:37:45
1034,Oloid Verify/Connect,Oloid Connect- Admin Guides,e4gi378c,11948333,Oloid Connect - How to prepare Job and Charge Code Template,https://oloid.help/en/articles/11948333-oloid-connect-how-to-prepare-job-and-charge-code-template,published,2025-08-06 07:52:00,2025-08-19 10:08:04
1035,_Unassigned,_Unassigned,e4gi378c,12041341,SSO (Single Sign-On),,draft,2025-08-19 08:59:12,2025-08-19 09:27:34
1036,_Unassigned,_Unassigned,e4gi378c,12041342,HRIS (Human Resource Information System),,draft,2025-08-19 08:59:27,2025-08-19 09:24:45
1037,_Unassigned,_Unassigned,e4gi378c,12041337,MDM (Mobile Device Management),,draft,2025-08-19 08:58:45,2025-08-19 09:25:42
1038,_Unassigned,_Unassigned,e4gi378c,12041344,PACS (Physical Access Control System),,draft,2025-08-19 08:59:42,2025-08-19 09:26:39
1039,_Unassigned,_Unassigned,e4gi378c,12041320,Untitled public article,,draft,2025-08-19 08:55:04,2025-08-19 08:55:28
1040,Passwordless Authenticator,WebKey Videos,e4gi378c,12009765,WebKey - Platform configuration for manual capture of face - Video Tutorial,https://oloid.help/en/articles/12009765-webkey-platform-configuration-for-manual-capture-of-face-video-tutorial,published,2025-08-14 11:14:52,2025-08-14 11:17:15
1041,Oloid Platform - Enterprise Features,Create and Manage Connections - Video Tutorials,e4gi378c,12007820,How to create a connection in the Tenant Admin Portal,https://oloid.help/en/articles/12007820-how-to-create-a-connection-in-the-tenant-admin-portal,published,2025-08-14 07:31:27,2025-08-14 07:33:33
1042,Oloid Platform - Enterprise Features,Create and Manage Connections,e4gi378c,8304214,How to create Connection Groups in the Tenant Admin Portal,https://oloid.help/en/articles/8304214-how-to-create-connection-groups-in-the-tenant-admin-portal,published,2023-08-29 06:35:22,2025-08-14 05:40:23
1043,_Unassigned,_Unassigned,e4gi378c,11948502,Troubleshooting Oloid Windows Login: User Blocked After Multiple PIN Attempts (for User),,draft,2025-08-06 08:29:42,2025-08-06 09:13:48
1044,_Unassigned,_Unassigned,e4gi378c,11948432,Troubleshooting Oloid Windows Login: User Blocked After Multiple PIN Attempts (for Supervisor),,draft,2025-08-06 08:13:17,2025-08-06 08:24:22
1045,_Unassigned,_Unassigned,e4gi378c,11948074,Troubleshooting Oloid Windows Login: User Blocked After Multiple PIN Attempts (for Tenant Admin),,draft,2025-08-06 06:47:04,2025-08-06 08:23:20
1046,_Unassigned,_Unassigned,e4gi378c,11905001,Troubleshooting Oloid Windows Login: User Blocked After Multiple PIN Attempts,,draft,2025-08-01 10:06:16,2025-08-06 07:00:42
1047,_Unassigned,_Unassigned,e4gi378c,11938881,test-Troubleshooting Oloid Windows Login: User Blocked After Multiple PIN Attempts,,draft,2025-08-05 11:21:26,2025-08-05 11:26:08
1048,Oloid Platform - Enterprise Features,Create and Manage Groups - Video Tutorials,e4gi378c,11938659,How to delete a group in the Tenant Admin Portal,https://oloid.help/en/articles/11938659-how-to-delete-a-group-in-the-tenant-admin-portal,published,2025-08-05 10:39:55,2025-08-05 10:44:21
1049,Oloid Platform - Enterprise Features,Create and Manage Groups - Video Tutorials,e4gi378c,11938082,How to sync users in a group in the Tenant Admin Portal,https://oloid.help/en/articles/11938082-how-to-sync-users-in-a-group-in-the-tenant-admin-portal,published,2025-08-05 09:22:49,2025-08-05 09:25:17
1050,_Unassigned,_Unassigned,e4gi378c,11936934,Test for interactive images,https://oloid.help/en/articles/11936934-test-for-interactive-images,published,2025-08-05 07:34:23,2025-08-05 07:35:46
1051,Oloid Platform - Enterprise Features,Create and Manage Groups - Video Tutorials,e4gi378c,11928848,How to remove a user from group in the Tenant Admin Portal,https://oloid.help/en/articles/11928848-how-to-remove-a-user-from-group-in-the-tenant-admin-portal,published,2025-08-04 10:11:02,2025-08-04 10:13:06
1052,_Unassigned,_Unassigned,e4gi378c,11873807,Documentation updates channel,,draft,2025-07-29 10:12:33,2025-07-29 10:16:30
1053,Passwordless Authenticator,Oloid Android Passwordless Authenticator -DeviceLock,e4gi378c,11867982,Updating OLOID DeviceLock MFA,https://oloid.help/en/articles/11867982-updating-oloid-devicelock-mfa,published,2025-07-28 14:33:37,2025-07-28 14:35:16
1054,Passwordless Authenticator,Oloid Android Passwordless Authenticator -DeviceLock,e4gi378c,11867950,Setting Up OLOID DeviceLock  MFA,https://oloid.help/en/articles/11867950-setting-up-oloid-devicelock-mfa,published,2025-07-28 14:27:45,2025-07-28 14:28:51
1055,Oloid Platform - Enterprise Features,Create and Manage Groups - Video Tutorials,e4gi378c,11863913,How to remove endpoint from a group in the Tenant Admin Portal,https://oloid.help/en/articles/11863913-how-to-remove-endpoint-from-a-group-in-the-tenant-admin-portal,published,2025-07-28 05:36:35,2025-07-28 05:40:12
1056,Oloid Platform - Enterprise Features,Create and Manage Groups - Video Tutorials,e4gi378c,11838105,How to add endpoint to a group in the Tenant Admin Portal - Video Tutorial,https://oloid.help/en/articles/11838105-how-to-add-endpoint-to-a-group-in-the-tenant-admin-portal-video-tutorial,published,2025-07-24 10:33:09,2025-07-24 10:35:59
1057,Oloid Platform - Enterprise Features,Create and Manage Groups - Video Tutorials,e4gi378c,11836831,How to map users to Group in bulk in the Tenant Admin Portal - Video Tutorial,https://oloid.help/en/articles/11836831-how-to-map-users-to-group-in-bulk-in-the-tenant-admin-portal-video-tutorial,published,2025-07-24 08:58:00,2025-07-24 09:01:23
1058,Passwordless Authenticator,Passwordless Authenticator - Miscellaneous Docs,e4gi378c,9927316,Installing Oloid RPA Add-On + RPA Runtime for EHR Login (RPA Only),https://oloid.help/en/articles/9927316-installing-oloid-rpa-add-on-rpa-runtime-for-ehr-login-rpa-only,published,2024-09-26 21:08:51,2025-02-26 22:16:48
1059,Passwordless Authenticator,Passwordless Authenticator - Miscellaneous Docs,e4gi378c,9927309,Installing Oloid Agent + RPA Runtime for EHR Login (Credential Provider + RPA),https://oloid.help/en/articles/9927309-installing-oloid-agent-rpa-runtime-for-ehr-login-credential-provider-rpa,published,2024-09-26 21:04:49,2025-02-26 22:13:28
1060,Passwordless Authenticator,Passwordless Authenticator - Miscellaneous Docs,e4gi378c,9927298,Installing Oloid Passwordless on Local Machine Running EHR (Citrix or Local) with USB Badge Reader,https://oloid.help/en/articles/9927298-installing-oloid-passwordless-on-local-machine-running-ehr-citrix-or-local-with-usb-badge-reader,published,2024-09-26 20:59:54,2025-02-27 16:02:16
1061,Passwordless Authenticator,Passwordless Authenticator - Miscellaneous Docs,e4gi378c,9927288,Oloid Passwordless Installation Methods for EHR Login,https://oloid.help/en/articles/9927288-oloid-passwordless-installation-methods-for-ehr-login,published,2024-09-26 20:56:53,2025-02-27 16:03:20
1062,Passwordless Authenticator,Passwordless Authenticator - Miscellaneous Docs,e4gi378c,9900195,Oloid Supported Card Types,https://oloid.help/en/articles/9900195-oloid-supported-card-types,published,2024-09-19 23:47:09,2024-09-19 23:48:41
1063,Passwordless Authenticator,Passwordless Authenticator - Miscellaneous Docs,e4gi378c,9899366,Oloid Passwordless SDK Usage Guide for Windows Developers,https://oloid.help/en/articles/9899366-oloid-passwordless-sdk-usage-guide-for-windows-developers,published,2024-09-19 18:15:52,2024-09-19 18:24:50
1064,Passwordless Authenticator,Passwordless Authenticator,e4gi378c,9899136,How to Add Oloid as an Identity Provider (IDP) in PingFederate,https://oloid.help/en/articles/9899136-how-to-add-oloid-as-an-identity-provider-idp-in-pingfederate,published,2024-09-19 17:04:06,2024-09-19 17:28:52
1065,_Unassigned,_Unassigned,e4gi378c,11830450,Untitled public article,,draft,2025-07-23 11:48:07,2025-07-23 11:48:07
1066,Oloid Platform - Enterprise Features,Create and Manage Groups - Video Tutorials,e4gi378c,11829460,How to map users to a group in the Tenant Admin Portal - Video Tutorial,https://oloid.help/en/articles/11829460-how-to-map-users-to-a-group-in-the-tenant-admin-portal-video-tutorial,published,2025-07-23 08:41:11,2025-07-23 08:56:50
1067,Oloid Verify/Connect,Oloid Verify/Connect Videos,e4gi378c,11829423,Oloid Verify - Video Tutorial,https://oloid.help/en/articles/11829423-oloid-verify-video-tutorial,published,2025-07-23 08:32:58,2025-07-23 08:34:15
1068,Passwordless Authenticator,WebKey Videos,e4gi378c,11829395,WebKey - Video Tutorial,https://oloid.help/en/articles/11829395-webkey-video-tutorial,published,2025-07-23 08:27:45,2025-07-23 08:30:08
1069,_Unassigned,_Unassigned,e4gi378c,11569266,How to Clock In/Out using Face Credential through DeviceLock App,,draft,2025-06-13 09:48:54,2025-07-21 08:25:50
1070,_Unassigned,_Unassigned,e4gi378c,11797862,Test for unlisted doc,https://oloid.help/en/articles/11797862-test-for-unlisted-doc,published,2025-07-18 06:19:29,2025-07-18 06:20:14
1071,Oloid Platform - Enterprise Features,Create and Manage Endpoints,e4gi378c,8479490,How to configure passwordless template - to be deleted,,draft,2023-10-16 04:56:07,2025-07-18 03:58:03
1072,Oloid Platform - Enterprise Features,Create and Manage Reports - Video Tutorials,e4gi378c,11768000,How to create and download Users Report in the Tenant Admin Portal - Video Tutorial,https://oloid.help/en/articles/11768000-how-to-create-and-download-users-report-in-the-tenant-admin-portal-video-tutorial,published,2025-07-14 09:29:02,2025-07-14 09:32:02
1073,Oloid Platform - Enterprise Features,Create and Manage Connections - Video Tutorials,e4gi378c,8154294,How to create a Connection in the Oloid Portal - Video Tutorial,https://oloid.help/en/articles/8154294-how-to-create-a-connection-in-the-oloid-portal-video-tutorial,published,2023-07-20 09:26:00,2023-08-08 08:55:40
1074,Oloid Platform - Enterprise Features,Create and Manage Applications - Video Tutorials,e4gi378c,8153281,How to create an Application in the Oloid Portal - Video Tutorial,https://oloid.help/en/articles/8153281-how-to-create-an-application-in-the-oloid-portal-video-tutorial,published,2023-07-20 07:42:53,2023-08-08 08:57:30
1075,Oloid Platform - Enterprise Features,Create and Manage Groups - Video Tutorials,e4gi378c,8154480,How to create a Group in the Oloid Portal - Video Tutorial,https://oloid.help/en/articles/8154480-how-to-create-a-group-in-the-oloid-portal-video-tutorial,published,2023-07-20 10:25:56,2023-08-08 08:56:31
1076,Oloid Platform - Enterprise Features,Create and Manage Reports - Video Tutorials,e4gi378c,11767273,How to create and download Endpoint Status Report in the Tenant Admin Portal - Video Tutorial,https://oloid.help/en/articles/11767273-how-to-create-and-download-endpoint-status-report-in-the-tenant-admin-portal-video-tutorial,published,2025-07-14 06:30:41,2025-07-14 06:34:43
1077,Oloid Platform - Enterprise Features,Create and Manage Reports - Video Tutorials,e4gi378c,11756325,How to create and download transaction report in the Tenant Admin Portal - Video Tutorial,https://oloid.help/en/articles/11756325-how-to-create-and-download-transaction-report-in-the-tenant-admin-portal-video-tutorial,published,2025-07-11 09:45:31,2025-07-11 09:49:04
1078,Supervisor Portal,Supervisor Portal - Create &amp; Manage Users,e4gi378c,9706862,How to Assign Windows Shared Passwords to Multiple Users in Supervisor Portal,https://oloid.help/en/articles/9706862-how-to-assign-windows-shared-passwords-to-multiple-users-in-supervisor-portal,published,2024-08-06 10:52:45,2025-07-11 06:58:07
1079,Oloid Platform - Enterprise Features,Accounts and Settings - Video Tutorials,e4gi378c,11745729,How to activate supervisor privileges in the Tenant Admin Portal - Video Tutorial,https://oloid.help/en/articles/11745729-how-to-activate-supervisor-privileges-in-the-tenant-admin-portal-video-tutorial,published,2025-07-10 09:56:55,2025-07-10 10:02:38
1080,Oloid Platform - Enterprise Features,Create and Manage Users - Video Tutorials,e4gi378c,8228019,How to onboard multiple users to Oloid Platform- Video Tutorial,https://oloid.help/en/articles/8228019-how-to-onboard-multiple-users-to-oloid-platform-video-tutorial,published,2023-08-08 10:47:02,2023-08-08 10:49:07
1081,Oloid Platform - Enterprise Features,Create and Manage Users - Video Tutorials,e4gi378c,8249076,How to add Cloudkey as credential to users - Video Tutorial,https://oloid.help/en/articles/8249076-how-to-add-cloudkey-as-credential-to-users-video-tutorial,published,2023-08-11 11:34:24,2023-08-17 17:13:59
1082,Oloid Platform - Enterprise Features,Create and Manage Users - Video Tutorials,e4gi378c,8249054,How to add face as credential to users - Video Tutorial,https://oloid.help/en/articles/8249054-how-to-add-face-as-credential-to-users-video-tutorial,published,2023-08-11 11:32:15,2023-08-17 17:13:37
1083,Supervisor Portal,Supervisor Portal - Videos,e4gi378c,10530787,How to add CloudKey as credential to users- Video Tutorial,https://oloid.help/en/articles/10530787-how-to-add-cloudkey-as-credential-to-users-video-tutorial,published,2025-02-10 06:26:24,2025-02-28 11:30:36
1084,Oloid Platform - Enterprise Features,Accounts and Settings - Video Tutorials,e4gi378c,11468419,How to invite a Tenant Admin in Tenant Admin Portal-Video Tutorial,https://oloid.help/en/articles/11468419-how-to-invite-a-tenant-admin-in-tenant-admin-portal-video-tutorial,published,2025-05-28 07:01:42,2025-05-28 07:03:33
1085,Oloid Platform - Enterprise Features,Accounts and Settings - Video Tutorials,e4gi378c,11468495,How to add and invite a Tenant Admin in Tenant Admin Portal-Video Tutorial,https://oloid.help/en/articles/11468495-how-to-add-and-invite-a-tenant-admin-in-tenant-admin-portal-video-tutorial,published,2025-05-28 07:06:33,2025-05-28 08:09:06
1086,Oloid Platform - Enterprise Features,Accounts and Settings - Video Tutorials,e4gi378c,11468728,How to invite a supervisor in Tenant Admin Portal-Video Tutorial,https://oloid.help/en/articles/11468728-how-to-invite-a-supervisor-in-tenant-admin-portal-video-tutorial,published,2025-05-28 08:12:23,2025-05-28 08:18:05
1087,Oloid Platform - Enterprise Features,Accounts and Settings - Video Tutorials,e4gi378c,11468741,How to add and invite a supervisor in Tenant Admin Portal-Video Tutorial,https://oloid.help/en/articles/11468741-how-to-add-and-invite-a-supervisor-in-tenant-admin-portal-video-tutorial,published,2025-05-28 08:19:07,2025-05-28 08:20:36
1088,Oloid Platform - Enterprise Features,Create and Manage Shared Credentials,e4gi378c,11536855,How to Assign Windows Shared Passwords to Multiple Users in Tenant Admin Portal,https://oloid.help/en/articles/11536855-how-to-assign-windows-shared-passwords-to-multiple-users-in-tenant-admin-portal,published,2025-06-10 05:27:26,2025-07-10 09:03:49
1089,Oloid Platform - Enterprise Features,Accounts and Settings - Video Tutorials,e4gi378c,11468764,How to enable Read-only Mode for Tenant Admin in Tenant Admin Portal-Video Tutorial,https://oloid.help/en/articles/11468764-how-to-enable-read-only-mode-for-tenant-admin-in-tenant-admin-portal-video-tutorial,published,2025-05-28 08:27:32,2025-05-28 08:29:46
1090,Oloid Platform - Enterprise Features,Create and Manage Users - Video Tutorials,e4gi378c,11468749,How to add users in bulk in Tenant Admin Portal-Video Tutorial,https://oloid.help/en/articles/11468749-how-to-add-users-in-bulk-in-tenant-admin-portal-video-tutorial,published,2025-05-28 08:22:27,2025-05-28 08:26:39
1091,Oloid Platform - Enterprise Features,Create and Manage Users - Video Tutorials,e4gi378c,11468778,How to Download Users in Tenant Admin Portal-Video Tutorial,https://oloid.help/en/articles/11468778-how-to-download-users-in-tenant-admin-portal-video-tutorial,published,2025-05-28 08:30:55,2025-05-28 08:32:24
1092,Oloid Platform - Enterprise Features,Create and Manage Users - Video Tutorials,e4gi378c,11494233,How to activate or deactivate user in the Tenant Admin Portal - Video Tutorial,https://oloid.help/en/articles/11494233-how-to-activate-or-deactivate-user-in-the-tenant-admin-portal-video-tutorial,published,2025-06-02 07:05:05,2025-06-05 08:25:44
1093,Oloid Platform - Enterprise Features,Create and Manage Users - Video Tutorials,e4gi378c,11494225,How to create an Oloid Account for users in the Tenant Admin Portal - Video Tutorial,https://oloid.help/en/articles/11494225-how-to-create-an-oloid-account-for-users-in-the-tenant-admin-portal-video-tutorial,published,2025-06-02 06:57:22,2025-06-05 08:27:26
1094,Oloid Platform - Enterprise Features,Create and Manage Users - Video Tutorials,e4gi378c,11501362,How to assign Badge ID as credential to users in the Tenant Admin Portal - Video Tutorial,https://oloid.help/en/articles/11501362-how-to-assign-badge-id-as-credential-to-users-in-the-tenant-admin-portal-video-tutorial,published,2025-06-03 05:21:24,2025-06-05 08:26:23
1095,Oloid Platform - Enterprise Features,Create and Manage Users - Video Tutorials,e4gi378c,11502646,How to generate QR Code for users in a Connection in the Tenant Admin Portal - Video Tutorial,https://oloid.help/en/articles/11502646-how-to-generate-qr-code-for-users-in-a-connection-in-the-tenant-admin-portal-video-tutorial,published,2025-06-03 11:35:17,2025-06-05 08:28:26
1096,Oloid Platform - Enterprise Features,Create and Manage Users - Video Tutorials,e4gi378c,11502629,How to generate QR Code for multiple users in the Tenant Admin Portal - Video Tutorial,https://oloid.help/en/articles/11502629-how-to-generate-qr-code-for-multiple-users-in-the-tenant-admin-portal-video-tutorial,published,2025-06-03 11:26:32,2025-06-05 08:28:15
1097,Oloid Platform - Enterprise Features,Create and Manage Users - Video Tutorials,e4gi378c,11507919,How to extend QR Code expiry date of Users in a Connection in the Tenant Admin Portal - Video Tutorial,https://oloid.help/en/articles/11507919-how-to-extend-qr-code-expiry-date-of-users-in-a-connection-in-the-tenant-admin-portal-video-tutorial,published,2025-06-04 08:18:29,2025-06-05 08:28:00
1098,Oloid Platform - Enterprise Features,Create and Manage Users - Video Tutorials,e4gi378c,11508750,How to extend QR Code expiry date for multiple users in the Tenant Admin Portal - Video Tutorial,https://oloid.help/en/articles/11508750-how-to-extend-qr-code-expiry-date-for-multiple-users-in-the-tenant-admin-portal-video-tutorial,published,2025-06-04 12:11:27,2025-06-05 08:27:47
1099,Oloid Platform - Enterprise Features,Create and Manage Users - Video Tutorials,e4gi378c,11514193,How to invite user to add face in the Tenant Admin Portal - Video Tutorial,https://oloid.help/en/articles/11514193-how-to-invite-user-to-add-face-in-the-tenant-admin-portal-video-tutorial,published,2025-06-05 09:50:37,2025-06-05 09:56:09
1100,Oloid Platform - Enterprise Features,Create and Manage Users - Video Tutorials,e4gi378c,11532255,How to invite multiple users to add face in the Tenant Admin Portal - Video Tutorial,https://oloid.help/en/articles/11532255-how-to-invite-multiple-users-to-add-face-in-the-tenant-admin-portal-video-tutorial,published,2025-06-09 06:49:15,2025-06-09 06:56:28
1101,Oloid Platform - Enterprise Features,Create and Manage Users - Video Tutorials,e4gi378c,11532590,How to deactivate Oloid account of a user in the Tenant Admin Portal - Video Tutorial,https://oloid.help/en/articles/11532590-how-to-deactivate-oloid-account-of-a-user-in-the-tenant-admin-portal-video-tutorial,published,2025-06-09 10:13:29,2025-06-09 10:18:11
1102,Oloid Platform - Enterprise Features,Create and Manage Users - Video Tutorials,e4gi378c,11537303,How to delete QR code credential of users in a connection in the Tenant Admin Portal - Video Tutorial,https://oloid.help/en/articles/11537303-how-to-delete-qr-code-credential-of-users-in-a-connection-in-the-tenant-admin-portal-video-tutorial,published,2025-06-10 09:02:50,2025-06-10 09:08:19
1103,Oloid Platform - Enterprise Features,Create and Manage Users - Video Tutorials,e4gi378c,11537318,How to delete QR code credential of multiple users in the Tenant Admin Portal - Video Tutorial,https://oloid.help/en/articles/11537318-how-to-delete-qr-code-credential-of-multiple-users-in-the-tenant-admin-portal-video-tutorial,published,2025-06-10 09:08:28,2025-06-10 09:22:38
1104,Oloid Platform - Enterprise Features,Create and Manage Users - Video Tutorials,e4gi378c,11537381,How to migrate user to a different connection in the Tenant Admin Portal - Video Tutorial,https://oloid.help/en/articles/11537381-how-to-migrate-user-to-a-different-connection-in-the-tenant-admin-portal-video-tutorial,published,2025-06-10 09:26:30,2025-06-10 09:29:24
1105,Oloid Platform - Enterprise Features,Create and Manage Users - Video Tutorials,e4gi378c,11549252,How to send QR Code credential to user using user portal link - Video Tutorial,https://oloid.help/en/articles/11549252-how-to-send-qr-code-credential-to-user-using-user-portal-link-video-tutorial,published,2025-06-11 07:11:28,2025-06-11 07:15:34
1106,Oloid Platform - Enterprise Features,Create and Manage Users - Video Tutorials,e4gi378c,11560707,How to send QR Code on email in the Tenant Admin Portal - Video Tutorial,https://oloid.help/en/articles/11560707-how-to-send-qr-code-on-email-in-the-tenant-admin-portal-video-tutorial,published,2025-06-12 08:32:23,2025-06-12 08:34:50
1107,Oloid Platform - Enterprise Features,Create and Manage Users - Video Tutorials,e4gi378c,11561972,How to create Vault Password for a user in the Tenant Admin Portal - Video Tutorial,https://oloid.help/en/articles/11561972-how-to-create-vault-password-for-a-user-in-the-tenant-admin-portal-video-tutorial,published,2025-06-12 11:05:59,2025-06-12 11:07:51
1108,Oloid Platform - Enterprise Features,Create and Manage Users - Video Tutorials,e4gi378c,11596169,How to send an invite to user to download the mobile app - Video Tutorial,https://oloid.help/en/articles/11596169-how-to-send-an-invite-to-user-to-download-the-mobile-app-video-tutorial,published,2025-06-18 05:35:48,2025-06-18 05:40:26
1109,Oloid Platform - Enterprise Features,Create and Manage Users - Video Tutorials,e4gi378c,11599598,How to send invite to a user to add Password - Video Tutorial,https://oloid.help/en/articles/11599598-how-to-send-invite-to-a-user-to-add-password-video-tutorial,published,2025-06-18 10:06:28,2025-06-18 10:10:57
1110,Oloid Platform - Enterprise Features,Accounts and Settings - Video Tutorials,e4gi378c,11468046,How to activate Endpoint Pairing action in Tenant Admin Portal-Video Tutorial,https://oloid.help/en/articles/11468046-how-to-activate-endpoint-pairing-action-in-tenant-admin-portal-video-tutorial,published,2025-05-28 04:27:50,2025-05-28 06:57:15
1111,Oloid Platform - Enterprise Features,Create and Manage Users - Video Tutorials,e4gi378c,11600532,How to send invite to a user to set PIN - Video Tutorial,https://oloid.help/en/articles/11600532-how-to-send-invite-to-a-user-to-set-pin-video-tutorial,published,2025-06-18 10:54:12,2025-06-18 10:56:25
1112,Oloid Platform - Enterprise Features,Accounts and Settings - Video Tutorials,e4gi378c,11640267,How to send reset password link to Tenant Admin - Video Tutorial,https://oloid.help/en/articles/11640267-how-to-send-reset-password-link-to-tenant-admin-video-tutorial,published,2025-06-23 08:31:50,2025-06-23 08:34:29
1113,Oloid Platform - Enterprise Features,Accounts and Settings - Video Tutorials,e4gi378c,11640545,How to remove a user from a Supervisor role in the Tenant Admin Portal - Video Tutorial,https://oloid.help/en/articles/11640545-how-to-remove-a-user-from-a-supervisor-role-in-the-tenant-admin-portal-video-tutorial,published,2025-06-23 10:00:33,2025-06-23 10:02:40
1114,Oloid Platform - Enterprise Features,Accounts and Settings - Video Tutorials,e4gi378c,11659313,How to remove a user from a Tenant Admin role in the Tenant Admin Portal - Video Tutorial,https://oloid.help/en/articles/11659313-how-to-remove-a-user-from-a-tenant-admin-role-in-the-tenant-admin-portal-video-tutorial,published,2025-06-26 06:23:22,2025-06-26 06:25:46
1115,Oloid Platform - Enterprise Features,Accounts and Settings - Video Tutorials,e4gi378c,11677861,How to provide Oloid admin access to the tenant in the Tenant Admin Portal - Video Tutorial,https://oloid.help/en/articles/11677861-how-to-provide-oloid-admin-access-to-the-tenant-in-the-tenant-admin-portal-video-tutorial,published,2025-06-30 05:47:27,2025-06-30 05:50:34
1116,Oloid Platform - Enterprise Features,Accounts and Settings - Video Tutorials,e4gi378c,11678488,How to associate Group with Supervisor in the Tenant Admin Portal - Video Tutorial,https://oloid.help/en/articles/11678488-how-to-associate-group-with-supervisor-in-the-tenant-admin-portal-video-tutorial,published,2025-06-30 08:48:04,2025-06-30 08:51:08
1117,Oloid Platform - Enterprise Features,Accounts and Settings - Video Tutorials,e4gi378c,11693706,How to generate API key in the Tenant Admin Portal - Video Tutorial,https://oloid.help/en/articles/11693706-how-to-generate-api-key-in-the-tenant-admin-portal-video-tutorial,published,2025-07-02 07:54:38,2025-07-02 07:57:41
1118,Oloid Platform - Enterprise Features,Accounts and Settings - Video Tutorials,e4gi378c,11711401,How to create credential preferences in the Tenant Admin Portal - Video Tutorial,https://oloid.help/en/articles/11711401-how-to-create-credential-preferences-in-the-tenant-admin-portal-video-tutorial,published,2025-07-04 09:54:18,2025-07-04 10:04:58
1119,Oloid Platform - Enterprise Features,Create and Manage Reports - Video Tutorials,e4gi378c,11744948,How to create and download endpoint details report in the Tenant Admin Portal - Video Tutorial,https://oloid.help/en/articles/11744948-how-to-create-and-download-endpoint-details-report-in-the-tenant-admin-portal-video-tutorial,published,2025-07-10 08:15:27,2025-07-10 08:21:53
1120,_Unassigned,_Unassigned,e4gi378c,8271500,Oloid Platform Video Tutorial List,,draft,2023-08-18 05:38:23,2024-08-02 07:15:29
1121,_Unassigned,_Unassigned,e4gi378c,8217785,Oloid Platform Guides List,,draft,2023-08-04 10:06:50,2024-08-02 07:15:03
1122,Oloid Platform - Enterprise Features,Create and Manage Applications,e4gi378c,10346057,How to create and configure Oloid Vault application,https://oloid.help/en/articles/10346057-how-to-create-and-configure-oloid-vault-application,published,2025-01-03 11:35:30,2025-07-10 05:29:20
1123,_Unassigned,_Unassigned,e4gi378c,10801745,How to edit Connections tab in WebKey Application,,draft,2025-03-17 10:03:33,2025-07-09 02:38:32
1124,_Unassigned,_Unassigned,e4gi378c,10799157,How to edit Details tab in WebKey Application,,draft,2025-03-17 07:52:14,2025-07-09 02:35:03
1125,_Unassigned,_Unassigned,e4gi378c,11711704,What is Oloid Android - DeviceLock Mode,,draft,2025-07-04 10:26:26,2025-07-07 06:12:57
1126,_Unassigned,_Unassigned,e4gi378c,11711877,What is Oloid DeviceLock Time Clock - Android,,draft,2025-07-04 11:13:49,2025-07-07 05:21:42
1127,Oloid Platform - Enterprise Features,Create and Manage Users,e4gi378c,8468581,How to create Password for Windows Login,https://oloid.help/en/articles/8468581-how-to-create-password-for-windows-login,published,2023-10-12 05:43:36,2025-07-04 06:04:30
1128,Oloid Platform - Enterprise Features,Create and Manage Endpoints,e4gi378c,8463355,How to deactivate Endpoint in the Tenant Admin Portal,https://oloid.help/en/articles/8463355-how-to-deactivate-endpoint-in-the-tenant-admin-portal,published,2023-10-11 09:10:21,2025-07-03 10:17:40
1129,Oloid Platform - Enterprise Features,Create and Manage Users,e4gi378c,8424258,How to deactivate user in the Tenant Admin Portal,https://oloid.help/en/articles/8424258-how-to-deactivate-user-in-the-tenant-admin-portal,published,2023-09-28 09:07:12,2025-07-03 09:48:41
1130,Oloid Platform - Enterprise Features,Accounts and Settings,e4gi378c,9968942,How to assign Supervisor Privileges in Oloid Portal (this is a duplicate doc),,draft,2024-10-08 05:58:41,2025-07-03 09:26:25
1131,_Unassigned,_Unassigned,e4gi378c,11703297,How to create PC/SC Badge interface,,draft,2025-07-03 08:53:31,2025-07-03 08:54:53
1132,_Unassigned,_Unassigned,e4gi378c,11587186,What's new template,,draft,2025-06-17 06:28:10,2025-06-18 06:37:35
1133,Oloid Platform - Enterprise Features,Create and Manage Users,e4gi378c,8488468,How to delete QR Code Credential of Users in a Connection,https://oloid.help/en/articles/8488468-how-to-delete-qr-code-credential-of-users-in-a-connection,published,2023-10-18 04:11:54,2025-06-13 09:38:49
1134,Oloid Platform - Enterprise Features,Create and Manage Users,e4gi378c,8394599,How to deactivate OloID Account of a user,https://oloid.help/en/articles/8394599-how-to-deactivate-oloid-account-of-a-user,published,2023-09-20 10:41:40,2025-06-13 09:35:00
1135,Oloid Platform - Enterprise Features,Create and Manage Users,e4gi378c,9794751,How to Send QR Code on Email,https://oloid.help/en/articles/9794751-how-to-send-qr-code-on-email,published,2024-08-28 06:27:30,2025-06-13 09:31:57
1136,Oloid Platform - Enterprise Features,Create and Manage Reports,e4gi378c,11561890,Modes of Logging in the Oloid Platform,https://oloid.help/en/articles/11561890-modes-of-logging-in-the-oloid-platform,published,2025-06-12 11:01:25,2025-06-13 07:03:08
1137,Oloid Platform - Enterprise Features,Accounts and Settings,e4gi378c,10000759,How to activate Endpoint Pairing action for Supervisor in Tenant Admin Portal,https://oloid.help/en/articles/10000759-how-to-activate-endpoint-pairing-action-for-supervisor-in-tenant-admin-portal,published,2024-10-16 04:58:58,2025-06-13 06:06:24
1138,_Unassigned,_Unassigned,e4gi378c,11537542,How to set logout URL in Passwordless Login for DeviceLock in Tenant Admin Portal,,draft,2025-06-10 10:08:33,2025-06-12 08:25:56
1139,_Unassigned,_Unassigned,e4gi378c,11560070,Untitled public article,,draft,2025-06-12 04:58:06,2025-06-12 04:58:06
1140,_Unassigned,_Unassigned,e4gi378c,11550216,Untitled public article,,draft,2025-06-11 10:33:48,2025-06-11 10:37:08
1141,_Unassigned,_Unassigned,e4gi378c,11494152,How to configure Windows Login endpoint in Supervisor Portal,,draft,2025-06-02 06:07:36,2025-06-11 04:43:56
1142,_Unassigned,_Unassigned,e4gi378c,11513589,Untitled public article,,draft,2025-06-05 08:25:35,2025-06-05 08:25:35
1143,_Unassigned,_Unassigned,e4gi378c,11508305,How to enable Clock In / Clock Out mode in Tenant Admin Portal,,draft,2025-06-04 10:12:12,2025-06-04 10:34:32
1144,_Unassigned,_Unassigned,e4gi378c,11501488,How to exit the Oloid DeviceLock App,,draft,2025-06-03 06:58:43,2025-06-03 10:40:17
1145,Supervisor Portal,Supervisor Portal - Videos,e4gi378c,11496901,Supervisor Portal - Video Tutorial,https://oloid.help/en/articles/11496901-supervisor-portal-video-tutorial,published,2025-06-02 13:02:20,2025-06-02 13:03:56
1146,Oloid Verify/Connect,Oloid Connect Videos,e4gi378c,11484196,How to add users from an endpoint using the Oloid Connect App,https://oloid.help/en/articles/11484196-how-to-add-users-from-an-endpoint-using-the-oloid-connect-app,published,2025-05-30 08:22:48,2025-05-30 08:28:06
1147,Supervisor Portal,Supervisor Portal - Videos,e4gi378c,11484025,How to create an Oloid account for users in Supervisor Portal,https://oloid.help/en/articles/11484025-how-to-create-an-oloid-account-for-users-in-supervisor-portal,published,2025-05-30 06:41:52,2025-05-30 06:45:30
1148,Oloid Platform - Enterprise Features,Accounts and Settings,e4gi378c,8254907,How to add and invite a Tenant Admin,https://oloid.help/en/articles/8254907-how-to-add-and-invite-a-tenant-admin,published,2023-08-14 06:06:14,2025-05-28 09:41:30
1149,Passwordless Authenticator,Oloid Windows Passwordless Authenticator - Windows Login,e4gi378c,10397900,What is Oloid's Windows Login,https://oloid.help/en/articles/10397900-what-is-oloid-s-windows-login,published,2025-01-15 05:22:28,2025-05-28 07:21:34
1150,_Unassigned,_Unassigned,e4gi378c,11461750,What is Supervisor Portal,https://oloid.help/en/articles/11461750-what-is-supervisor-portal,published,2025-05-27 08:48:00,2025-05-27 08:58:30
1151,Supervisor Portal,Supervisor Portal - Videos,e4gi378c,10558977,How to Install and Auto-Pair Windows Authenticator App through MDM- Video Tutorial,https://oloid.help/en/articles/10558977-how-to-install-and-auto-pair-windows-authenticator-app-through-mdm-video-tutorial,published,2025-02-14 10:28:02,2025-05-27 08:47:17
1152,Supervisor Portal,Supervisor Portal - Videos,e4gi378c,11461046,How to view and download user transaction in Supervisor Portal- Video Tutorial,https://oloid.help/en/articles/11461046-how-to-view-and-download-user-transaction-in-supervisor-portal-video-tutorial,published,2025-05-27 05:22:08,2025-05-27 05:32:05
1153,Supervisor Portal,Supervisor Portal - Videos,e4gi378c,11461009,How to create Oloid Account for multiple users in Supervisor Portal - Video Tutorial,https://oloid.help/en/articles/11461009-how-to-create-oloid-account-for-multiple-users-in-supervisor-portal-video-tutorial,published,2025-05-27 04:48:23,2025-05-27 05:04:35
1154,Supervisor Portal,Supervisor Portal - Create &amp; Manage Users,e4gi378c,9711943,Supervisor Portal - How to create Oloid Account for multiple users,https://oloid.help/en/articles/9711943-supervisor-portal-how-to-create-oloid-account-for-multiple-users,published,2024-08-07 10:29:00,2025-05-27 04:58:33
1155,Supervisor Portal,Supervisor Portal - Create &amp; Manage Users,e4gi378c,9673602,Supervisor Portal - How to activate or deactivate user,https://oloid.help/en/articles/9673602-supervisor-portal-how-to-activate-or-deactivate-user,published,2024-07-30 04:39:17,2025-05-27 04:40:49
1156,Supervisor Portal,Supervisor Portal - Videos,e4gi378c,11460981,How to activate or deactivate user in Supervisor Portal - Video Tutorial,https://oloid.help/en/articles/11460981-how-to-activate-or-deactivate-user-in-supervisor-portal-video-tutorial,published,2025-05-27 04:16:58,2025-05-27 04:19:36
1157,Supervisor Portal,Supervisor Portal - Create &amp; Manage Users,e4gi378c,9673835,Supervisor Portal - How to add CloudKey as credential to users,https://oloid.help/en/articles/9673835-supervisor-portal-how-to-add-cloudkey-as-credential-to-users,published,2024-07-30 07:12:57,2025-05-27 04:13:26
1158,_Unassigned,_Unassigned,e4gi378c,11460971,Untitled public article,,draft,2025-05-27 04:06:36,2025-05-27 04:06:36
1159,_Unassigned,_Unassigned,e4gi378c,11460969,Untitled public article,,draft,2025-05-27 04:06:33,2025-05-27 04:06:33
1160,Supervisor Portal,Supervisor Portal - Create &amp; Manage Users,e4gi378c,9669611,Supervisor Portal - How to find face,https://oloid.help/en/articles/9669611-supervisor-portal-how-to-find-face,published,2024-07-29 11:11:04,2025-05-27 04:03:16
1161,Supervisor Portal,Supervisor Portal - Videos,e4gi378c,9902267,How to find face in the Supervisor Portal- Video Tutorial,https://oloid.help/en/articles/9902267-how-to-find-face-in-the-supervisor-portal-video-tutorial,published,2024-09-20 10:57:19,2025-05-27 03:59:59
1162,Oloid Platform - Enterprise Features,Accounts and Settings,e4gi378c,11411467,How to reset password in Tenant Admin Portal,https://oloid.help/en/articles/11411467-how-to-reset-password-in-tenant-admin-portal,published,2025-05-21 08:54:21,2025-05-26 06:50:58
1163,Supervisor Portal,Supervisor Portal - Accounts and Settings,e4gi378c,11456250,How to reset password in Supervisor Portal,https://oloid.help/en/articles/11456250-how-to-reset-password-in-supervisor-portal,published,2025-05-26 05:43:14,2025-05-26 06:50:16
1164,_Unassigned,_Unassigned,e4gi378c,11425228,Enroll PIN,,draft,2025-05-22 10:06:40,2025-05-23 10:10:54
1165,Passwordless Authenticator,Passwordless Authenticator- Supporting Documents,e4gi378c,8419889,Assigning supervisor privileges,,draft,2023-09-27 08:32:56,2025-05-23 10:05:46
1166,_Unassigned,_Unassigned,e4gi378c,11424173,Windows Login app- How to enroll credentials,,draft,2025-05-22 04:00:41,2025-05-23 10:03:00
1167,Supervisor Portal,Supervisor Portal - Create &amp; Manage Users,e4gi378c,9669583,Supervisor Portal - How to onboard face of a single user,https://oloid.help/en/articles/9669583-supervisor-portal-how-to-onboard-face-of-a-single-user,published,2024-07-29 10:59:25,2025-05-23 09:52:14
1168,Supervisor Portal,Supervisor Portal - Videos,e4gi378c,9902262,How to onboard face of a single user in the Supervisor Portal- Video Tutorial,https://oloid.help/en/articles/9902262-how-to-onboard-face-of-a-single-user-in-the-supervisor-portal-video-tutorial,published,2024-09-20 10:55:37,2025-05-23 09:50:10
1169,Supervisor Portal,Supervisor Portal - Create &amp; Manage Users,e4gi378c,9674277,Supervisor Portal - How to add PIN as credential to Users,https://oloid.help/en/articles/9674277-supervisor-portal-how-to-add-pin-as-credential-to-users,published,2024-07-30 09:18:37,2025-05-23 09:44:00
1170,Supervisor Portal,Supervisor Portal - Videos,e4gi378c,9902259,How to add PIN as credential to Users in the Supervisor Portal- Video Tutorial,https://oloid.help/en/articles/9902259-how-to-add-pin-as-credential-to-users-in-the-supervisor-portal-video-tutorial,published,2024-09-20 10:53:46,2025-05-23 09:42:14
1171,Supervisor Portal,Supervisor Portal - Create &amp; Manage Users,e4gi378c,9673945,Supervisor Portal - How to assign NFC/ID as a credential to the user,https://oloid.help/en/articles/9673945-supervisor-portal-how-to-assign-nfc-id-as-a-credential-to-the-user,published,2024-07-30 07:37:24,2025-05-23 09:39:56
1172,Supervisor Portal,Supervisor Portal - Create &amp; Manage Users,e4gi378c,9679401,Supervisor Portal - How to assign Badge ID as credential to Users,https://oloid.help/en/articles/9679401-supervisor-portal-how-to-assign-badge-id-as-credential-to-users,published,2024-07-31 04:21:10,2025-05-23 09:04:44
1173,Supervisor Portal,Supervisor Portal - Create &amp; Manage Users,e4gi378c,9673759,Supervisor Portal - How to invite to add face,https://oloid.help/en/articles/9673759-supervisor-portal-how-to-invite-to-add-face,published,2024-07-30 06:23:47,2025-05-23 08:59:35
1174,_Unassigned,_Unassigned,e4gi378c,9902212,How to invite to add Face in the Supervisor Portal - Video Tutorial,https://oloid.help/en/articles/9902212-how-to-invite-to-add-face-in-the-supervisor-portal-video-tutorial,published,2024-09-20 10:40:42,2025-05-23 08:54:09
1175,Supervisor Portal,Supervisor Portal - Accounts and Settings,e4gi378c,9690901,Supervisor Portal - How to log in to Supervisor Portal,https://oloid.help/en/articles/9690901-supervisor-portal-how-to-log-in-to-supervisor-portal,published,2024-08-02 08:50:51,2025-05-23 08:04:29
1176,Supervisor Portal,Supervisor Portal - Create &amp; Manage Users,e4gi378c,11401404,How to View and Download User Transaction in Supervisor Portal,https://oloid.help/en/articles/11401404-how-to-view-and-download-user-transaction-in-supervisor-portal,published,2025-05-19 07:04:23,2025-05-23 08:02:11
1177,Supervisor Portal,Supervisor Portal - Create &amp; Manage Shared Credentials,e4gi378c,9684697,Supervisor Portal - How to assign shared credential to multiple users,https://oloid.help/en/articles/9684697-supervisor-portal-how-to-assign-shared-credential-to-multiple-users,published,2024-08-01 05:47:19,2025-05-22 10:59:34
1178,Supervisor Portal,Supervisor Portal - Create &amp; Manage Shared Credentials,e4gi378c,9684618,Supervisor Portal - How to assign shared credential to user,https://oloid.help/en/articles/9684618-supervisor-portal-how-to-assign-shared-credential-to-user,published,2024-08-01 04:49:15,2025-05-22 10:57:07
1179,Supervisor Portal,Supervisor Portal - Create &amp; Manage Shared Credentials,e4gi378c,9684955,Supervisor Portal - How to add credential owners,https://oloid.help/en/articles/9684955-supervisor-portal-how-to-add-credential-owners,published,2024-08-01 07:52:45,2025-05-22 10:54:17
1180,Passwordless Authenticator,Oloid Device Lock - Supporting Documents,e4gi378c,10514219,Oloid + SOTI MobiControl Integration: Required Credentials and Prerequisites,https://oloid.help/en/articles/10514219-oloid-soti-mobicontrol-integration-required-credentials-and-prerequisites,published,2025-02-05 20:31:21,2025-02-05 20:45:10
1181,Passwordless Authenticator,Platform Configuration,e4gi378c,8564762,How to configure Oloid Device Lock app,,draft,2023-11-08 11:25:27,2023-11-08 11:27:15
1182,Oloid Platform - Enterprise Features,Create and Manage Users,e4gi378c,8347798,How to create Oloid account in Tenant Admin Portal,https://oloid.help/en/articles/8347798-how-to-create-oloid-account-in-tenant-admin-portal,published,2023-09-08 10:18:22,2025-05-21 04:35:13
1183,Passwordless Authenticator,WebKey Videos,e4gi378c,11204000,How to add a camera flip button to the QR code scanning screen in Webkey - Video Tutorial,https://oloid.help/en/articles/11204000-how-to-add-a-camera-flip-button-to-the-qr-code-scanning-screen-in-webkey-video-tutorial,published,2025-05-06 08:42:57,2025-05-20 10:40:37
1184,Supervisor Portal,Supervisor Portal - Create &amp; Manage Shared Credentials,e4gi378c,9684906,Supervisor Portal - How to associate users with shared credentials,https://oloid.help/en/articles/9684906-supervisor-portal-how-to-associate-users-with-shared-credentials,published,2024-08-01 07:28:53,2025-05-20 09:19:05
1185,Supervisor Portal,Supervisor Portal - Create &amp; Manage Shared Credentials,e4gi378c,9680203,Supervisor Portal - How to create shared credentials for Windows login,https://oloid.help/en/articles/9680203-supervisor-portal-how-to-create-shared-credentials-for-windows-login,published,2024-07-31 09:42:52,2025-05-20 09:03:14
1186,Supervisor Portal,Supervisor Portal - Create &amp; Manage Users,e4gi378c,9674161,Supervisor Portal - How to delete QR Code for multiple users,https://oloid.help/en/articles/9674161-supervisor-portal-how-to-delete-qr-code-for-multiple-users,published,2024-07-30 08:37:25,2025-05-20 08:48:47
1187,Supervisor Portal,Supervisor Portal - Create &amp; Manage Users,e4gi378c,9673777,Supervisor Portal - How to extend QR Code expiry date for multiple users,https://oloid.help/en/articles/9673777-supervisor-portal-how-to-extend-qr-code-expiry-date-for-multiple-users,published,2024-07-30 06:37:05,2025-05-20 08:46:06
1188,Supervisor Portal,Supervisor Portal - Create &amp; Manage Users,e4gi378c,9673768,Supervisor Portal- How to generate QR Code for multiple users,https://oloid.help/en/articles/9673768-supervisor-portal-how-to-generate-qr-code-for-multiple-users,published,2024-07-30 06:30:06,2025-05-20 08:41:11
1189,Supervisor Portal,Supervisor Portal - Create &amp; Manage Users,e4gi378c,9674159,Supervisor Portal - How to delete QR Code Credential of Users in a Connection,https://oloid.help/en/articles/9674159-supervisor-portal-how-to-delete-qr-code-credential-of-users-in-a-connection,published,2024-07-30 08:36:34,2025-05-20 08:35:12
1190,Supervisor Portal,Supervisor Portal - Videos,e4gi378c,11405969,How to extend QR Code expiry date of Users in a Connection-Video Tutorial,https://oloid.help/en/articles/11405969-how-to-extend-qr-code-expiry-date-of-users-in-a-connection-video-tutorial,published,2025-05-20 08:09:26,2025-05-20 08:20:49
1191,Supervisor Portal,Supervisor Portal - Create &amp; Manage Users,e4gi378c,11401882,How to create Oloid Account in Supervisor Portal,https://oloid.help/en/articles/11401882-how-to-create-oloid-account-in-supervisor-portal,published,2025-05-19 10:08:11,2025-05-20 05:58:18
1192,Supervisor Portal,Supervisor Portal - Create &amp; Manage Users,e4gi378c,9673763,Supervisor Portal - How to generate QR Code of Users in a Connection,https://oloid.help/en/articles/9673763-supervisor-portal-how-to-generate-qr-code-of-users-in-a-connection,published,2024-07-30 06:27:39,2025-05-20 05:48:21
1193,_Unassigned,_Unassigned,e4gi378c,11392898,Filter Test,,draft,2025-05-16 08:15:54,2025-05-16 08:22:48
1194,_Unassigned,_Unassigned,e4gi378c,8498939,User Roles and Permissions in Oloid Platform- To be edited,https://oloid.help/en/articles/8498939-user-roles-and-permissions-in-oloid-platform-to-be-edited,published,2023-10-20 09:00:26,2025-05-16 07:37:05
1195,_Unassigned,_Unassigned,e4gi378c,11388100,How to enable Adjust Video Preview Container Spacing From Top,,draft,2025-05-15 03:59:43,2025-05-15 04:46:03
1196,_Unassigned,_Unassigned,e4gi378c,11385227,DeviceLock V 1.0.27 - Release Notes,,draft,2025-05-14 15:13:27,2025-05-14 15:14:35
1197,_Unassigned,_Unassigned,e4gi378c,11373964,Tenant Admin Roles & Responsibilities – Oloid Platform,,draft,2025-05-13 03:46:26,2025-05-13 03:47:06
1198,Oloid User Portal,Oloid User Portal - Accounts and Settings,e4gi378c,9514956,How to login Oloid User Portal with Google SSO,https://oloid.help/en/articles/9514956-how-to-login-oloid-user-portal-with-google-sso,published,2024-06-24 07:06:30,2025-05-12 06:47:58
1199,Oloid User Portal,Oloid User Portal - NFC Management,e4gi378c,9459621,How to replace and assign NFC using Oloid User Portal,https://oloid.help/en/articles/9459621-how-to-replace-and-assign-nfc-using-oloid-user-portal,published,2024-06-12 09:54:49,2025-05-08 09:14:36
1200,Oloid User Portal,Oloid User Portal - NFC Management,e4gi378c,9459595,How to enroll for NFC Login using Oloid User Portal,https://oloid.help/en/articles/9459595-how-to-enroll-for-nfc-login-using-oloid-user-portal,published,2024-06-12 09:44:33,2025-05-08 09:11:04
1201,_Unassigned,_Unassigned,e4gi378c,11324438,Oloid- Best practices on Facial Authentication,https://oloid.help/en/articles/11324438-oloid-best-practices-on-facial-authentication,published,2025-05-08 05:32:36,2025-05-08 08:39:34
1202,Passwordless Authenticator,Admin Guides- Windows Login,e4gi378c,10662436,Windows Login- Platform Configuration for manual capture of face,https://oloid.help/en/articles/10662436-windows-login-platform-configuration-for-manual-capture-of-face,published,2025-02-27 10:16:43,2025-05-07 09:50:17
1203,Passwordless Authenticator,Videos- Windows Login,e4gi378c,11313518,Windows Login- Platform Configuration for manual capture of face- Video Tutorial,https://oloid.help/en/articles/11313518-windows-login-platform-configuration-for-manual-capture-of-face-video-tutorial,published,2025-05-07 09:45:17,2025-05-07 09:48:40
1204,Passwordless Authenticator,Videos- Windows Login,e4gi378c,11196757,How to log in to Windows device using QR Code and PIN through Windows Login app-Video Tutorial,https://oloid.help/en/articles/11196757-how-to-log-in-to-windows-device-using-qr-code-and-pin-through-windows-login-app-video-tutorial,published,2025-05-05 09:51:48,2025-05-07 09:29:23
1205,Passwordless Authenticator,Videos- Windows Login,e4gi378c,11135549,How to update expired Windows Credential- Video Tutorial,https://oloid.help/en/articles/11135549-how-to-update-expired-windows-credential-video-tutorial,published,2025-04-24 06:18:39,2025-05-07 08:39:23
1206,Passwordless Authenticator,Videos- Windows Login,e4gi378c,11287740,How to enable Auto Launch Mode in Windows Login Application-Video Tutorial,https://oloid.help/en/articles/11287740-how-to-enable-auto-launch-mode-in-windows-login-application-video-tutorial,published,2025-05-07 08:10:15,2025-05-07 08:35:38
1207,Supervisor App,Videos-Supervisor App,e4gi378c,10515477,How to pair Windows Login endpoint from Supervisor App- Video Tutorial,https://oloid.help/en/articles/10515477-how-to-pair-windows-login-endpoint-from-supervisor-app-video-tutorial,published,2025-02-06 05:33:16,2025-05-07 05:37:12
1208,Passwordless Authenticator,Windows Login- Presence Detection Guides,e4gi378c,10319146,How the Self-Unblock Feature Works in Windows Login Presence Detection,https://oloid.help/en/articles/10319146-how-the-self-unblock-feature-works-in-windows-login-presence-detection,published,2024-12-24 06:14:48,2025-05-07 05:20:45
1209,Oloid Verify/Connect,Oloid Connect- Admin Guides,e4gi378c,10410135,How to add Shared Credential to an User in Oloid Connect App,,draft,2025-01-16 06:50:37,2025-05-07 03:04:04
1210,Passwordless Authenticator,WebKey Videos,e4gi378c,10515462,How to log into Workforce Management platforms using QR Code and PIN through WebKey- Video Tutorial,https://oloid.help/en/articles/10515462-how-to-log-into-workforce-management-platforms-using-qr-code-and-pin-through-webkey-video-tutorial,published,2025-02-06 05:21:37,2025-05-06 08:30:33
1211,Passwordless Authenticator,WebKey Videos,e4gi378c,10515452,How to log into Workforce Management platforms using Face and PIN in WebKey- Video Tutorial,https://oloid.help/en/articles/10515452-how-to-log-into-workforce-management-platforms-using-face-and-pin-in-webkey-video-tutorial,published,2025-02-06 05:16:31,2025-05-06 08:11:58
1212,Passwordless Authenticator,WebKey Videos,e4gi378c,10515451,How to log into Workforce Management platforms using Face in WebKey- Video Tutorial,https://oloid.help/en/articles/10515451-how-to-log-into-workforce-management-platforms-using-face-in-webkey-video-tutorial,published,2025-02-06 05:14:22,2025-05-06 06:47:42
1213,_Unassigned,_Unassigned,e4gi378c,11062197,Machine learning model details - Windows Login - Gadget detection,,draft,2025-04-09 18:51:39,2025-05-06 05:05:59
1214,Passwordless Authenticator,Videos- Windows Login,e4gi378c,11136340,How to enroll missing Windows Credential in Windows Login app-Video Tutorial,https://oloid.help/en/articles/11136340-how-to-enroll-missing-windows-credential-in-windows-login-app-video-tutorial,published,2025-04-24 08:51:17,2025-05-06 04:24:58
1215,Oloid App,Oloid App,e4gi378c,8170508,How to send logs to the developer,,draft,2023-07-25 08:29:21,2025-05-06 03:42:40
1216,Oloid App,Oloid App,e4gi378c,6895908,Using the OloID App: Activity Tab,,draft,2023-01-16 13:00:05,2025-05-06 03:42:16
1217,Oloid App,Oloid App,e4gi378c,6651616,Using the OloID App: Credentials Tab,,draft,2022-10-18 03:28:26,2025-05-06 03:42:11
1218,Oloid App,Oloid App,e4gi378c,6894976,Using the OloID App Profile,,draft,2023-01-16 05:54:12,2025-05-06 03:41:49
1219,Oloid App,Oloid App,e4gi378c,6892645,Using the OloID App Wallet,,draft,2023-01-14 08:51:10,2025-05-06 03:41:32
1220,Oloid App,Oloid App,e4gi378c,8078596,Log in to OloID App with Google Sign in,,draft,2023-07-04 10:03:03,2025-05-06 03:41:12
1221,Oloid App,Oloid App,e4gi378c,6911873,Log in to OloID App with Azure,,draft,2023-01-20 10:48:34,2025-05-06 03:40:50
1222,Oloid App,Oloid App,e4gi378c,7213973,Getting started with OloID App,,draft,2023-03-31 11:10:16,2025-05-06 03:40:29
1223,Oloid App,Oloid App,e4gi378c,6651618,OloID App Installation and Login,,draft,2022-10-18 03:30:09,2025-05-06 03:40:08
1224,Passwordless Authenticator,Videos- Windows Login,e4gi378c,11196539,How to Customize Buttons in Windows Login application-Video Tutorial,https://oloid.help/en/articles/11196539-how-to-customize-buttons-in-windows-login-application-video-tutorial,published,2025-05-05 08:40:35,2025-05-05 10:18:01
1225,Passwordless Authenticator,Videos- Windows Login,e4gi378c,11196606,How to log in to Windows device using QR Code through Windows Login app-Video Tutorial,https://oloid.help/en/articles/11196606-how-to-log-in-to-windows-device-using-qr-code-through-windows-login-app-video-tutorial,published,2025-05-05 08:56:14,2025-05-05 09:47:51
1226,Oloid User Portal,Oloid User Portal - Accounts and Settings,e4gi378c,9446876,How to login with Email in Oloid User Portal,https://oloid.help/en/articles/9446876-how-to-login-with-email-in-oloid-user-portal,published,2024-06-10 04:33:55,2024-11-29 06:27:39
1227,Oloid User Portal,Oloid User Portal - Password Management,e4gi378c,9468372,How to create individual password using Oloid User Portal,https://oloid.help/en/articles/9468372-how-to-create-individual-password-using-oloid-user-portal,published,2024-06-14 00:16:39,2024-12-03 11:42:41
1228,Oloid User Portal,Oloid User Portal - Password Management,e4gi378c,9468926,How to edit individual password using Oloid User Portal,https://oloid.help/en/articles/9468926-how-to-edit-individual-password-using-oloid-user-portal,published,2024-06-14 00:51:53,2024-12-04 04:44:55
1229,Oloid User Portal,Oloid User Portal - Face Management,e4gi378c,10162035,How to login with face in Oloid User Portal,https://oloid.help/en/articles/10162035-how-to-login-with-face-in-oloid-user-portal,published,2024-11-20 08:45:24,2024-11-21 10:20:51
1230,Oloid User Portal,Oloid User Portal - QR Code Management,e4gi378c,9901402,How to view QR Code using Oloid User Portal,https://oloid.help/en/articles/9901402-how-to-view-qr-code-using-oloid-user-portal,published,2024-09-20 05:31:09,2024-11-25 10:34:26
1231,Oloid User Portal,Oloid User Portal - Face Management,e4gi378c,9874419,How to add face using Oloid User Portal,https://oloid.help/en/articles/9874419-how-to-add-face-using-oloid-user-portal,published,2024-09-13 07:40:53,2024-12-02 05:49:46
1232,Oloid User Portal,Oloid User Portal - Accounts and Settings,e4gi378c,9874142,How to share feedback using Oloid User Portal,https://oloid.help/en/articles/9874142-how-to-share-feedback-using-oloid-user-portal,published,2024-09-13 04:44:02,2024-12-02 05:58:38
1233,Oloid User Portal,Oloid User Portal - Accounts and Settings,e4gi378c,9874177,How to Log out Oloid User Portal,https://oloid.help/en/articles/9874177-how-to-log-out-oloid-user-portal,published,2024-09-13 05:14:39,2024-11-25 10:14:54
1234,Oloid Platform - Enterprise Features,Create and Manage Users,e4gi378c,10435072,How to migrate users in bulk in Tenant Admin Portal,https://oloid.help/en/articles/10435072-how-to-migrate-users-in-bulk-in-tenant-admin-portal,published,2025-01-21 09:00:05,2025-05-02 06:33:17
1235,_Unassigned,_Unassigned,e4gi378c,11059154,How to Set Time-out for Login Screen in Windows Login application,,draft,2025-04-09 08:20:23,2025-04-29 10:49:51
1236,_Unassigned,_Unassigned,e4gi378c,10978430,How to enable Capture Windows User Events in Windows Login Application,,draft,2025-03-28 09:34:23,2025-04-30 09:05:43
1237,_Unassigned,_Unassigned,e4gi378c,11016632,How to enable Manual Capture Accessibility in Windows Login application,,draft,2025-04-02 05:06:07,2025-04-30 09:05:00
1238,_Unassigned,_Unassigned,e4gi378c,11008747,How to enable Auto-recover Endpoint in Windows Login application,,draft,2025-04-01 09:14:24,2025-04-30 09:03:49
1239,_Unassigned,_Unassigned,e4gi378c,11168930,How to enable timed auto capture in WebKey application,,draft,2025-04-30 06:17:28,2025-04-30 08:03:50
1240,Oloid Platform - Enterprise Features,Azure SSO Setup,e4gi378c,11129577,How to configure Azure SSO in Oloid Portal,https://oloid.help/en/articles/11129577-how-to-configure-azure-sso-in-oloid-portal,published,2025-04-23 05:05:15,2025-04-23 09:06:28
1241,Passwordless Authenticator,Oloid Connect for Passwordless Videos,e4gi378c,10530817,How to log in to Workforce /HRMS platform using QR and Badge through Oloid Connect for Passwordless App- Video Tutorial,https://oloid.help/en/articles/10530817-how-to-log-in-to-workforce-hrms-platform-using-qr-and-badge-through-oloid-connect-for-passwordless-app-video-tutorial,published,2025-02-10 06:38:17,2025-04-28 10:50:30
1242,Passwordless Authenticator,Passwordless Authenticator- Supporting Documents,e4gi378c,8950518,Configure Oloid as OIDC IDP in Auth0,https://oloid.help/en/articles/8950518-configure-oloid-as-oidc-idp-in-auth0,published,2024-02-14 18:53:12,2024-11-21 05:51:40
1243,_Unassigned,_Unassigned,e4gi378c,11091553,Oloid Connect Beta App Deployment Process,https://oloid.help/en/articles/11091553-oloid-connect-beta-app-deployment-process,published,2025-04-16 04:15:44,2025-04-21 14:40:48
1244,Passwordless Authenticator,Webkey- Supporting Documents,e4gi378c,11098630,Troubleshooting Webkey: Network Slowness & Connectivity Issues,https://oloid.help/en/articles/11098630-troubleshooting-webkey-network-slowness-connectivity-issues,published,2025-04-17 07:40:32,2025-04-19 06:57:30
1245,_Unassigned,_Unassigned,e4gi378c,10741199,How to configure Time Rule for user in Oloid Portal,,draft,2025-03-10 10:08:02,2025-04-21 08:46:09
1246,_Unassigned,_Unassigned,e4gi378c,11098727,How to enable Show on-screen keyboard in Windows Login application,,draft,2025-04-17 08:12:56,2025-04-17 09:38:15
1247,_Unassigned,_Unassigned,e4gi378c,11079846,How to Enable Only Preferred Machine Login in Windows Login application,,draft,2025-04-14 09:51:09,2025-04-17 05:07:24
1248,_Unassigned,_Unassigned,e4gi378c,11085787,How to Allow any individual with Domain Credentials in Windows Login application,,draft,2025-04-15 04:40:22,2025-04-17 05:04:51
1249,Oloid Platform - Enterprise Features,Accounts and Settings,e4gi378c,10650272,How to enable Read-only Mode for Supervisors,https://oloid.help/en/articles/10650272-how-to-enable-read-only-mode-for-supervisors,published,2025-02-26 07:02:20,2025-04-14 05:04:33
1250,Passwordless Authenticator,Oloid Web Passwordless Login -WebKey,e4gi378c,11068103,Enabling Oloid as SAML Identity Provider (IDP) in ADFS,https://oloid.help/en/articles/11068103-enabling-oloid-as-saml-identity-provider-idp-in-adfs,published,2025-04-10 22:36:20,2025-04-10 22:39:28
1251,_Unassigned,_Unassigned,e4gi378c,11034025,Oloid Products and Feature List,,draft,2025-04-04 03:40:56,2025-04-08 03:50:21
1252,_Unassigned,_Unassigned,e4gi378c,11006820,Operations allowed for Supervisor in Admin Mode,,draft,2025-04-01 04:36:16,2025-04-04 07:55:47
1253,_Unassigned,_Unassigned,e4gi378c,10899574,Operations performed by a Tenant Admin in Oloid Portal,,draft,2025-03-24 07:21:17,2025-04-01 08:09:06
1254,_Unassigned,_Unassigned,e4gi378c,10973277,How to enroll credentials using Windows Login app,,draft,2025-03-28 04:43:35,2025-03-28 04:47:32
1255,Passwordless Authenticator,Videos- Windows Login,e4gi378c,10907896,How to log out of Windows System using Badge - Video Tutorial,https://oloid.help/en/articles/10907896-how-to-log-out-of-windows-system-using-badge-video-tutorial,published,2025-03-24 16:44:18,2025-03-24 16:47:15
1256,_Unassigned,_Unassigned,e4gi378c,10897289,Untitled public article,,draft,2025-03-24 04:34:57,2025-03-24 04:34:57
1257,Oloid Platform - Enterprise Features,Accounts and Settings,e4gi378c,8836666,How to associate Group with Supervisor?,https://oloid.help/en/articles/8836666-how-to-associate-group-with-supervisor,published,2024-01-18 04:59:27,2025-03-20 10:14:43
1258,Supervisor App,Videos-Supervisor App,e4gi378c,9840969,How to Activate Add/Delete User Action on the App for Supervisor - Video Tutorial,https://oloid.help/en/articles/9840969-how-to-activate-add-delete-user-action-on-the-app-for-supervisor-video-tutorial,published,2024-09-09 06:23:38,2025-03-20 08:50:10
1259,_Unassigned,_Unassigned,e4gi378c,10851816,Untitled public article,,draft,2025-03-20 08:29:00,2025-03-20 08:29:00
1260,_Unassigned,_Unassigned,e4gi378c,10849413,FAQs Chrome Vault application,,draft,2025-03-20 05:22:03,2025-03-20 07:06:37
1261,Oloid Verify/Connect,Oloid Connect- Admin Guides,e4gi378c,8661669,FAQs Oloid Connect application,https://oloid.help/en/articles/8661669-faqs-oloid-connect-application,published,2023-12-01 06:16:43,2023-12-04 10:23:51
1262,_Unassigned,_Unassigned,e4gi378c,10741035,How to create Time Rule,,draft,2025-03-10 09:25:21,2025-03-19 12:04:28
1263,_Unassigned,_Unassigned,e4gi378c,10836452,Oloid Workflow Guides List ( copy of return url links,,draft,2025-03-19 09:25:20,2025-03-19 09:25:50
1264,_Unassigned,_Unassigned,e4gi378c,10832515,How to edit Configure tab in Chrome Vault Application,,draft,2025-03-19 03:54:56,2025-03-19 09:13:25
1265,_Unassigned,_Unassigned,e4gi378c,10832713,How to edit Connections tab in Chrome Vault Application,,draft,2025-03-19 04:44:28,2025-03-19 08:20:43
1266,Oloid Platform - Enterprise Features,Create and Manage Users,e4gi378c,8850381,How to send QR Code credential to user using user portal link,https://oloid.help/en/articles/8850381-how-to-send-qr-code-credential-to-user-using-user-portal-link,published,2024-01-22 09:14:10,2025-03-19 04:27:32
1267,Oloid Workflow,Set up 3rd party Applications,e4gi378c,8559826,Set up Microsoft Entra ID for Oloid Workflow Integration,https://oloid.help/en/articles/8559826-set-up-microsoft-entra-id-for-oloid-workflow-integration,published,2023-11-07 08:31:56,2025-03-19 03:30:12
1268,_Unassigned,_Unassigned,e4gi378c,10814228,How to edit Details tab in Chrome Vault Application,,draft,2025-03-18 05:08:33,2025-03-18 09:54:39
1269,_Unassigned,_Unassigned,e4gi378c,10803360,Machine Learning Project Documentation: YOLOv8 for Gadget Detection,,draft,2025-03-17 11:23:35,2025-03-17 15:28:26
1270,_Unassigned,_Unassigned,e4gi378c,10800064,How to edit Authenticator tab in WebKey Application,,draft,2025-03-17 08:37:26,2025-03-17 10:02:58
1271,_Unassigned,_Unassigned,e4gi378c,10796695,How to edit Health Setup tab in Windows Login Application,,draft,2025-03-17 05:20:07,2025-03-17 05:46:41
1272,_Unassigned,_Unassigned,e4gi378c,10796420,How to edit Health Setup tab in Windows Login Application,,draft,2025-03-17 04:45:59,2025-03-17 05:18:51
1273,Oloid Platform - Enterprise Features,Accounts and Settings,e4gi378c,10458687,How to Generate a Client ID and Secret for Oloid API Calls,https://oloid.help/en/articles/10458687-how-to-generate-a-client-id-and-secret-for-oloid-api-calls,published,2025-01-24 19:57:10,2025-03-17 04:42:21
1274,Oloid Platform - Enterprise Features,Accounts and Settings,e4gi378c,10765097,How to create credential preferences in Oloid Portal,https://oloid.help/en/articles/10765097-how-to-create-credential-preferences-in-oloid-portal,published,2025-03-13 05:36:40,2025-03-13 08:23:28
1275,_Unassigned,_Unassigned,e4gi378c,10765342,How to Disable capturing and saving of image during transactions,,draft,2025-03-13 06:19:19,2025-03-13 06:40:47
1276,_Unassigned,_Unassigned,e4gi378c,10756535,How to disable Face enrollment image saving,,draft,2025-03-12 05:49:28,2025-03-13 06:30:19
1277,Passwordless Authenticator,Passwordless Authenticator,e4gi378c,10575373,How Oloid's Passwordless Authenticator works,https://oloid.help/en/articles/10575373-how-oloid-s-passwordless-authenticator-works,published,2025-02-18 05:29:20,2025-03-12 10:34:18
1278,_Unassigned,_Unassigned,e4gi378c,10299840,Oloid Connect: Add Password,https://oloid.help/en/articles/10299840-oloid-connect-add-password,published,2024-12-18 07:10:26,2025-03-12 09:47:00
1279,Supervisor App,Getting Started with Supervisor App,e4gi378c,9271143,Setting up and using Supervisor App,https://oloid.help/en/articles/9271143-setting-up-and-using-supervisor-app,published,2024-05-02 06:22:59,2025-03-11 11:16:48
1280,_Unassigned,_Unassigned,e4gi378c,10748617,How to add Time Rule to User,,draft,2025-03-11 04:52:09,2025-03-11 05:29:16
1281,_Unassigned,_Unassigned,e4gi378c,10748160,How to add Location for Time Rule,,draft,2025-03-11 04:11:34,2025-03-11 04:26:17
1282,_Unassigned,_Unassigned,e4gi378c,10315344,Oloid Connect: Add Location,,draft,2024-12-23 07:23:51,2025-03-10 07:02:24
1283,Oloid Workflow,Getting Started,e4gi378c,9717036,How to upgrade Oloid Workflow ?,https://oloid.help/en/articles/9717036-how-to-upgrade-oloid-workflow,published,2024-08-08 09:43:54,2025-03-07 10:29:37
1284,Oloid Platform - Enterprise Features,Accounts and Settings,e4gi378c,10146444,User Roles and Permissions in Oloid Portal,https://oloid.help/en/articles/10146444-user-roles-and-permissions-in-oloid-portal,published,2024-11-18 10:37:47,2025-03-04 07:18:32
1285,Oloid Platform - Enterprise Features,Oloid Platform Videos,e4gi378c,10697232,Oloid User Roles and Permissions - Video Tutorial,https://oloid.help/en/articles/10697232-oloid-user-roles-and-permissions-video-tutorial,published,2025-03-03 15:24:40,2025-03-03 15:25:30
1286,Passwordless Authenticator,Oloid Connect for Passwordless Videos,e4gi378c,10558987,How to create Connect for Oloid Passwordless application- Video Tutorial,https://oloid.help/en/articles/10558987-how-to-create-connect-for-oloid-passwordless-application-video-tutorial,published,2025-02-14 10:32:35,2025-03-03 08:01:17
1287,Oloid User Portal,Oloid User Portal - Videos,e4gi378c,10515586,How to replace and assign NFC using Oloid User Portal- Video Tutorial,https://oloid.help/en/articles/10515586-how-to-replace-and-assign-nfc-using-oloid-user-portal-video-tutorial,published,2025-02-06 06:25:23,2025-03-03 07:08:05
1288,Oloid User Portal,Oloid User Portal - Videos,e4gi378c,10515581,How to enroll for NFC Login using Oloid User Portal- Video Tutorial,https://oloid.help/en/articles/10515581-how-to-enroll-for-nfc-login-using-oloid-user-portal-video-tutorial,published,2025-02-06 06:23:58,2025-03-03 07:07:03
1289,Oloid User Portal,Oloid User Portal - Videos,e4gi378c,10515543,How to replace and assign Badge using Oloid User Portal- Video Tutorial,https://oloid.help/en/articles/10515543-how-to-replace-and-assign-badge-using-oloid-user-portal-video-tutorial,published,2025-02-06 06:02:43,2025-03-03 07:04:32
1290,Oloid User Portal,Oloid User Portal - Videos,e4gi378c,10515542,How to enroll for Badge login using Oloid User Portal- Video Tutorial,https://oloid.help/en/articles/10515542-how-to-enroll-for-badge-login-using-oloid-user-portal-video-tutorial,published,2025-02-06 06:01:46,2025-03-03 07:02:25
1291,Oloid User Portal,Oloid User Portal - Videos,e4gi378c,10515540,How to edit PIN using Oloid User Portal- Video Tutorial,https://oloid.help/en/articles/10515540-how-to-edit-pin-using-oloid-user-portal-video-tutorial,published,2025-02-06 06:00:10,2025-03-03 06:36:00
1292,Oloid User Portal,Oloid User Portal - Videos,e4gi378c,10515512,How to create PIN using Oloid User Portal- Video Tutorial,https://oloid.help/en/articles/10515512-how-to-create-pin-using-oloid-user-portal-video-tutorial,published,2025-02-06 05:48:48,2025-03-03 06:06:17
1293,Passwordless Authenticator,Videos- Windows Login (Presence Detection),e4gi378c,10357045,How to unblock a user's blocked screen- Video Tutorial,https://oloid.help/en/articles/10357045-how-to-unblock-a-user-s-blocked-screen-video-tutorial,published,2025-01-07 06:42:04,2025-01-10 10:03:57
1294,Passwordless Authenticator,Videos- Windows Login (Presence Detection),e4gi378c,10368311,How to configure Windows alert for presence detection in Oloid Platform - Video Tutorial,https://oloid.help/en/articles/10368311-how-to-configure-windows-alert-for-presence-detection-in-oloid-platform-video-tutorial,published,2025-01-09 09:35:06,2025-01-09 09:49:43
1295,Passwordless Authenticator,Videos- Windows Login (Presence Detection),e4gi378c,10515465,How the Self unblock feature works in Windows Login Presence Detection- Video Tutorial,https://oloid.help/en/articles/10515465-how-the-self-unblock-feature-works-in-windows-login-presence-detection-video-tutorial,published,2025-02-06 05:23:16,2025-03-03 05:28:46
1296,Supervisor App,Videos-Supervisor App,e4gi378c,10037540,How to enroll Badge using Supervisor App- Video Tutorial,https://oloid.help/en/articles/10037540-how-to-enroll-badge-using-supervisor-app-video-tutorial,published,2024-10-24 07:03:53,2025-02-28 11:26:10
1297,Oloid Platform - Enterprise Features,Accounts and Settings,e4gi378c,8811277,How to provide Oloid admin access to the tenant,https://oloid.help/en/articles/8811277-how-to-provide-oloid-admin-access-to-the-tenant,published,2024-01-12 09:30:55,2025-02-27 10:15:16
1298,Passwordless Authenticator,Videos- Windows Login,e4gi378c,10515467,How to log in to Windows device using NFC and PIN in Windows Login app- Video Tutorial,https://oloid.help/en/articles/10515467-how-to-log-in-to-windows-device-using-nfc-and-pin-in-windows-login-app-video-tutorial,published,2025-02-06 05:24:55,2025-02-26 08:38:29
1299,Passwordless Authenticator,WebKey Videos,e4gi378c,10515454,How to enroll-for face using webkey- Video Tutorial,https://oloid.help/en/articles/10515454-how-to-enroll-for-face-using-webkey-video-tutorial,published,2025-02-06 05:17:41,2025-02-25 03:40:24
1300,Oloid Verify/Connect,Oloid Connect Videos,e4gi378c,10530799,Installing the Oloid Connect App- Video Tutorial,https://oloid.help/en/articles/10530799-installing-the-oloid-connect-app-video-tutorial,published,2025-02-10 06:31:36,2025-02-25 03:35:06
1301,_Unassigned,_Unassigned,e4gi378c,10629986,Untitled public article,,draft,2025-02-24 21:51:04,2025-02-24 21:51:04
1302,Passwordless Authenticator,Oloid Web Passwordless Login -WebKey,e4gi378c,9276680,QR Code Onboarding _ To be deleted,https://oloid.help/en/articles/9276680-qr-code-onboarding-_-to-be-deleted,published,2024-05-03 08:15:05,2025-02-20 12:06:33
1303,_Unassigned,_Unassigned,e4gi378c,10357117,How to review transactions in Oloid Connect,,draft,2025-01-07 07:28:35,2025-02-20 08:35:59
1304,_Unassigned,_Unassigned,e4gi378c,10473440,How to configure Browser Fingerprint manually in WebKey,,draft,2025-01-28 09:28:57,2025-02-19 07:10:30
1305,_Unassigned,_Unassigned,e4gi378c,10363804,Supervisor Portal- How to configure Web Button,,draft,2025-01-08 05:05:55,2025-02-19 05:55:25
1306,_Unassigned,_Unassigned,e4gi378c,10337638,Oloid Connect- How to use Intent screen,,draft,2024-12-31 06:58:13,2025-02-18 07:52:45
1307,Passwordless Authenticator,Passwordless Authenticator,e4gi378c,7201474,How Webkey works,https://oloid.help/en/articles/7201474-how-webkey-works,published,2023-03-28 09:41:55,2025-02-18 05:29:01
1308,_Unassigned,_Unassigned,e4gi378c,10568536,Windows Login- Issue/Error and Resolution,https://oloid.help/en/articles/10568536-windows-login-issue-error-and-resolution,published,2025-02-17 09:30:10,2025-02-17 09:33:43
1309,_Unassigned,_Unassigned,e4gi378c,10515400,Troubleshooting Windows Login,,draft,2025-02-06 04:31:39,2025-02-17 09:29:49
1310,Passwordless Authenticator,Oloid Connect for Passwordless Videos,e4gi378c,10090037,"How to log in to Workforce /HRMS platform using Password through Oloid Connect for Passwordless App- Video Tutorial",https://oloid.help/en/articles/10090037-how-to-log-in-to-workforce-hrms-platform-using-password-through-oloid-connect-for-passwordless-app-video-tutorial,published,2024-11-06 06:29:52,2025-02-12 08:14:46
1311,_Unassigned,_Unassigned,e4gi378c,10530793,How to log in to Workforce/ HRMS system using Single Factor Authenticators through Oloid Connect Passwordless App- Video Tutorial,,draft,2025-02-10 06:28:49,2025-02-10 06:31:08
1312,_Unassigned,_Unassigned,e4gi378c,10530791,How to enroll for face through Oloid Connect Passwordless App- Video Tutorial,,draft,2025-02-10 06:27:41,2025-02-10 06:28:32
1313,_Unassigned,_Unassigned,e4gi378c,10530783,How to download and install windows login supervisor app- Video Tutorial,,draft,2025-02-10 06:25:03,2025-02-10 06:25:50
1314,_Unassigned,_Unassigned,e4gi378c,10420196,Setting up and using Oloid Connect App for Passwordless (Draft),,draft,2025-01-17 12:23:30,2025-02-10 05:45:14
1315,Passwordless Authenticator,User Guides- Oloid Connect for Passwordless,e4gi378c,9842058,How to log in to Workforce /HRMS platform using QR Code and PIN through Oloid Connect for Passwordless App,https://oloid.help/en/articles/9842058-how-to-log-in-to-workforce-hrms-platform-using-qr-code-and-pin-through-oloid-connect-for-passwordless-app,published,2024-09-09 09:47:31,2025-02-07 08:38:23
1316,Passwordless Authenticator,User Guides- Oloid Connect for Passwordless,e4gi378c,9891142,How to log in to Workforce /HRMS platform using Badge and NFC through Oloid Connect for Passwordless App,https://oloid.help/en/articles/9891142-how-to-log-in-to-workforce-hrms-platform-using-badge-and-nfc-through-oloid-connect-for-passwordless-app,published,2024-09-18 09:25:58,2025-02-07 08:37:09
1317,Passwordless Authenticator,User Guides- Oloid Connect for Passwordless,e4gi378c,9789771,How to log in to Workforce /HRMS platform using Badge and PIN through Oloid Connect for Passwordless App,https://oloid.help/en/articles/9789771-how-to-log-in-to-workforce-hrms-platform-using-badge-and-pin-through-oloid-connect-for-passwordless-app,published,2024-08-27 06:36:23,2025-02-07 08:35:59
1318,Passwordless Authenticator,User Guides- Oloid Connect for Passwordless,e4gi378c,9790290,How to log in to Workforce /HRMS platform using NFC and PIN through Oloid Connect for Passwordless App,https://oloid.help/en/articles/9790290-how-to-log-in-to-workforce-hrms-platform-using-nfc-and-pin-through-oloid-connect-for-passwordless-app,published,2024-08-27 09:43:41,2025-02-07 08:35:06
1319,_Unassigned,_Unassigned,e4gi378c,10515457,(All devices)How to log into Workforce Management platforms using Face in WebKey- Video Tutorial,,draft,2025-02-06 05:19:11,2025-02-06 05:21:25
1320,_Unassigned,_Unassigned,e4gi378c,10514232,Untitled public article,,draft,2025-02-05 20:35:24,2025-02-05 20:35:24
1321,Oloid Platform - Enterprise Features,Create and Manage Endpoints,e4gi378c,8332796,How to configure Endpoint for Verify/Connect,https://oloid.help/en/articles/8332796-how-to-configure-endpoint-for-verify-connect,published,2023-09-05 06:06:37,2025-02-05 08:32:26
1322,Oloid Verify/Connect,Oloid Verify/Connect,e4gi378c,7222296,Getting Started with Oloid Verify/Connect,,draft,2023-04-03 10:21:56,2025-02-05 05:11:15
1323,_Unassigned,_Unassigned,e4gi378c,8661702,FAQs Oloid Verify application,https://oloid.help/en/articles/8661702-faqs-oloid-verify-application,published,2023-12-01 06:34:25,2023-12-04 09:26:58
1324,Supporting Documents,Supporting Documents,e4gi378c,10510647,Facial Scan Policy,https://oloid.help/en/articles/10510647-facial-scan-policy,published,2025-02-05 04:20:24,2025-02-05 04:24:23
1325,Oloid Verify/Connect,Supporting Documents,e4gi378c,8077713,Hardware requirement for Oloid Verify installation (To be deleted),,draft,2023-07-04 04:08:03,2025-02-04 09:08:05
1326,Oloid Verify/Connect,Oloid Verify/Connect,e4gi378c,8438355,Oloid Verify/Connect Video Tutorial List (To be deleted),,draft,2023-10-03 06:02:11,2025-02-04 09:04:07
1327,Passwordless Authenticator,Windows Login- Presence Detection Guides,e4gi378c,10489306,Windows Login (Presence Detection) : Platform Configuration for self unblock,https://oloid.help/en/articles/10489306-windows-login-presence-detection-platform-configuration-for-self-unblock,published,2025-01-30 05:11:26,2025-02-03 08:53:42
1328,_Unassigned,_Unassigned,e4gi378c,10430185,windows authenticator app download,https://oloid.help/en/articles/10430185-windows-authenticator-app-download,published,2025-01-20 13:10:46,2025-01-30 10:52:29
1329,Passwordless Authenticator,WebKey Videos,e4gi378c,9612011,How to log into Workforce Management platforms using QR Code through WebKey -Video Tutorial,https://oloid.help/en/articles/9612011-how-to-log-into-workforce-management-platforms-using-qr-code-through-webkey-video-tutorial,published,2024-07-15 13:54:22,2025-01-30 06:10:58
1330,_Unassigned,_Unassigned,e4gi378c,10485297,Installing the Oloid Connect App- Video Tutorial,https://oloid.help/en/articles/10485297-installing-the-oloid-connect-app-video-tutorial,published,2025-01-29 12:03:02,2025-01-29 12:09:49
1331,Passwordless Authenticator,User Guides- Oloid Connect for Passwordless,e4gi378c,8413098,How to log in to Workforce/ HRMS system using Single Factor Authenticators through  Oloid Connect Passwordless App,https://oloid.help/en/articles/8413098-how-to-log-in-to-workforce-hrms-system-using-single-factor-authenticators-through-oloid-connect-passwordless-app,published,2023-09-26 08:18:38,2025-01-29 12:02:10
1332,Passwordless Authenticator,Oloid Connect for Passwordless Videos,e4gi378c,10485263,"How to log in to Workforce/ HRMS system using Single Factor Authenticators through Oloid Connect Passwordless App- Video Tutorial",https://oloid.help/en/articles/10485263-how-to-log-in-to-workforce-hrms-system-using-single-factor-authenticators-through-oloid-connect-passwordless-app-video-tutorial,published,2025-01-29 11:45:24,2025-01-29 11:59:15
1333,Oloid Verify/Connect,Oloid Connect Videos,e4gi378c,10090017,How to configure intent screen for Oloid Connect - Video Tutorial,https://oloid.help/en/articles/10090017-how-to-configure-intent-screen-for-oloid-connect-video-tutorial,published,2024-11-06 06:15:29,2024-11-08 05:56:10
1334,Passwordless Authenticator,Windows Login- Presence Detection Guides,e4gi378c,10021898,Windows Login - Screen block on Face Tracking Violation,https://oloid.help/en/articles/10021898-windows-login-screen-block-on-face-tracking-violation,published,2024-10-21 12:14:49,2025-01-29 08:03:01
1335,Passwordless Authenticator,Windows Login- Presence Detection Guides,e4gi378c,10021367,Windows Login - Screen block on Gadgets detected,https://oloid.help/en/articles/10021367-windows-login-screen-block-on-gadgets-detected,published,2024-10-21 08:58:15,2025-01-29 08:02:14
1336,Passwordless Authenticator,Windows Login- Presence Detection Guides,e4gi378c,10001674,Windows Login - Screen block on Multiple faces detected,https://oloid.help/en/articles/10001674-windows-login-screen-block-on-multiple-faces-detected,published,2024-10-16 08:55:23,2025-01-29 05:55:25
1337,Passwordless Authenticator,Windows Login- Presence Detection Guides,e4gi378c,10025966,Oloid's Presence Detection Feature for Windows Login Application,https://oloid.help/en/articles/10025966-oloid-s-presence-detection-feature-for-windows-login-application,published,2024-10-22 06:51:35,2025-01-29 05:41:11
1338,Passwordless Authenticator,Credential Management,e4gi378c,8408208,Factor Sequencing for Multi-factor authentication in Windows Device Login (To be deleted),,draft,2023-09-25 09:21:25,2025-01-28 10:26:42
1339,_Unassigned,_Unassigned,e4gi378c,8600301,Factor sequencing for Muti-factor Authentication in Oloid's WebKey (not implemented),,draft,2023-11-17 06:05:16,2025-01-28 10:23:13
1340,_Unassigned,_Unassigned,e4gi378c,10448856,How to auto pair endpoint through Windows Login app,,draft,2025-01-23 07:05:10,2025-01-23 10:05:28
1341,_Unassigned,_Unassigned,e4gi378c,10428791,Supervisor Portal- How to configure endpoint for Oloid Connect,,draft,2025-01-20 05:55:20,2025-01-21 09:30:17
1342,_Unassigned,_Unassigned,e4gi378c,10272164,How to install Supervisor App using Setup file,,draft,2024-12-12 05:39:03,2025-01-20 13:08:45
1343,_Unassigned,_Unassigned,e4gi378c,9414423,Oloid Connect: Create Shared Credential,,draft,2024-06-03 11:37:44,2025-01-16 10:14:29
1344,_Unassigned,_Unassigned,e4gi378c,9393375,What is Oloid Device Lock,,draft,2024-05-29 06:17:56,2025-01-16 06:41:58
1345,Passwordless Authenticator,Videos- Windows Login,e4gi378c,10357082,Touch screen configuration on Oloid Platform for Windows Login- Video Tutorial,https://oloid.help/en/articles/10357082-touch-screen-configuration-on-oloid-platform-for-windows-login-video-tutorial,published,2025-01-07 07:01:52,2025-01-10 10:37:28
1346,Passwordless Authenticator,Windows Login- Presence Detection Guides,e4gi378c,9790398,How to unblock a user's blocked screen,https://oloid.help/en/articles/9790398-how-to-unblock-a-user-s-blocked-screen,published,2024-08-27 10:27:08,2025-01-10 10:30:37
1347,Passwordless Authenticator,Admin Guides - Oloid Connect for Passwordless,e4gi378c,8403138,Configuring Oloid Connect App for SSO Login,,draft,2023-09-22 09:56:58,2025-01-10 06:56:21
1348,Passwordless Authenticator,Videos- Windows Login,e4gi378c,10368396,How to configure an endpoint for Windows Login- Video Tutorial,https://oloid.help/en/articles/10368396-how-to-configure-an-endpoint-for-windows-login-video-tutorial,published,2025-01-09 09:55:39,2025-01-10 05:19:26
1349,_Unassigned,_Unassigned,e4gi378c,10319222,Untitled public article,,draft,2024-12-24 07:41:48,2025-01-09 09:48:04
1350,M-Tag,Troubleshooting M-Tag,e4gi378c,6896105,Errors and Troubleshooting: Error message Tenant/ Account does not exist.,https://oloid.help/en/articles/6896105-errors-and-troubleshooting-error-message-tenant-account-does-not-exist,published,2023-01-16 14:33:05,2023-05-17 08:58:40
1351,M-Tag,Troubleshooting M-Tag,e4gi378c,6896058,"Errors and Troubleshooting: The M-Tag Name (door name) button in the app turns green, but the door doesn’t open.",https://oloid.help/en/articles/6896058-errors-and-troubleshooting-the-m-tag-name-door-name-button-in-the-app-turns-green-but-the-door-doesn-t-open,published,2023-01-16 14:05:36,2023-01-16 14:07:13
1352,M-Tag,Troubleshooting M-Tag,e4gi378c,6895716,Errors and Troubleshooting: M-Tag Name not showing in the App.,https://oloid.help/en/articles/6895716-errors-and-troubleshooting-m-tag-name-not-showing-in-the-app,published,2023-01-16 11:46:12,2023-06-02 05:49:28
1353,M-Tag,Troubleshooting M-Tag,e4gi378c,6823168,General Info and FAQs,https://oloid.help/en/articles/6823168-general-info-and-faqs,published,2022-12-14 04:41:57,2023-10-30 10:18:33
1354,M-Tag,Using M-Tag,e4gi378c,6839174,User Instructions to Operate M-Tag,https://oloid.help/en/articles/6839174-user-instructions-to-operate-m-tag,published,2022-12-20 11:59:40,2023-05-17 08:53:17
1355,M-Tag,Installing and Configuring M-Tag,e4gi378c,6870610,Registering M-Tag,https://oloid.help/en/articles/6870610-registering-m-tag,published,2023-01-05 10:39:30,2023-06-02 05:12:57
1356,M-Tag,Installing and Configuring M-Tag,e4gi378c,7214671,Configuring M-Tag Users,https://oloid.help/en/articles/7214671-configuring-m-tag-users,published,2023-03-31 13:15:09,2023-06-02 05:41:40
1357,M-Tag,Installing and Configuring M-Tag,e4gi378c,6839169,How to install M-Tag?,https://oloid.help/en/articles/6839169-how-to-install-m-tag,published,2022-12-20 11:58:52,2023-05-16 05:40:03
1358,M-Tag,Getting Started with M-Tag,e4gi378c,7214150,Getting Started with Oloid M-Tag,https://oloid.help/en/articles/7214150-getting-started-with-oloid-m-tag,published,2023-03-31 12:43:33,2023-06-02 04:58:54
1359,M-Tag,Getting Started with M-Tag,e4gi378c,6899644,M-Tag Features,https://oloid.help/en/articles/6899644-m-tag-features,published,2023-01-17 13:49:20,2023-05-17 08:30:12
1360,M-Tag,Getting Started with M-Tag,e4gi378c,6839157,What is M-Tag?,https://oloid.help/en/articles/6839157-what-is-m-tag,published,2022-12-20 11:53:03,2023-03-30 14:41:31
1361,M-Tag,M-Tag Admin,e4gi378c,6984772,Recommended Settings,https://oloid.help/en/articles/6984772-recommended-settings,published,2023-02-13 13:38:52,2023-06-02 06:52:07
1362,M-Tag,M-Tag Admin,e4gi378c,6984762,Unregister M-Tag,https://oloid.help/en/articles/6984762-unregister-m-tag,published,2023-02-13 13:33:46,2023-05-22 09:44:33
1363,M-Tag,M-Tag Admin,e4gi378c,6984528,How to modify M-Tag settings,https://oloid.help/en/articles/6984528-how-to-modify-m-tag-settings,published,2023-02-13 12:12:56,2023-05-24 09:14:49
1364,M-Tag,M-Tag Admin,e4gi378c,6972238,How to register M-Tag,https://oloid.help/en/articles/6972238-how-to-register-m-tag,published,2023-02-08 06:04:18,2023-05-22 09:12:28
1365,M-Tag,M-Tag Admin,e4gi378c,6969506,M-Tag Admin App installation and login,https://oloid.help/en/articles/6969506-m-tag-admin-app-installation-and-login,published,2023-02-07 09:08:23,2023-05-24 09:12:14
1366,M-Tag,M-Tag Admin,e4gi378c,7220843,Getting started with Oloid M-Tag Admin App,https://oloid.help/en/articles/7220843-getting-started-with-oloid-m-tag-admin-app,published,2023-04-03 04:41:32,2023-06-02 05:58:30
1367,Passwordless Authenticator,Videos- Windows Login,e4gi378c,10357476,How to log in to Windows device using NFC through Windows Login app- Video Tutorial,https://oloid.help/en/articles/10357476-how-to-log-in-to-windows-device-using-nfc-through-windows-login-app-video-tutorial,published,2025-01-07 09:05:46,2025-01-07 09:08:33
1368,_Unassigned,_Unassigned,e4gi378c,10356885,How to configure Azure SSO in Oloid Portal,,draft,2025-01-07 05:06:05,2025-01-07 05:42:17
1369,Passwordless Authenticator,WebKey Videos,e4gi378c,10353390,How to log into Workforce /HRMS platform using Face and PIN through WebKey- Video Tutorial,https://oloid.help/en/articles/10353390-how-to-log-into-workforce-hrms-platform-using-face-and-pin-through-webkey-video-tutorial,published,2025-01-06 10:20:22,2025-01-06 14:14:45
1370,Passwordless Authenticator,WebKey Videos,e4gi378c,10353357,How to log into Workforce /HRMS platform using Face through WebKey - Video Tutorial,https://oloid.help/en/articles/10353357-how-to-log-into-workforce-hrms-platform-using-face-through-webkey-video-tutorial,published,2025-01-06 10:03:09,2025-01-06 14:05:06
1371,_Unassigned,_Unassigned,e4gi378c,10341910,Oloid Connect- How to log in with NFC/ID,,draft,2025-01-02 08:05:03,2025-01-02 09:38:31
1372,Oloid Platform - Enterprise Features,Getting Started,e4gi378c,8159402,Enabling Okta SSO for Oloid Apps ( Verify/Connect/Device Lock/OloID App),https://oloid.help/en/articles/8159402-enabling-okta-sso-for-oloid-apps-verify-connect-device-lock-oloid-app,published,2023-07-21 10:26:47,2024-12-30 10:01:20
1373,_Unassigned,_Unassigned,e4gi378c,10334783,ping,,draft,2024-12-30 04:41:39,2024-12-30 06:54:37
1374,Oloid Platform - Enterprise Features,API Guides,e4gi378c,9827859,Guide to Retrieving Events and Transactions,https://oloid.help/en/articles/9827859-guide-to-retrieving-events-and-transactions,published,2024-09-05 16:02:26,2024-09-06 14:58:22
1375,Oloid Platform - Enterprise Features,API Guides,e4gi378c,9827844,List Activity Logs API,https://oloid.help/en/articles/9827844-list-activity-logs-api,published,2024-09-05 15:56:42,2024-09-05 16:00:09
1376,Oloid Platform - Enterprise Features,API Guides,e4gi378c,9827773,List Transactions API,https://oloid.help/en/articles/9827773-list-transactions-api,published,2024-09-05 15:39:34,2024-09-05 15:55:59
1377,Oloid Platform - Enterprise Features,Oloid Platform - Enterprise Features,e4gi378c,9614545,IGA Web hook for Individual Windows Credential,https://oloid.help/en/articles/9614545-iga-web-hook-for-individual-windows-credential,published,2024-07-16 06:53:25,2024-07-16 11:28:50
1378,Oloid Platform - Enterprise Features,Oloid Platform - Enterprise Features,e4gi378c,9614997,IGA Web hook for Shared Windows Credential,https://oloid.help/en/articles/9614997-iga-web-hook-for-shared-windows-credential,published,2024-07-16 10:07:55,2024-07-16 11:29:56
1379,Oloid Platform - Enterprise Features,Oloid Platform - Enterprise Features,e4gi378c,9073240,Login API Documentation,https://oloid.help/en/articles/9073240-login-api-documentation,published,2024-03-14 22:24:29,2024-09-05 16:15:00
1380,Oloid Platform - Enterprise Features,Oloid Platform - Enterprise Features,e4gi378c,9073215,Add Face URL API,https://oloid.help/en/articles/9073215-add-face-url-api,published,2024-03-14 22:11:05,2024-03-14 22:20:59
1381,_Unassigned,_Unassigned,e4gi378c,8607304,Configuring WebKey for SSO Login,https://oloid.help/en/articles/8607304-configuring-webkey-for-sso-login,published,2023-11-20 08:20:06,2024-12-24 05:04:19
1382,Supervisor Portal,Supervisor Portal - Create &amp; Manage Users,e4gi378c,10304522,Supervisor Portal- How to create Vault Password,https://oloid.help/en/articles/10304522-supervisor-portal-how-to-create-vault-password,published,2024-12-19 09:20:54,2024-12-23 14:07:54
1383,_Unassigned,_Unassigned,e4gi378c,10304431,Document List - Credential Onboarding,https://oloid.help/en/articles/10304431-document-list-credential-onboarding,published,2024-12-19 08:46:38,2024-12-20 14:12:16
1384,_Unassigned,_Unassigned,e4gi378c,10304375,Overview of Credential Onboarding Options in Oloid,https://oloid.help/en/articles/10304375-overview-of-credential-onboarding-options-in-oloid,published,2024-12-19 08:12:41,2024-12-19 08:35:26
1385,Supervisor Portal,Supervisor Portal - Create &amp; Manage Users,e4gi378c,9669597,Supervisor Portal - How to create QR code as credential for User,https://oloid.help/en/articles/9669597-supervisor-portal-how-to-create-qr-code-as-credential-for-user,published,2024-07-29 11:05:47,2024-12-19 05:29:53
1386,_Unassigned,_Unassigned,e4gi378c,10299658,Untitled public article,,draft,2024-12-18 04:55:04,2024-12-18 04:55:04
1387,Passwordless Authenticator,Videos- Windows Login,e4gi378c,10288348,Windows Login - Video Tutorial,https://oloid.help/en/articles/10288348-windows-login-video-tutorial,published,2024-12-16 05:50:52,2024-12-16 05:54:18
1388,Oloid Workflow,How-to guides,e4gi378c,8574780,How to create a flow?,https://oloid.help/en/articles/8574780-how-to-create-a-flow,published,2023-11-10 04:20:53,2024-12-13 08:45:57
1389,Oloid Workflow,How-to guides,e4gi378c,8574815,How to import a flow?,https://oloid.help/en/articles/8574815-how-to-import-a-flow,published,2023-11-10 05:03:38,2024-12-13 08:16:43
1390,Oloid Workflow,How-to guides,e4gi378c,10264390,How to enable/disable flow,https://oloid.help/en/articles/10264390-how-to-enable-disable-flow,published,2024-12-11 06:01:36,2024-12-13 08:14:28
1391,_Unassigned,_Unassigned,e4gi378c,10248495,Troubleshooting Badge Binary Error,,draft,2024-12-06 10:28:50,2024-12-10 15:58:55
1392,_Unassigned,_Unassigned,e4gi378c,10255776,How to login with Okta SSO in Oloid Verify App,,draft,2024-12-09 07:22:40,2024-12-09 09:41:28
1393,_Unassigned,_Unassigned,e4gi378c,10229274,How to Use Data from Configurator Tool to Create Wiegand Format Definition in Oloid,https://oloid.help/en/articles/10229274-how-to-use-data-from-configurator-tool-to-create-wiegand-format-definition-in-oloid,published,2024-12-04 05:44:25,2024-12-06 13:54:25
1394,Oloid Platform - Enterprise Features,Create and Manage Wiegand Access,e4gi378c,8492278,How to delete Wiegand Access,https://oloid.help/en/articles/8492278-how-to-delete-wiegand-access,published,2023-10-19 03:48:42,2024-12-05 05:14:29
1395,_Unassigned,_Unassigned,e4gi378c,10224841,How to extract logs manually,,draft,2024-12-03 04:50:48,2024-12-03 10:27:41
1396,_Unassigned,_Unassigned,e4gi378c,10214464,How to extract logs using Oloid Portal,,draft,2024-11-29 13:24:01,2024-12-03 05:53:19
1397,Oloid Platform - Enterprise Features,Create and Manage Users,e4gi378c,8937141,How to enroll users using badge scan in Oloid Portal,https://oloid.help/en/articles/8937141-how-to-enroll-users-using-badge-scan-in-oloid-portal,published,2024-02-12 11:49:11,2024-11-28 05:50:43
1398,Supervisor App,Videos-Supervisor App,e4gi378c,9902246,How to assign NFC/ID as a credential to the user in the Supervisor Portal- Video Tutorial,https://oloid.help/en/articles/9902246-how-to-assign-nfc-id-as-a-credential-to-the-user-in-the-supervisor-portal-video-tutorial,published,2024-09-20 10:51:07,2024-11-28 04:49:29
1399,Passwordless Authenticator,User Guides- Oloid Connect for Passwordless,e4gi378c,9895757,How to log in to Workforce /HRMS platform using Password through Oloid Connect for Passwordless,https://oloid.help/en/articles/9895757-how-to-log-in-to-workforce-hrms-platform-using-password-through-oloid-connect-for-passwordless,published,2024-09-19 07:51:59,2024-11-27 09:56:27
1400,Passwordless Authenticator,User Guides- Oloid Connect for Passwordless,e4gi378c,9891334,How to enroll for face through Oloid Connect Passwordless App,https://oloid.help/en/articles/9891334-how-to-enroll-for-face-through-oloid-connect-passwordless-app,published,2024-09-18 10:03:59,2024-11-27 09:07:27
1401,Supervisor Portal,Supervisor Portal - Create &amp; Manage Users,e4gi378c,9674164,Supervisor Portal - How to migrate user to a different connection,https://oloid.help/en/articles/9674164-supervisor-portal-how-to-migrate-user-to-a-different-connection,published,2024-07-30 08:38:32,2024-11-19 09:27:09
1402,Supervisor Portal,Supervisor Portal - Create &amp; Manage Users,e4gi378c,9674132,Supervisor Portal - How to invite multiple users to add face,https://oloid.help/en/articles/9674132-supervisor-portal-how-to-invite-multiple-users-to-add-face,published,2024-07-30 08:29:07,2024-11-19 09:19:15
1403,Supervisor Portal,Supervisor Portal - Create &amp; Manage Users,e4gi378c,9674187,Supervisor Portal - How to remove user,https://oloid.help/en/articles/9674187-supervisor-portal-how-to-remove-user,published,2024-07-30 08:44:31,2024-11-19 08:59:44
1404,Oloid Verify/Connect,Getting started on the Oloid Platform,e4gi378c,8654900,Oloid Platform Configuration for Oloid Verify App,,draft,2023-11-30 05:10:17,2024-11-18 05:05:14
1405,Oloid Chrome Vault,Chrome Vault - Videos,e4gi378c,10009949,How to log out from Chrome Vault- Video Tutorial,https://oloid.help/en/articles/10009949-how-to-log-out-from-chrome-vault-video-tutorial,published,2024-10-18 06:24:19,2024-11-13 04:41:08
1406,Passwordless Authenticator,Oloid Connect for Passwordless Videos,e4gi378c,10090029,"How to log in to Workforce /HRMS platform using NFC and PIN through Oloid Connect for Passwordless App- Video Tutorial",https://oloid.help/en/articles/10090029-how-to-log-in-to-workforce-hrms-platform-using-nfc-and-pin-through-oloid-connect-for-passwordless-app-video-tutorial,published,2024-11-06 06:24:59,2024-11-13 04:39:06
1407,Passwordless Authenticator,Oloid Connect for Passwordless Videos,e4gi378c,10090031,"How to log in to Workforce /HRMS platform using QR Code and PIN through Oloid Connect for Passwordless App- Video Tutorial",https://oloid.help/en/articles/10090031-how-to-log-in-to-workforce-hrms-platform-using-qr-code-and-pin-through-oloid-connect-for-passwordless-app-video-tutorial,published,2024-11-06 06:26:43,2024-11-13 04:36:35
1408,_Unassigned,_Unassigned,e4gi378c,10090022,How to configure multi button intent screen in Oloid Connect - Video Tutorial,https://oloid.help/en/articles/10090022-how-to-configure-multi-button-intent-screen-in-oloid-connect-video-tutorial,published,2024-11-06 06:20:47,2024-11-11 06:33:41
1409,Oloid Platform - Enterprise Features,Create and Manage Users,e4gi378c,9716724,How to send QR code link using Oloid Portal,https://oloid.help/en/articles/9716724-how-to-send-qr-code-link-using-oloid-portal,published,2024-08-08 07:00:20,2024-11-11 06:13:37
1410,Oloid Platform - Enterprise Features,Create and Manage Users,e4gi378c,8290091,How to add CloudKey as credential to users,https://oloid.help/en/articles/8290091-how-to-add-cloudkey-as-credential-to-users,published,2023-08-24 05:26:51,2024-11-08 10:47:07
1411,Passwordless Authenticator,Oloid Connect for Passwordless Videos,e4gi378c,10090025,"How to log in to Workforce /HRMS platform using Badge and NFC through Oloid Connect for Passwordless App- Video Tutorial",https://oloid.help/en/articles/10090025-how-to-log-in-to-workforce-hrms-platform-using-badge-and-nfc-through-oloid-connect-for-passwordless-app-video-tutorial,published,2024-11-06 06:22:18,2024-11-08 10:37:32
1412,Passwordless Authenticator,Oloid Connect for Passwordless Videos,e4gi378c,10090033,"How to log in to Workforce /HRMS platform using Badge and PIN through Oloid Connect for Passwordless App- Video Tutorial",https://oloid.help/en/articles/10090033-how-to-log-in-to-workforce-hrms-platform-using-badge-and-pin-through-oloid-connect-for-passwordless-app-video-tutorial,published,2024-11-06 06:28:29,2024-11-08 04:34:14
1413,Passwordless Authenticator,Oloid Connect for Passwordless Videos,e4gi378c,10090038,How to enroll for face through Oloid Connect Passwordless App-Video Tutorial,https://oloid.help/en/articles/10090038-how-to-enroll-for-face-through-oloid-connect-passwordless-app-video-tutorial,published,2024-11-06 06:31:35,2024-11-08 04:30:12
1414,Oloid Verify/Connect,Supporting Documents,e4gi378c,7193356,Oloid Thermal Kit installation and setup( To be deleted),,draft,2023-03-27 08:11:38,2024-11-01 04:23:37
1415,Supervisor App,Videos-Supervisor App,e4gi378c,10037530,How to assign credential owners to shared credentials using Supervisor App- Video Tutorial,https://oloid.help/en/articles/10037530-how-to-assign-credential-owners-to-shared-credentials-using-supervisor-app-video-tutorial,published,2024-10-24 06:58:55,2024-10-30 07:13:14
1416,Oloid Platform - Enterprise Features,Create and Manage Users,e4gi378c,9716548,How to send invite to download mobile app using Oloid Portal,https://oloid.help/en/articles/9716548-how-to-send-invite-to-download-mobile-app-using-oloid-portal,published,2024-08-08 04:54:54,2024-10-29 05:36:01
1417,_Unassigned,_Unassigned,e4gi378c,10038652,Steps to customize Oloid Portal,,draft,2024-10-24 12:01:41,2024-10-24 12:27:38
1418,_Unassigned,_Unassigned,e4gi378c,10037535,How to view and edit Shared Credential details in Supervisor App- Video Tutorial,,draft,2024-10-24 07:01:32,2024-10-24 07:02:27
1419,Oloid Platform - Enterprise Features,Create and Manage Users,e4gi378c,8355149,How to find face,https://oloid.help/en/articles/8355149-how-to-find-face,published,2023-09-11 09:52:15,2024-10-24 05:48:19
1420,Oloid Platform - Enterprise Features,Create and Manage Users,e4gi378c,8344346,How to activate or deactivate user,https://oloid.help/en/articles/8344346-how-to-activate-or-deactivate-user,published,2023-09-07 10:57:02,2024-10-24 05:41:43
1421,Oloid Platform - Enterprise Features,Create and Manage Locations,e4gi378c,8223212,How to add location to the endpoint,https://oloid.help/en/articles/8223212-how-to-add-location-to-the-endpoint,published,2023-08-07 05:53:05,2024-10-23 09:28:02
1422,Oloid Platform - Enterprise Features,Create and Manage Groups,e4gi378c,8272023,How to map users to Group in bulk,https://oloid.help/en/articles/8272023-how-to-map-users-to-group-in-bulk,published,2023-08-18 10:15:09,2024-10-23 09:11:17
1423,Oloid Chrome Vault,Chrome Vault - Videos,e4gi378c,10009953,How to edit password in Chrome Vault- Video Tutorial,https://oloid.help/en/articles/10009953-how-to-edit-password-in-chrome-vault-video-tutorial,published,2024-10-18 06:26:21,2024-10-21 13:25:07
1424,Oloid Chrome Vault,Chrome Vault - Videos,e4gi378c,10009958,How to update password in Chrome Vault- Video Tutorial,https://oloid.help/en/articles/10009958-how-to-update-password-in-chrome-vault-video-tutorial,published,2024-10-18 06:28:37,2024-10-21 13:22:23
1425,Oloid Chrome Vault,Chrome Vault - Videos,e4gi378c,10009943,How to create Chrome Vault application- Video Tutorial,https://oloid.help/en/articles/10009943-how-to-create-chrome-vault-application-video-tutorial,published,2024-10-18 06:17:26,2024-10-21 13:20:57
1426,Oloid Chrome Vault,Chrome Vault - Videos,e4gi378c,10009946,How to enable password auto-fill for multi-domain in Chrome Vault - Video Tutorial,https://oloid.help/en/articles/10009946-how-to-enable-password-auto-fill-for-multi-domain-in-chrome-vault-video-tutorial,published,2024-10-18 06:19:44,2024-10-21 13:19:15
1427,Oloid Chrome Vault,Chrome Vault - FAQs,e4gi378c,9973398,FAQs Chrome Vault,https://oloid.help/en/articles/9973398-faqs-chrome-vault,published,2024-10-09 06:52:54,2024-10-18 09:34:47
1428,Supervisor App,Accounts and Settings - Supervisor App,e4gi378c,9153890,How to disable Passwordless using Device-Admin Passcode in Supervisor App,https://oloid.help/en/articles/9153890-how-to-disable-passwordless-using-device-admin-passcode-in-supervisor-app,published,2024-04-04 06:06:59,2024-10-14 11:45:11
1429,Supervisor Portal,Supervisor Portal - Admin Settings,e4gi378c,9699401,Supervisor Portal - How to set up Supervisor Profile,https://oloid.help/en/articles/9699401-supervisor-portal-how-to-set-up-supervisor-profile,published,2024-08-05 06:03:33,2024-10-04 08:59:24
1430,Oloid Chrome Vault,Chrome Vault - Videos,e4gi378c,9914532,How to log in to admin mode in Chrome Vault- Video Tutorial,https://oloid.help/en/articles/9914532-how-to-log-in-to-admin-mode-in-chrome-vault-video-tutorial,published,2024-09-24 06:33:11,2024-10-03 12:44:55
1431,Oloid Chrome Vault,Chrome Vault - Videos,e4gi378c,9914536,How to unpair endpoint in Chrome Vault- Video Tutorial,https://oloid.help/en/articles/9914536-how-to-unpair-endpoint-in-chrome-vault-video-tutorial,published,2024-09-24 06:34:27,2024-10-03 12:40:51
1432,Oloid Chrome Vault,Chrome Vault - Videos,e4gi378c,9914538,How to reset tenant in Chrome Vault- Video Tutorial,https://oloid.help/en/articles/9914538-how-to-reset-tenant-in-chrome-vault-video-tutorial,published,2024-09-24 06:35:41,2024-10-03 12:39:03
1433,Oloid Chrome Vault,Chrome Vault - Videos,e4gi378c,9914546,How to log in to Chrome Vault using NFC- Video Tutorial,https://oloid.help/en/articles/9914546-how-to-log-in-to-chrome-vault-using-nfc-video-tutorial,published,2024-09-24 06:38:33,2024-10-03 12:37:35
1434,Oloid Chrome Vault,Chrome Vault - Videos,e4gi378c,9914550,How to log in to Chrome Vault using Badge-Video Tutorial,https://oloid.help/en/articles/9914550-how-to-log-in-to-chrome-vault-using-badge-video-tutorial,published,2024-09-24 06:39:40,2024-10-03 12:14:08
1435,Oloid Chrome Vault,Chrome Vault - Videos,e4gi378c,9914552,How to save password in Chrome Vault- Video Tutorial,https://oloid.help/en/articles/9914552-how-to-save-password-in-chrome-vault-video-tutorial,published,2024-09-24 06:41:03,2024-10-03 12:12:42
1436,Oloid Chrome Vault,Chrome Vault - Videos,e4gi378c,9914561,How to log in to Chrome Vault using Face- Video Tutorial,https://oloid.help/en/articles/9914561-how-to-log-in-to-chrome-vault-using-face-video-tutorial,published,2024-09-24 06:43:46,2024-10-03 12:11:11
1437,Oloid Platform - Enterprise Features,Create and Manage Users,e4gi378c,8403103,How to assign NFC/ID as a credential to the user,https://oloid.help/en/articles/8403103-how-to-assign-nfc-id-as-a-credential-to-the-user,published,2023-09-22 09:43:42,2024-10-01 08:20:03
1438,Oloid Platform - Enterprise Features,Create and Manage Users,e4gi378c,9929232,How to send invite to download app to a user,https://oloid.help/en/articles/9929232-how-to-send-invite-to-download-app-to-a-user,published,2024-09-27 08:26:15,2024-10-01 08:17:28
1439,_Unassigned,_Unassigned,e4gi378c,9937080,How to add Time Rules to a user,,draft,2024-09-30 06:34:38,2024-10-01 07:26:06
1440,Passwordless Authenticator,User Guides- Oloid Connect for Passwordless,e4gi378c,9920262,How to log in with face through Oloid Connect for Passwordless,https://oloid.help/en/articles/9920262-how-to-log-in-with-face-through-oloid-connect-for-passwordless,published,2024-09-25 08:12:07,2024-09-25 11:26:24
1441,Passwordless Authenticator,User Guides- Oloid Connect for Passwordless,e4gi378c,9920302,How to log in to Workforce /HRMS platform using QR Code and Badge through Oloid Connect Passwordless App,https://oloid.help/en/articles/9920302-how-to-log-in-to-workforce-hrms-platform-using-qr-code-and-badge-through-oloid-connect-passwordless-app,published,2024-09-25 08:25:04,2024-09-27 14:19:43
1442,_Unassigned,_Unassigned,e4gi378c,9937011,Configure Intent Screen for Connect Passwordless,,draft,2024-09-30 05:31:14,2024-09-30 05:40:33
1443,Supervisor Portal,Supervisor Portal - Videos,e4gi378c,9902227,How to assign Badge ID as credential to Users in the Supervisor Portal - Video Tutorial,https://oloid.help/en/articles/9902227-how-to-assign-badge-id-as-credential-to-users-in-the-supervisor-portal-video-tutorial,published,2024-09-20 10:45:23,2024-09-23 16:01:25
1444,Supervisor App,Videos-Supervisor App,e4gi378c,9909892,How to assign credential owners to shared credentials using Supervisor App for Windows- Video Tutorial,https://oloid.help/en/articles/9909892-how-to-assign-credential-owners-to-shared-credentials-using-supervisor-app-for-windows-video-tutorial,published,2024-09-23 10:48:45,2024-09-23 12:22:14
1445,Supervisor App,Videos-Supervisor App,e4gi378c,9909921,How to enroll Badge using Supervisor App for Windows- Video Tutorial,https://oloid.help/en/articles/9909921-how-to-enroll-badge-using-supervisor-app-for-windows-video-tutorial,published,2024-09-23 10:54:53,2024-09-23 12:21:49
1446,Supervisor App,Videos-Supervisor App,e4gi378c,9909915,How to enroll Badge and PIN using Supervisor App for Windows- Video Tutorial,https://oloid.help/en/articles/9909915-how-to-enroll-badge-and-pin-using-supervisor-app-for-windows-video-tutorial,published,2024-09-23 10:53:22,2024-09-23 12:21:18
1447,Supervisor App,Videos-Supervisor App,e4gi378c,9909907,How to view and edit Shared Credential details in Supervisor App for Windows- Video Tutorial,https://oloid.help/en/articles/9909907-how-to-view-and-edit-shared-credential-details-in-supervisor-app-for-windows-video-tutorial,published,2024-09-23 10:51:19,2024-09-23 12:20:45
1448,Oloid Platform - Enterprise Features,Oloid Platform Videos,e4gi378c,9909877,How to upload/download HWG file in Oloid Portal- Video Tutorial,https://oloid.help/en/articles/9909877-how-to-upload-download-hwg-file-in-oloid-portal-video-tutorial,published,2024-09-23 10:46:28,2024-09-23 12:13:14
1449,Supervisor Portal,Supervisor Portal - Videos,e4gi378c,9909446,How to create shared credentials for Windows login in Supervisor Portal- Video Tutorial,https://oloid.help/en/articles/9909446-how-to-create-shared-credentials-for-windows-login-in-supervisor-portal-video-tutorial,published,2024-09-23 08:21:06,2024-09-23 12:11:25
1450,Supervisor Portal,Supervisor Portal - Videos,e4gi378c,9909475,How to create Password for Windows Login in Supervisor Portal- Video Tutorial,https://oloid.help/en/articles/9909475-how-to-create-password-for-windows-login-in-supervisor-portal-video-tutorial,published,2024-09-23 08:34:35,2024-09-23 12:10:15
1451,Supervisor Portal,Supervisor Portal - Videos,e4gi378c,9909469,How to assign shared credential to multiple users in the Supervisor Portal- Video Tutorial,https://oloid.help/en/articles/9909469-how-to-assign-shared-credential-to-multiple-users-in-the-supervisor-portal-video-tutorial,published,2024-09-23 08:32:42,2024-09-23 12:09:46
1452,Supervisor Portal,Supervisor Portal - Videos,e4gi378c,9909464,How to assign shared credential to user in the Supervisor Portal- Video Tutorial,https://oloid.help/en/articles/9909464-how-to-assign-shared-credential-to-user-in-the-supervisor-portal-video-tutorial,published,2024-09-23 08:30:18,2024-09-23 12:08:40
1453,Supervisor Portal,Supervisor Portal - Videos,e4gi378c,9909453,How to add credential owners in the Supervisor Portal- Video Tutorial,https://oloid.help/en/articles/9909453-how-to-add-credential-owners-in-the-supervisor-portal-video-tutorial,published,2024-09-23 08:26:28,2024-09-23 12:08:04
1454,Supervisor Portal,Supervisor Portal - Videos,e4gi378c,9909450,How to associate users with shared credentials in the Supervisor Portal- Video Tutorial,https://oloid.help/en/articles/9909450-how-to-associate-users-with-shared-credentials-in-the-supervisor-portal-video-tutorial,published,2024-09-23 08:24:31,2024-09-23 12:06:15
1455,_Unassigned,_Unassigned,e4gi378c,9901614,How to view Bluetooth credential using Oloid User Portal,,draft,2024-09-20 08:04:13,2024-09-20 10:40:22
1456,_Unassigned,_Unassigned,e4gi378c,9895839,How to deactivate NFC using Oloid User Portal,,draft,2024-09-19 08:26:41,2024-09-19 08:40:14
1457,Supervisor Portal,Supervisor Portal - Videos,e4gi378c,9895600,How to delete QR Code for multiple users in the Supervisor Portal- Video Tutorial,https://oloid.help/en/articles/9895600-how-to-delete-qr-code-for-multiple-users-in-the-supervisor-portal-video-tutorial,published,2024-09-19 05:53:14,2024-09-19 06:00:56
1458,Supervisor Portal,Supervisor Portal - Videos,e4gi378c,9895553,How to delete QR Code Credential of Users in a Connection in the Supervisor Portal- Video Tutorial,https://oloid.help/en/articles/9895553-how-to-delete-qr-code-credential-of-users-in-a-connection-in-the-supervisor-portal-video-tutorial,published,2024-09-19 05:23:09,2024-09-19 06:00:30
1459,Supervisor Portal,Supervisor Portal - Videos,e4gi378c,9895552,How to extend QR Code expiry date of Users in a Connection in the Supervisor Portal- Video Tutorial,,draft,2024-09-19 05:19:33,2024-09-19 06:00:07
1460,Supervisor Portal,Supervisor Portal - Videos,e4gi378c,9895557,How to generate QR Code for multiple users in the Supervisor Portal- Video Tutorial,https://oloid.help/en/articles/9895557-how-to-generate-qr-code-for-multiple-users-in-the-supervisor-portal-video-tutorial,published,2024-09-19 05:27:20,2024-09-19 05:59:33
1461,Supervisor Portal,Supervisor Portal - Videos,e4gi378c,9895547,How to generate QR Code of Users in a Connection in the Supervisor Portal- Video Tutorial,https://oloid.help/en/articles/9895547-how-to-generate-qr-code-of-users-in-a-connection-in-the-supervisor-portal-video-tutorial,published,2024-09-19 05:14:05,2024-09-19 05:59:06
1462,Supervisor Portal,Supervisor Portal - Videos,e4gi378c,9895573,How to extend QR Code expiry date for multiple users in the Supervisor Portal- Video Tutorial,https://oloid.help/en/articles/9895573-how-to-extend-qr-code-expiry-date-for-multiple-users-in-the-supervisor-portal-video-tutorial,published,2024-09-19 05:35:58,2024-09-19 05:58:52
1463,Supervisor Portal,Supervisor Portal - Videos,e4gi378c,9895533,How to add user in the Supervisor Portal - Video Tutorial,https://oloid.help/en/articles/9895533-how-to-add-user-in-the-supervisor-portal-video-tutorial,published,2024-09-19 05:02:01,2024-09-19 05:56:51
1464,Supervisor App,Videos-Supervisor App,e4gi378c,9890831,How to assign users with shared credentials using Supervisor App - Video Tutorial,https://oloid.help/en/articles/9890831-how-to-assign-users-with-shared-credentials-using-supervisor-app-video-tutorial,published,2024-09-18 07:33:27,2024-09-19 04:36:58
1465,_Unassigned,_Unassigned,e4gi378c,9874251,How to view CloudKey using Oloid User Portal,,draft,2024-09-13 06:14:07,2024-09-19 04:34:24
1466,Supervisor App,Videos-Supervisor App,e4gi378c,9890780,How to create Shared Credentials using the Supervisor App - Video Tutorial,https://oloid.help/en/articles/9890780-how-to-create-shared-credentials-using-the-supervisor-app-video-tutorial,published,2024-09-18 07:12:45,2024-09-18 12:34:52
1467,_Unassigned,_Unassigned,e4gi378c,9841412,How to sync transaction in Endpoint,,draft,2024-09-09 08:07:28,2024-09-13 05:36:17
1468,_Unassigned,_Unassigned,e4gi378c,9847706,How to Configure CloudKey Endpoint,https://oloid.help/en/articles/9847706-how-to-configure-cloudkey-endpoint,published,2024-09-10 08:46:03,2024-09-11 11:12:08
1469,_Unassigned,_Unassigned,e4gi378c,9840882,How to configure M-Tag Endpoint,,draft,2024-09-09 04:57:03,2024-09-10 08:53:14
1470,_Unassigned,_Unassigned,e4gi378c,9842063,How to check health alert in M-Tag endpoint,,draft,2024-09-09 09:48:56,2024-09-09 10:09:24
1471,Supervisor App,Videos-Supervisor App,e4gi378c,9842064,How to create device-admin passcode for Supervisor App - Video Tutorial,https://oloid.help/en/articles/9842064-how-to-create-device-admin-passcode-for-supervisor-app-video-tutorial,published,2024-09-09 09:49:24,2024-09-09 10:12:29
1472,Supervisor App,Videos-Supervisor App,e4gi378c,9840891,How to Set credential preferences for Supervisor App for Windows - Video Tutorial,https://oloid.help/en/articles/9840891-how-to-set-credential-preferences-for-supervisor-app-for-windows-video-tutorial,published,2024-09-09 05:10:27,2024-09-09 05:14:05
1473,Supervisor App,Videos-Supervisor App,e4gi378c,9840897,How to enable Badge option for Supervisor App for Windows in Oloid Portal - Video Tutorial,https://oloid.help/en/articles/9840897-how-to-enable-badge-option-for-supervisor-app-for-windows-in-oloid-portal-video-tutorial,published,2024-09-09 05:15:23,2024-09-09 05:50:23
1474,_Unassigned,_Unassigned,e4gi378c,9833394,Guide to Retrieving Events and Transactions - For Review,,draft,2024-09-06 15:04:32,2024-09-06 16:17:13
1475,_Unassigned,_Unassigned,e4gi378c,9820411,API Template,https://oloid.help/en/articles/9820411-api-template,published,2024-09-03 15:50:49,2024-09-05 06:24:04
1476,Oloid Platform - Enterprise Features,Create and Manage Factor Sequence,e4gi378c,9749330,How to add Policy Rules for factor Sequencing,https://oloid.help/en/articles/9749330-how-to-add-policy-rules-for-factor-sequencing,published,2024-08-16 13:16:25,2024-09-03 09:46:42
1477,Oloid Platform - Enterprise Features,Create and Manage Factor Sequence,e4gi378c,9699393,How to create and configure Factor Sequence,https://oloid.help/en/articles/9699393-how-to-create-and-configure-factor-sequence,published,2024-08-05 05:57:06,2024-09-03 08:49:27
1478,Supervisor App,Videos-Supervisor App,e4gi378c,9776789,How to delete users using Supervisor App - Video Tutorial,https://oloid.help/en/articles/9776789-how-to-delete-users-using-supervisor-app-video-tutorial,published,2024-08-23 13:16:55,2024-09-03 04:01:24
1479,Supervisor App,Videos-Supervisor App,e4gi378c,9776761,How to update badge in the Supervisor App for Windows - Video Tutorial,https://oloid.help/en/articles/9776761-how-to-update-badge-in-the-supervisor-app-for-windows-video-tutorial,published,2024-08-23 13:04:50,2024-09-03 04:00:34
1480,Supervisor App,Videos-Supervisor App,e4gi378c,9776753,How to assign NFC in Supervisor App for Windows - Video Tutorial,https://oloid.help/en/articles/9776753-how-to-assign-nfc-in-supervisor-app-for-windows-video-tutorial,published,2024-08-23 13:01:44,2024-09-03 03:58:59
1481,Supervisor App,Videos-Supervisor App,e4gi378c,9775612,How to assign shared credentials in Supervisor App for Windows - Video Tutorial,https://oloid.help/en/articles/9775612-how-to-assign-shared-credentials-in-supervisor-app-for-windows-video-tutorial,published,2024-08-23 06:04:01,2024-09-03 03:57:43
1482,Supervisor App,Videos-Supervisor App,e4gi378c,9771174,How to view and edit User Details in the Supervisor App for Windows - Video Tutorial,https://oloid.help/en/articles/9771174-how-to-view-and-edit-user-details-in-the-supervisor-app-for-windows-video-tutorial,published,2024-08-22 07:33:49,2024-09-03 03:38:17
1483,Supervisor App,Videos-Supervisor App,e4gi378c,9770703,How to add Password in the Supervisor App for Windows - Video Tutorial,https://oloid.help/en/articles/9770703-how-to-add-password-in-the-supervisor-app-for-windows-video-tutorial,published,2024-08-22 05:08:15,2024-09-03 03:37:15
1484,Supervisor App,Videos-Supervisor App,e4gi378c,9775490,How to assign Badge in the Supervisor App for Windows - Video Tutorial,https://oloid.help/en/articles/9775490-how-to-assign-badge-in-the-supervisor-app-for-windows-video-tutorial,published,2024-08-23 04:34:59,2024-09-03 03:35:30
1485,Supervisor App,Videos-Supervisor App,e4gi378c,9770697,How to view and edit PIN in the Supervisor App for Windows - Video Tutorial,https://oloid.help/en/articles/9770697-how-to-view-and-edit-pin-in-the-supervisor-app-for-windows-video-tutorial,published,2024-08-22 05:00:39,2024-09-03 03:34:08
1486,Supervisor App,FAQs- Supervisor App,e4gi378c,9040866,How to view diagnostics and download report in Supervisor App,https://oloid.help/en/articles/9040866-how-to-view-diagnostics-and-download-report-in-supervisor-app,published,2024-03-07 05:29:31,2024-11-21 05:51:40
1487,_Unassigned,_Unassigned,e4gi378c,9789752,How to Export Transactions of a user,,draft,2024-08-27 06:19:11,2024-08-28 05:33:00
1488,_Unassigned,_Unassigned,e4gi378c,9611773,How to download auto-pair config file from Tenant Settings for Chrome Vault,,draft,2024-07-15 12:45:16,2024-08-26 06:10:48
1489,Passwordless Authenticator,Videos- Windows Login,e4gi378c,9770669,How to log in to Windows device using various credentials - Video Tutorial,https://oloid.help/en/articles/9770669-how-to-log-in-to-windows-device-using-various-credentials-video-tutorial,published,2024-08-22 04:38:25,2024-08-22 04:44:30
1490,Passwordless Authenticator,Videos- Windows Login,e4gi378c,9647471,How to log in to Windows device using Face - Video Tutorial,https://oloid.help/en/articles/9647471-how-to-log-in-to-windows-device-using-face-video-tutorial,published,2024-07-23 12:32:20,2024-08-21 13:26:11
1491,Passwordless Authenticator,Videos- Windows Login,e4gi378c,9647459,How to log in to Windows device using Badge - Video Tutorial,https://oloid.help/en/articles/9647459-how-to-log-in-to-windows-device-using-badge-video-tutorial,published,2024-07-23 12:29:02,2024-08-21 13:11:49
1492,Passwordless Authenticator,Videos- Windows Login,e4gi378c,9647450,How to log in to Windows device using Badge and PIN - Video Tutorial,https://oloid.help/en/articles/9647450-how-to-log-in-to-windows-device-using-badge-and-pin-video-tutorial,published,2024-07-23 12:25:10,2024-08-21 13:10:43
1493,Passwordless Authenticator,Videos- Windows Login,e4gi378c,9645477,How to log in to Windows device using username and face - Video Tutorial,https://oloid.help/en/articles/9645477-how-to-log-in-to-windows-device-using-username-and-face-video-tutorial,published,2024-07-23 09:53:17,2024-08-21 12:43:40
1494,Supervisor App,FAQs- Supervisor App,e4gi378c,9069684,How to update Badge Reader using Supervisor App,https://oloid.help/en/articles/9069684-how-to-update-badge-reader-using-supervisor-app,published,2024-03-14 04:39:06,2024-08-20 10:18:44
1495,Supervisor App,FAQs- Supervisor App,e4gi378c,9324029,How to mark as a preferred credential in Supervisor App,https://oloid.help/en/articles/9324029-how-to-mark-as-a-preferred-credential-in-supervisor-app,published,2024-05-14 10:26:57,2024-08-20 09:39:23
1496,Supervisor Portal,Supervisor Portal - Create &amp; Manage Users,e4gi378c,9711899,Supervisor Portal - How to deactivate Oloid Account for multiple users,https://oloid.help/en/articles/9711899-supervisor-portal-how-to-deactivate-oloid-account-for-multiple-users,published,2024-08-07 10:10:36,2024-08-19 04:34:51
1497,_Unassigned,_Unassigned,e4gi378c,9738953,How to add rule for Multifactor Authentication,,draft,2024-08-14 08:22:02,2024-08-19 04:16:39
1498,_Unassigned,_Unassigned,e4gi378c,9748474,How to view diagnostics and download report in Supervisor App (Test doc 1),https://oloid.help/en/articles/9748474-how-to-view-diagnostics-and-download-report-in-supervisor-app-test-doc-1,published,2024-08-16 06:51:20,2024-08-16 10:40:32
1499,_Unassigned,_Unassigned,e4gi378c,9748593,How to view diagnostics and download report in Supervisor App (Test doc 2),https://oloid.help/en/articles/9748593-how-to-view-diagnostics-and-download-report-in-supervisor-app-test-doc-2,published,2024-08-16 07:58:13,2024-08-16 08:02:42
1500,_Unassigned,_Unassigned,e4gi378c,9553064,How to log in to Supervisor app with Okta SSO (WIP),,draft,2024-07-02 14:02:15,2024-08-13 09:29:47
1501,_Unassigned,_Unassigned,e4gi378c,9730690,Chrome Vault: Logout (WIP),,draft,2024-08-12 16:02:28,2024-08-12 16:16:49
1502,_Unassigned,_Unassigned,e4gi378c,9727743,How to Create PIN in the Supervisor App for Windows - Video Tutorial,,draft,2024-08-12 05:33:22,2024-08-12 05:34:59
1503,Oloid Platform - Enterprise Features,Accounts and Settings,e4gi378c,8803628,How to configure CloudKey?,https://oloid.help/en/articles/8803628-how-to-configure-cloudkey,published,2024-01-11 06:59:02,2024-08-12 05:01:01
1504,_Unassigned,_Unassigned,e4gi378c,9725933,How to manually edit password in Chrome Vault,,draft,2024-08-11 08:16:46,2024-08-11 08:44:31
1505,_Unassigned,_Unassigned,e4gi378c,9706052,Oloid Portal Icons,https://oloid.help/en/articles/9706052-oloid-portal-icons,published,2024-08-06 05:29:58,2024-08-09 12:37:55
1506,_Unassigned,_Unassigned,e4gi378c,9720373,Demo Article,,draft,2024-08-09 07:12:32,2024-08-09 08:16:56
1507,Supervisor App,Videos-Supervisor App,e4gi378c,9720451,How to Create PIN in the Supervisor App for Windows - Video Tutorial,https://oloid.help/en/articles/9720451-how-to-create-pin-in-the-supervisor-app-for-windows-video-tutorial,published,2024-08-09 08:11:10,2024-08-09 08:12:35
1508,Supervisor App,Videos-Supervisor App,e4gi378c,9720433,How to Add User in the Supervisor App for Windows - Video Tutorial,https://oloid.help/en/articles/9720433-how-to-add-user-in-the-supervisor-app-for-windows-video-tutorial,published,2024-08-09 07:57:43,2024-08-09 08:01:17
1509,_Unassigned,_Unassigned,e4gi378c,9717148,How to export a flow?,,draft,2024-08-08 10:39:45,2024-08-09 06:55:13
1510,_Unassigned,_Unassigned,e4gi378c,9720272,,,draft,2024-08-09 06:19:38,2024-08-09 06:19:38
1511,_Unassigned,_Unassigned,e4gi378c,9706459,Supervisor Portal - How to send invite email to download mobile app for multiple users,,draft,2024-08-06 08:56:35,2024-08-08 10:58:45
1512,_Unassigned,_Unassigned,e4gi378c,9716564,How to send Invite to add face using Oloid Portal,,draft,2024-08-08 05:09:53,2024-08-08 10:23:07
1513,Supervisor Portal,Supervisor Portal - Create &amp; Manage Users,e4gi378c,9674152,Supervisor Portal - How to deactivate OloID Account of a user,https://oloid.help/en/articles/9674152-supervisor-portal-how-to-deactivate-oloid-account-of-a-user,published,2024-07-30 08:34:59,2024-08-08 09:00:28
1514,_Unassigned,_Unassigned,e4gi378c,9673790,Supervisor Portal - How to configure user details,,draft,2024-07-30 06:43:10,2024-08-08 07:56:35
1515,_Unassigned,_Unassigned,e4gi378c,9716722,,,draft,2024-08-08 06:57:20,2024-08-08 06:57:20
1516,_Unassigned,_Unassigned,e4gi378c,9710547,How to set new password on first time login to Supervisor Portal,,draft,2024-08-07 05:08:10,2024-08-08 06:38:37
1517,_Unassigned,_Unassigned,e4gi378c,9711988,Supervisor Portal - How to send QR code link for multiple users (wip),,draft,2024-08-07 10:51:18,2024-08-07 12:09:48
1518,_Unassigned,_Unassigned,e4gi378c,9711204,Supervisor Portal - How to create Bluetooth credential for users in a Connection,,draft,2024-08-07 08:17:29,2024-08-07 11:52:04
1519,Supervisor Portal,Supervisor Portal - Create &amp; Manage Users,e4gi378c,9673773,Supervisor Portal - How to extend QR Code expiry date of Users in a Connection,https://oloid.help/en/articles/9673773-supervisor-portal-how-to-extend-qr-code-expiry-date-of-users-in-a-connection,published,2024-07-30 06:34:20,2024-08-07 08:54:00
1520,_Unassigned,_Unassigned,e4gi378c,9699294,Supervisor Portal - How to edit Supervisor Profile,,draft,2024-08-05 04:22:06,2024-08-07 08:34:44
1521,Supervisor Portal,Supervisor Portal - Create &amp; Manage Users,e4gi378c,9674178,Supervisor Portal - How to send QR Code credential to user using the User Portal link,,draft,2024-07-30 08:42:26,2024-08-07 05:11:59
1522,Supervisor Portal,Supervisor Portal - Accounts and Settings,e4gi378c,9690938,Supervisor Portal - How to download file using file sharing option,https://oloid.help/en/articles/9690938-supervisor-portal-how-to-download-file-using-file-sharing-option,published,2024-08-02 09:01:25,2024-08-06 11:49:32
1523,Supervisor Portal,Supervisor Portal - Create &amp; Manage Shared Credentials,e4gi378c,9674358,Supervisor Portal - How to create Password for Windows Login,https://oloid.help/en/articles/9674358-supervisor-portal-how-to-create-password-for-windows-login,published,2024-07-30 09:39:46,2024-08-06 07:01:04
1524,_Unassigned,_Unassigned,e4gi378c,9706110,,,draft,2024-08-06 06:32:49,2024-08-06 06:32:49
1525,Supervisor Portal,Supervisor Portal - Create &amp; Manage Users,e4gi378c,9669198,Supervisor Portal - How to add user,https://oloid.help/en/articles/9669198-supervisor-portal-how-to-add-user,published,2024-07-29 08:03:59,2024-08-06 05:24:21
1526,_Unassigned,_Unassigned,e4gi378c,9670509,Supervisor Portal: How to create OloID account (to be reviewed),,draft,2024-07-29 15:43:30,2024-08-06 05:08:05
1527,Oloid Workflow,Overview,e4gi378c,9674462,Oloid Workflow- Application Modes,https://oloid.help/en/articles/9674462-oloid-workflow-application-modes,published,2024-07-30 10:27:40,2024-08-05 11:20:35
1528,_Unassigned,_Unassigned,e4gi378c,9687684,What is pairing endpoint ?,,draft,2024-08-01 16:10:46,2024-08-01 16:13:00
1529,_Unassigned,_Unassigned,e4gi378c,9668957,Face Login/Enroll error list and mitigation ways,https://oloid.help/en/articles/9668957-face-login-enroll-error-list-and-mitigation-ways,published,2024-07-29 05:40:24,2024-07-31 11:48:18
1530,Oloid Workflow,Oloid Workflow,e4gi378c,9664398,Using the Terminated User Processing API,https://oloid.help/en/articles/9664398-using-the-terminated-user-processing-api,published,2024-07-26 22:40:38,2024-07-26 22:54:40
1531,Oloid Workflow,Getting Started,e4gi378c,9674338,How to uninstall Oloid Workflow,https://oloid.help/en/articles/9674338-how-to-uninstall-oloid-workflow,published,2024-07-30 09:32:47,2024-07-30 10:04:25
1532,Oloid Workflow,Getting Started,e4gi378c,9674352,How to pair Oloid Workflow instance with Oloid Cloud Platform,https://oloid.help/en/articles/9674352-how-to-pair-oloid-workflow-instance-with-oloid-cloud-platform,published,2024-07-30 09:37:52,2024-07-30 10:17:53
1533,_Unassigned,_Unassigned,e4gi378c,9673778,,,draft,2024-07-30 06:38:36,2024-07-30 06:38:36
1534,_Unassigned,_Unassigned,e4gi378c,8974681,Test for Image,https://oloid.help/en/articles/8974681-test-for-image,published,2024-02-20 08:21:33,2024-11-21 05:51:40
1535,_Unassigned,_Unassigned,e4gi378c,9669581,,,draft,2024-07-29 10:58:56,2024-07-29 10:58:56
1536,Supervisor App,FAQs- Supervisor App,e4gi378c,9637783,How to view updates in Supervisor App,https://oloid.help/en/articles/9637783-how-to-view-updates-in-supervisor-app,published,2024-07-22 04:17:58,2024-07-29 10:13:18
1537,_Unassigned,_Unassigned,e4gi378c,9611988,How to pair using config file in admin mode through Chrome Vault (To be reviewed; WIP),,draft,2024-07-15 13:45:55,2024-07-28 13:51:34
1538,_Unassigned,_Unassigned,e4gi378c,9667258,,,draft,2024-07-28 13:16:59,2024-07-28 13:16:59
1539,_Unassigned,_Unassigned,e4gi378c,9662136,Attachment test,https://oloid.help/en/articles/9662136-attachment-test,published,2024-07-26 09:21:38,2024-07-26 09:34:21
1540,Passwordless Authenticator,Videos- Windows Login,e4gi378c,9645213,How to configure Windows Login application - Video Tutorial,https://oloid.help/en/articles/9645213-how-to-configure-windows-login-application-video-tutorial,published,2024-07-23 09:33:41,2024-07-23 09:36:46
1541,Passwordless Authenticator,Videos- Windows Login,e4gi378c,9643270,How to create Windows Login application - Video Tutorial,https://oloid.help/en/articles/9643270-how-to-create-windows-login-application-video-tutorial,published,2024-07-23 04:55:35,2024-07-23 09:26:57
1542,Supervisor App,Accounts and Settings - Supervisor App,e4gi378c,9053859,How to unpair Endpoint using Supervisor App,https://oloid.help/en/articles/9053859-how-to-unpair-endpoint-using-supervisor-app,published,2024-03-11 09:54:55,2024-07-18 09:52:33
1543,Oloid Verify/Connect,Supporting Documents,e4gi378c,7193182,Using the Oloid Verify/Connect App,,draft,2023-03-27 07:00:08,2024-07-18 07:10:24
1544,Passwordless Authenticator,WebKey Videos,e4gi378c,9611979,How to log into Workforce Management platforms using NFC/ID and PIN through WebKey - Video Tutorial,https://oloid.help/en/articles/9611979-how-to-log-into-workforce-management-platforms-using-nfc-id-and-pin-through-webkey-video-tutorial,published,2024-07-15 13:41:59,2024-07-17 10:25:22
1545,Passwordless Authenticator,WebKey Videos,e4gi378c,9611989,How to log into Workforce Management platforms using NFC/ID through WebKey - Video Tutorial,https://oloid.help/en/articles/9611989-how-to-log-into-workforce-management-platforms-using-nfc-id-through-webkey-video-tutorial,published,2024-07-15 13:46:07,2024-07-17 10:24:11
1546,_Unassigned,_Unassigned,e4gi378c,9614841,How to download Chrome Vault,,draft,2024-07-16 09:03:47,2024-07-16 09:39:00
1547,Passwordless Authenticator,WebKey Videos,e4gi378c,9614338,How to log into Workforce Management platforms using Password through WebKey - Video Tutorial,https://oloid.help/en/articles/9614338-how-to-log-into-workforce-management-platforms-using-password-through-webkey-video-tutorial,published,2024-07-16 04:24:45,2024-07-16 04:28:43
1548,Passwordless Authenticator,WebKey Videos,e4gi378c,9612000,How to log into Workforce Management platforms using Badge through WebKey - Video Tutorial,https://oloid.help/en/articles/9612000-how-to-log-into-workforce-management-platforms-using-badge-through-webkey-video-tutorial,published,2024-07-15 13:50:48,2024-07-15 13:52:42
1549,Passwordless Authenticator,WebKey Videos,e4gi378c,9611944,How to log into Workforce Management platforms using Badge and PIN through WebKey - Video Tutorial,https://oloid.help/en/articles/9611944-how-to-log-into-workforce-management-platforms-using-badge-and-pin-through-webkey-video-tutorial,published,2024-07-15 13:31:52,2024-07-15 13:49:20
1550,_Unassigned,_Unassigned,e4gi378c,9297276,How to register punches in Oloid Connect - WIP,,draft,2024-05-08 09:43:02,2024-07-15 06:55:39
1551,_Unassigned,_Unassigned,e4gi378c,9366492,ADManager Plus Account - WIP( workflow),,draft,2024-05-23 07:11:28,2024-07-15 06:53:34
1552,_Unassigned,_Unassigned,e4gi378c,9514800,Setting up iPAD for Oloid Verify,https://oloid.help/en/articles/9514800-setting-up-ipad-for-oloid-verify,published,2024-06-24 05:00:51,2024-06-24 05:48:59
1553,_Unassigned,_Unassigned,e4gi378c,9495749,Credential Set up- Oloid Connect for Passwordless,,draft,2024-06-19 07:31:43,2024-06-19 07:33:33
1554,Passwordless Authenticator,Passwordless Authenticator,e4gi378c,7220876,Getting Started with Oloid's Passwordless Authenticator,https://oloid.help/en/articles/7220876-getting-started-with-oloid-s-passwordless-authenticator,published,2023-04-03 05:33:06,2024-06-14 06:02:33
1555,Passwordless Authenticator,Passwordless Authenticator- Supporting Documents,e4gi378c,8427860,Setting up and using user groups,https://oloid.help/en/articles/8427860-setting-up-and-using-user-groups,published,2023-09-29 05:48:52,2023-10-09 13:48:33
1556,Passwordless Authenticator,Passwordless Authenticator- Supporting Documents,e4gi378c,8427827,Moving user from one location to another,https://oloid.help/en/articles/8427827-moving-user-from-one-location-to-another,published,2023-09-29 05:09:45,2023-11-02 11:50:32
1557,Passwordless Authenticator,Passwordless Authenticator- Supporting Documents,e4gi378c,8423956,Removing and Deactivating users,https://oloid.help/en/articles/8423956-removing-and-deactivating-users,published,2023-09-28 07:15:24,2023-10-04 05:26:44
1558,Passwordless Authenticator,Passwordless Authenticator- Supporting Documents,e4gi378c,8468531,Operations allowed for Supervisor in Admin Mode,https://oloid.help/en/articles/8468531-operations-allowed-for-supervisor-in-admin-mode,published,2023-10-12 04:54:02,2023-10-12 05:02:01
1559,Passwordless Authenticator,Passwordless Authenticator- Supporting Documents,e4gi378c,8409031,Setting up locations and connections,https://oloid.help/en/articles/8409031-setting-up-locations-and-connections,published,2023-09-25 11:31:50,2023-12-18 06:48:26
1560,Passwordless Authenticator,Passwordless Authenticator- Supporting Documents,e4gi378c,8585495,Set up Application and Connection for Passwordless,https://oloid.help/en/articles/8585495-set-up-application-and-connection-for-passwordless,published,2023-11-14 04:05:17,2024-01-17 06:42:11
1561,Passwordless Authenticator,Passwordless Authenticator- Supporting Documents,e4gi378c,7203034,Passwordless Authenticator Guides List,,draft,2023-03-28 14:56:11,2024-06-12 05:28:51
1562,Passwordless Authenticator,Passwordless Authenticator- Supporting Documents,e4gi378c,8564267,How to Configure Windows Device Login app for SSO Login,https://oloid.help/en/articles/8564267-how-to-configure-windows-device-login-app-for-sso-login,published,2023-11-08 06:31:07,2023-11-24 07:57:34
1563,Passwordless Authenticator,Oloid Windows Passwordless Authenticator - Windows Login,e4gi378c,8616298,Getting Started with Windows Device Login,,draft,2023-11-22 04:45:02,2024-06-10 05:58:32
1564,What is Oloid?,What is Oloid?,e4gi378c,6592481,What is Oloid?,,draft,2022-09-27 10:39:09,2024-06-07 06:30:34
1565,_Unassigned,_Unassigned,e4gi378c,7958118,M-Tag: Error Codes & their description,https://oloid.help/en/articles/7958118-m-tag-error-codes-their-description,published,2023-05-30 06:13:00,2024-06-05 14:26:36
1566,_Unassigned,_Unassigned,e4gi378c,9361377,Issue: Oloid Connect - Unable to View / add face or QR,https://oloid.help/en/articles/9361377-issue-oloid-connect-unable-to-view-add-face-or-qr,published,2024-05-22 11:58:39,2024-06-05 14:25:03
1567,_Unassigned,_Unassigned,e4gi378c,8679447,How to login into Workforce/HRMS application using PIN with Oloid Connect,https://oloid.help/en/articles/8679447-how-to-login-into-workforce-hrms-application-using-pin-with-oloid-connect,published,2023-12-06 07:52:13,2024-06-03 05:19:07
1568,_Unassigned,_Unassigned,e4gi378c,9405670,Platform Configuration for initial Windows Login Set up,,draft,2024-05-31 13:54:29,2024-05-31 13:55:35
1569,_Unassigned,_Unassigned,e4gi378c,8886907,Windows Device Agent App Set up Process,https://oloid.help/en/articles/8886907-windows-device-agent-app-set-up-process,published,2024-01-30 16:34:31,2024-02-09 07:49:45
1570,Passwordless Authenticator,Credential Management,e4gi378c,8600311,NFC Onboarding,https://oloid.help/en/articles/8600311-nfc-onboarding,published,2023-11-17 06:20:47,2024-05-29 06:54:02
1571,Passwordless Authenticator,Credential Management,e4gi378c,8408444,PIN Onboarding,https://oloid.help/en/articles/8408444-pin-onboarding,published,2023-09-25 10:32:17,2024-05-29 06:53:35
1572,Supervisor App,Getting Started with Supervisor App,e4gi378c,9219448,What is Supervisor App,https://oloid.help/en/articles/9219448-what-is-supervisor-app,published,2024-04-19 04:59:17,2024-05-02 04:44:17
1573,_Unassigned,_Unassigned,e4gi378c,9360942,Genetec Account,,draft,2024-05-22 09:50:32,2024-05-23 07:10:47
1574,_Unassigned,_Unassigned,e4gi378c,9361033,Ebi Account,,draft,2024-05-22 10:18:07,2024-05-23 07:09:18
1575,_Unassigned,_Unassigned,e4gi378c,9361086,OnGuard Account,,draft,2024-05-22 10:26:31,2024-05-23 07:05:49
1576,_Unassigned,_Unassigned,e4gi378c,9207953,S2netbox Account,,draft,2024-04-17 10:37:23,2024-05-23 06:23:17
1577,_Unassigned,_Unassigned,e4gi378c,9361340,Troubleshooting Guide- Template,,draft,2024-05-22 11:46:37,2024-05-22 11:55:55
1578,Supervisor App,Accounts and Settings - Supervisor App,e4gi378c,9053378,How to enable Oloid Proxy to connect Oloid Cloud using Supervisor App,https://oloid.help/en/articles/9053378-how-to-enable-oloid-proxy-to-connect-oloid-cloud-using-supervisor-app,published,2024-03-11 06:03:18,2024-05-21 06:09:21
1579,Passwordless Authenticator,Using WebKey,e4gi378c,9277357,How to enable authenticator factors in WebKey Application,,draft,2024-05-03 09:21:04,2024-05-20 04:12:43
1580,Oloid CloudKey,Oloid CloudKey - User Guides,e4gi378c,9310861,Log in to OloID CloudKey App with Azure,https://oloid.help/en/articles/9310861-log-in-to-oloid-cloudkey-app-with-azure,published,2024-05-10 11:12:15,2024-05-14 07:59:13
1581,Oloid CloudKey,Oloid CloudKey - User Guides,e4gi378c,9310868,Log in to OloID CloudKey App with Google Sign in,https://oloid.help/en/articles/9310868-log-in-to-oloid-cloudkey-app-with-google-sign-in,published,2024-05-10 11:14:05,2024-05-14 08:46:09
1582,Oloid CloudKey,Oloid CloudKey- Admin Guides,e4gi378c,9317632,OloID CloudKey App- Platform Configuration,https://oloid.help/en/articles/9317632-oloid-cloudkey-app-platform-configuration,published,2024-05-13 10:20:50,2024-05-14 07:27:56
1583,Oloid CloudKey,Oloid CloudKey- Admin Guides,e4gi378c,9323242,Set up Application and Connection for CloudKey,https://oloid.help/en/articles/9323242-set-up-application-and-connection-for-cloudkey,published,2024-05-14 05:18:22,2024-05-14 05:21:34
1584,Oloid CloudKey,Oloid CloudKey - User Guides,e4gi378c,9310881,Using the OloID CloudKey App Profile,https://oloid.help/en/articles/9310881-using-the-oloid-cloudkey-app-profile,published,2024-05-10 11:21:08,2024-05-14 06:17:09
1585,Oloid CloudKey,Oloid CloudKey - User Guides,e4gi378c,9316981,Using the OloID CloudKey App: Credentials Tab,https://oloid.help/en/articles/9316981-using-the-oloid-cloudkey-app-credentials-tab,published,2024-05-13 05:14:08,2024-05-14 05:59:12
1586,Oloid CloudKey,Oloid CloudKey - User Guides,e4gi378c,9310874,Using the OloID CloudKey App Wallet,https://oloid.help/en/articles/9310874-using-the-oloid-cloudkey-app-wallet,published,2024-05-10 11:18:43,2024-05-15 04:34:14
1587,Oloid CloudKey,Oloid CloudKey - User Guides,e4gi378c,9316986,How to send logs to the developer in OloID CloudKey App,https://oloid.help/en/articles/9316986-how-to-send-logs-to-the-developer-in-oloid-cloudkey-app,published,2024-05-13 05:17:23,2024-05-14 09:22:06
1588,Oloid CloudKey,Oloid CloudKey - User Guides,e4gi378c,9310637,OloID CloudKey App Installation and Login,https://oloid.help/en/articles/9310637-oloid-cloudkey-app-installation-and-login,published,2024-05-10 09:49:02,2024-05-15 06:14:59
1589,Oloid CloudKey,Oloid CloudKey - User Guides,e4gi378c,9310846,Getting started with OloID CloudKey App,https://oloid.help/en/articles/9310846-getting-started-with-oloid-cloudkey-app,published,2024-05-10 11:08:15,2024-05-14 08:37:12
1590,Supervisor App,FAQs- Supervisor App,e4gi378c,9329264,How to sync configuration in Supervisor App,https://oloid.help/en/articles/9329264-how-to-sync-configuration-in-supervisor-app,published,2024-05-15 05:29:40,2024-05-15 06:06:12
1591,_Unassigned,_Unassigned,e4gi378c,9310661,Using the OloID CloudKey App: Activity Tab,,draft,2024-05-10 09:56:31,2024-05-13 05:17:19
1592,Supervisor App,Accounts and Settings - Supervisor App,e4gi378c,9053832,How to disable Passwordless using Supervisor App,https://oloid.help/en/articles/9053832-how-to-disable-passwordless-using-supervisor-app,published,2024-03-11 09:44:17,2024-04-29 04:22:56
1593,Supervisor App,Accounts and Settings - Supervisor App,e4gi378c,9063736,How to log out of Supervisor App,https://oloid.help/en/articles/9063736-how-to-log-out-of-supervisor-app,published,2024-03-13 04:17:54,2024-04-29 04:17:26
1594,_Unassigned,_Unassigned,e4gi378c,9239638,Test doc-Shradha (not to be published),,draft,2024-04-24 05:42:18,2024-04-24 13:16:25
1595,Passwordless Authenticator,Connecting to SSO systems,e4gi378c,8418951,Connecting your Oloid tenant to your Okta instance ( TO be deleted),,draft,2023-09-27 04:56:06,2024-04-23 12:50:09
1596,_Unassigned,_Unassigned,e4gi378c,9230322,FAQs ( collapsible section test),https://oloid.help/en/articles/9230322-faqs-collapsible-section-test,published,2024-04-22 12:58:21,2024-04-22 13:05:40
1597,Supervisor App,Accounts and Settings - Supervisor App,e4gi378c,9059054,How to reset tenant in Supervisor App,https://oloid.help/en/articles/9059054-how-to-reset-tenant-in-supervisor-app,published,2024-03-12 07:28:52,2024-04-22 04:19:44
1598,_Unassigned,_Unassigned,e4gi378c,9158355,test for Images,https://oloid.help/en/articles/9158355-test-for-images,published,2024-04-05 07:42:29,2024-04-05 07:42:47
1599,Oloid Workflow,Set up 3rd party Applications,e4gi378c,9139936,Set up Genetec Web SDK for Oloid Workflow integrations,https://oloid.help/en/articles/9139936-set-up-genetec-web-sdk-for-oloid-workflow-integrations,published,2024-04-01 09:01:01,2024-04-01 10:11:12
1600,Oloid Verify/Connect,Oloid Verify/Connect,e4gi378c,7203578,Oloid Verify/Connect Guides List,,draft,2023-03-28 18:02:56,2024-04-01 08:42:46
1601,_Unassigned,_Unassigned,e4gi378c,9082330,Passwordless Authenticator Doc List,,draft,2024-03-18 07:09:04,2024-03-28 04:59:01
1602,_Unassigned,_Unassigned,e4gi378c,9036834,FAQs( Supervisor App),,draft,2024-03-06 08:35:18,2024-11-21 05:51:40
1603,_Unassigned,_Unassigned,e4gi378c,9099620,Supervisor Flow App: Badge,,draft,2024-03-21 06:04:28,2024-03-21 13:40:29
1604,Oloid Platform - Enterprise Features,Create and Manage Endpoints,e4gi378c,8227103,How to create a new location and add location details,https://oloid.help/en/articles/8227103-how-to-create-a-new-location-and-add-location-details,published,2023-08-08 05:39:46,2024-03-15 08:36:02
1605,_Unassigned,_Unassigned,e4gi378c,9070527,How to add or delete application for Tenant Supervisor- Clueso Test doc,https://oloid.help/en/articles/9070527-how-to-add-or-delete-application-for-tenant-supervisor-clueso-test-doc,published,2024-03-14 09:30:55,2024-03-14 09:32:46
1606,Oloid Workflow,CloudKey,e4gi378c,9016890,QR Code Verification and Door Access Control,https://oloid.help/en/articles/9016890-qr-code-verification-and-door-access-control,published,2024-02-29 23:21:24,2024-11-21 05:51:40
1607,Oloid Platform - Enterprise Features,Create and Manage Users,e4gi378c,8353777,How to improve face?,,draft,2023-09-11 05:40:12,2024-02-26 04:13:53
1608,_Unassigned,_Unassigned,e4gi378c,8978764,Offline Processing for Windows Device App,,draft,2024-02-21 06:14:20,2024-11-21 05:51:40
1609,_Unassigned,_Unassigned,e4gi378c,8943090,Oloid Verify: Shared Credential,https://oloid.help/en/articles/8943090-oloid-verify-shared-credential,published,2024-02-13 09:27:35,2024-11-21 05:51:40
1610,_Unassigned,_Unassigned,e4gi378c,8929352,Oloid Verify: Add Password,https://oloid.help/en/articles/8929352-oloid-verify-add-password,published,2024-02-09 06:45:42,2024-11-21 05:51:39
1611,Oloid Platform - Enterprise Features,Create and Manage Locations,e4gi378c,8227618,How to add location to endpoints in bulk?,https://oloid.help/en/articles/8227618-how-to-add-location-to-endpoints-in-bulk,published,2023-08-08 09:12:29,2024-02-12 04:20:37
1612,_Unassigned,_Unassigned,e4gi378c,8629775,Configuring Windows Device app with Tenant Name,https://oloid.help/en/articles/8629775-configuring-windows-device-app-with-tenant-name,published,2023-11-24 05:55:07,2024-02-09 11:38:47
1613,_Unassigned,_Unassigned,e4gi378c,8878376,How to configure Windows Device Admin App with Workflow as a Proxy?,https://oloid.help/en/articles/8878376-how-to-configure-windows-device-admin-app-with-workflow-as-a-proxy,published,2024-01-29 05:28:30,2024-02-08 11:29:23
1614,Oloid Platform - Enterprise Features,Create and Manage Endpoints,e4gi378c,8245679,How to add health alerts in the endpoint?,https://oloid.help/en/articles/8245679-how-to-add-health-alerts-in-the-endpoint,published,2023-08-11 07:06:26,2024-02-08 08:22:37
1615,_Unassigned,_Unassigned,e4gi378c,8911034,Oloid Cloud Key Set Up Process,https://oloid.help/en/articles/8911034-oloid-cloud-key-set-up-process,published,2024-02-06 09:23:05,2024-11-21 05:51:39
1616,_Unassigned,_Unassigned,e4gi378c,8915058,How to  configure Cloudkey to open the door using Oloid Workflow.,https://oloid.help/en/articles/8915058-how-to-configure-cloudkey-to-open-the-door-using-oloid-workflow,published,2024-02-07 04:28:43,2024-11-21 05:51:39
1617,_Unassigned,_Unassigned,e4gi378c,8894431,How to disable passwordless in Windows Device App?,https://oloid.help/en/articles/8894431-how-to-disable-passwordless-in-windows-device-app,published,2024-02-01 10:07:00,2024-02-05 08:06:37
1618,_Unassigned,_Unassigned,e4gi378c,8624137,Windows Device Login Setup,https://oloid.help/en/articles/8624137-windows-device-login-setup,published,2023-11-23 06:48:57,2024-01-30 09:08:15
1619,_Unassigned,_Unassigned,e4gi378c,8679444,How to login into Workforce/HRMS application using Badge with Oloid Connect,https://oloid.help/en/articles/8679444-how-to-login-into-workforce-hrms-application-using-badge-with-oloid-connect,published,2023-12-06 07:51:00,2024-01-25 12:50:59
1620,_Unassigned,_Unassigned,e4gi378c,8679197,How to login into Workforce/HRMS application using Face with Oloid Connect,https://oloid.help/en/articles/8679197-how-to-login-into-workforce-hrms-application-using-face-with-oloid-connect,published,2023-12-06 05:56:36,2024-01-25 10:09:24
1621,_Unassigned,_Unassigned,e4gi378c,8825186,How to enroll badge as credential using Windows Device Login App?,https://oloid.help/en/articles/8825186-how-to-enroll-badge-as-credential-using-windows-device-login-app,published,2024-01-16 08:03:20,2024-01-24 13:04:40
1622,_Unassigned,_Unassigned,e4gi378c,8860264,How to install and configure Windows Login Agent App?,https://oloid.help/en/articles/8860264-how-to-install-and-configure-windows-login-agent-app,published,2024-01-24 07:00:38,2024-01-24 12:39:13
1623,_Unassigned,_Unassigned,e4gi378c,8575199,How to download Windows Device Login installer files?,https://oloid.help/en/articles/8575199-how-to-download-windows-device-login-installer-files,published,2023-11-10 10:20:15,2024-01-24 11:09:24
1624,_Unassigned,_Unassigned,e4gi378c,8849903,Steps to Setup Login to Okta using Oloid Connect,,draft,2024-01-22 05:38:26,2024-01-24 04:41:06
1625,_Unassigned,_Unassigned,e4gi378c,8777766,Troubleshooting Windows Device Login,,draft,2024-01-05 04:49:49,2024-01-22 05:37:36
1626,Oloid Platform - Enterprise Features,Accounts and Settings,e4gi378c,8811118,How to enable new user creation button in Oloid Verify/Connect,,draft,2024-01-12 08:00:28,2024-01-18 10:10:57
1627,Oloid Workflow,Oloid Workflow,e4gi378c,8828537,Set up Workday Integration - Time and Attendance and User Sync,https://oloid.help/en/articles/8828537-set-up-workday-integration-time-and-attendance-and-user-sync,published,2024-01-16 22:57:08,2024-01-17 00:29:03
1628,_Unassigned,_Unassigned,e4gi378c,8794094,Factor Sequence for MFA Applications,,draft,2024-01-09 04:51:15,2024-01-09 05:34:49
1629,_Unassigned,_Unassigned,e4gi378c,8385046,Creating Passwords and Shared Credentials for Users in Oloid Platform - User Guide,https://oloid.help/en/articles/8385046-creating-passwords-and-shared-credentials-for-users-in-oloid-platform-user-guide,published,2023-09-18 04:25:35,2023-12-22 06:10:26
1630,_Unassigned,_Unassigned,e4gi378c,8696613,How to Configure Oloid's DeviceLock for SSO Login,https://oloid.help/en/articles/8696613-how-to-configure-oloid-s-devicelock-for-sso-login,published,2023-12-12 04:52:11,2023-12-18 08:28:19
1631,_Unassigned,_Unassigned,e4gi378c,8661571,Getting started with Oloid Connect App for Passwordless,https://oloid.help/en/articles/8661571-getting-started-with-oloid-connect-app-for-passwordless,published,2023-12-01 04:40:02,2023-12-08 05:37:30
1632,_Unassigned,_Unassigned,e4gi378c,8611576,Multi-factor authentication (MFA) in DeviceLock App using NFC/ID and Pin,,draft,2023-11-21 09:08:23,2023-12-05 09:00:44
1633,Oloid Workflow,Oloid Workflow,e4gi378c,7983269,Getting Started with Oloid Workflow,https://oloid.help/en/articles/7983269-getting-started-with-oloid-workflow,published,2023-06-06 09:38:08,2023-12-01 10:04:28
1634,Oloid Verify/Connect,Getting started on the Oloid Verify/Connect application,e4gi378c,8266981,How to add location to an endpoint using the Oloid Verify/Connect App? (Archived),,draft,2023-08-17 10:23:27,2023-12-01 05:57:14
1635,Oloid Verify/Connect,Getting started on the Oloid Verify/Connect application,e4gi378c,8294042,Oloid Connect/Verify: How to test  Network Connectivity on the endpoint? (Archived),,draft,2023-08-25 06:29:20,2023-12-01 05:57:07
1636,Oloid Verify/Connect,Getting started on the Oloid Verify/Connect application,e4gi378c,8293952,Oloid Connect/Verify: How to see the endpoint details on the endpoint? (Archived),,draft,2023-08-25 05:43:54,2023-12-01 05:56:59
1637,Oloid Verify/Connect,Getting started on the Oloid Verify/Connect application,e4gi378c,8181293,How to pair an Oloid Verify/Connect endpoint (Archived),,draft,2023-07-27 05:57:06,2023-12-01 05:56:52
1638,Oloid Verify/Connect,Getting started on the Oloid Verify/Connect application,e4gi378c,8077954,Oloid Connect/Verify: View User Details (Archived),,draft,2023-07-04 07:09:57,2023-12-01 05:56:46
1639,Oloid Verify/Connect,Getting started on the Oloid Verify/Connect application,e4gi378c,8094014,Oloid Connect/Verify: Add Faces (Archived),,draft,2023-07-05 05:38:47,2023-12-01 05:56:40
1640,Oloid Verify/Connect,Getting started on the Oloid Verify/Connect application,e4gi378c,8093513,Oloid Connect/Verify: Add User (Archived),,draft,2023-07-05 04:33:00,2023-12-01 05:55:20
1641,Oloid Verify/Connect,Getting started on the Oloid Verify/Connect application,e4gi378c,6904472,Oloid Connect/Verify: App Installation and Admin Setup (Archived),,draft,2023-01-18 13:45:22,2023-12-01 05:55:16
1642,Oloid Verify/Connect,Getting started on the Oloid Verify/Connect application,e4gi378c,8176883,How to download Oloid Verify/Connect application (Archived),,draft,2023-07-26 09:02:41,2023-12-01 05:54:52
1643,Oloid Verify/Connect,Getting started on the Oloid Platform,e4gi378c,6904432,Oloid Platform Configuration for Oloid Verify/Connect App (Archived),,draft,2023-01-18 13:27:40,2023-12-01 05:54:14
1644,Oloid Verify/Connect,Pre-requisites for getting started with Oloid Verify/Oloid Connect,e4gi378c,8181482,Pre-Req/System Requirements (Archived),,draft,2023-07-27 08:19:49,2023-12-01 05:52:28
1645,Oloid Verify/Connect,Pre-requisites for getting started with Oloid Verify/Oloid Connect,e4gi378c,8181542,Network architecture of Oloid Verify/Connect (Archived),,draft,2023-07-27 08:50:37,2023-12-01 05:52:17
1646,Oloid Verify/Connect,Pre-requisites for getting started with Oloid Verify/Oloid Connect,e4gi378c,8184845,Set up iPad in Kiosk Mode (Archived),,draft,2023-07-28 04:56:37,2023-12-01 05:52:17
1647,_Unassigned,_Unassigned,e4gi378c,8644776,How to create Shared credentials and assign it to users,https://oloid.help/en/articles/8644776-how-to-create-shared-credentials-and-assign-it-to-users,published,2023-11-28 13:00:54,2023-11-29 06:56:10
1648,_Unassigned,_Unassigned,e4gi378c,8643149,Using the Oloid Verify App,,draft,2023-11-28 08:35:23,2023-11-28 09:08:35
1649,_Unassigned,_Unassigned,e4gi378c,8636886,Oloid Verify: iPad Installation,,draft,2023-11-27 04:57:16,2023-11-27 04:57:53
1650,_Unassigned,_Unassigned,e4gi378c,8636856,Oloid Connect: iPad Installation,,draft,2023-11-27 04:53:59,2023-11-27 04:55:17
1651,_Unassigned,_Unassigned,e4gi378c,8617114,Getting Started with Oloid Connect,,draft,2023-11-22 09:53:51,2023-11-22 10:32:10
1652,_Unassigned,_Unassigned,e4gi378c,8611461,How to log into Workforce /HRMS platforms using NFC/ID and Pin,https://oloid.help/en/articles/8611461-how-to-log-into-workforce-hrms-platforms-using-nfc-id-and-pin,published,2023-11-21 08:13:05,2023-11-21 12:09:19
1653,_Unassigned,_Unassigned,e4gi378c,8591055,Getting Started with Passwordless- Copy,https://oloid.help/en/articles/8591055-getting-started-with-passwordless-copy,published,2023-11-15 05:20:05,2023-11-21 12:01:57
1654,_Unassigned,_Unassigned,e4gi378c,8591615,,,draft,2023-11-15 06:54:14,2023-11-15 06:54:14
1655,_Unassigned,_Unassigned,e4gi378c,8591028,,,draft,2023-11-15 04:24:41,2023-11-15 04:24:41
1656,Oloid Workflow,Oloid Workflow,e4gi378c,7983465,What is Oloid Workflow?,https://oloid.help/en/articles/7983465-what-is-oloid-workflow,published,2023-06-06 10:35:42,2023-11-15 04:13:05
1657,_Unassigned,_Unassigned,e4gi378c,8590252,How to get Hex or Binary Value from the RFID Badge,,draft,2023-11-15 01:02:53,2023-11-15 01:03:31
1658,Oloid Workflow,Pre-built Flow Templates,e4gi378c,8576916,ADP to Active Directory Integration,https://oloid.help/en/articles/8576916-adp-to-active-directory-integration,published,2023-11-10 22:54:09,2023-11-10 23:15:12
1659,Oloid Platform - Enterprise Features,Create and Manage Endpoints,e4gi378c,8483945,How to check health of endpoint,,draft,2023-10-17 06:47:26,2023-11-03 10:16:37
1660,Passwordless Authenticator,Credential Management,e4gi378c,8408452,QR Onboarding,https://oloid.help/en/articles/8408452-qr-onboarding,published,2023-09-25 10:36:44,2023-10-30 10:59:06
1661,Oloid Platform - Enterprise Features,Create and Manage Shared Credentials,e4gi378c,8423861,Creating Passwords and Shared Credentials for Users in Oloid Platform - User Guide,https://oloid.help/en/articles/8423861-creating-passwords-and-shared-credentials-for-users-in-oloid-platform-user-guide,published,2023-09-28 05:57:17,2023-10-12 11:03:33
1662,Oloid Platform - Enterprise Features,Create and Manage Locations,e4gi378c,8498777,How to create location using endpoint,https://oloid.help/en/articles/8498777-how-to-create-location-using-endpoint,published,2023-10-20 07:19:31,2023-10-25 08:23:53
1663,Oloid Platform - Enterprise Features,Create and Manage Locations,e4gi378c,8498715,How to add location details,https://oloid.help/en/articles/8498715-how-to-add-location-details,published,2023-10-20 06:20:19,2023-10-25 08:23:15
1664,Oloid Workflow,Set up 3rd party Applications,e4gi378c,8495939,Set up C-Cure 9000 for Oloid Workflow integrations,https://oloid.help/en/articles/8495939-set-up-c-cure-9000-for-oloid-workflow-integrations,published,2023-10-19 16:28:28,2023-10-19 16:37:31
1665,_Unassigned,_Unassigned,e4gi378c,8473235,Passwordless Flow,https://oloid.help/en/articles/8473235-passwordless-flow,published,2023-10-13 09:36:09,2023-10-19 04:28:57
1666,_Unassigned,_Unassigned,e4gi378c,8480356,Platform Configuration for Oloid Connect Passwordless App,,draft,2023-10-16 11:37:17,2023-10-16 12:00:03
1667,Oloid Platform - Enterprise Features,Create and Manage Endpoints,e4gi378c,8463435,How to delete endpoint,https://oloid.help/en/articles/8463435-how-to-delete-endpoint,published,2023-10-11 09:25:45,2023-10-11 09:30:15
1668,Passwordless Authenticator,Credential Management,e4gi378c,8445597,Setting up consent management templates,https://oloid.help/en/articles/8445597-setting-up-consent-management-templates,published,2023-10-05 05:47:26,2023-10-06 13:35:14
1669,Oloid Verify/Connect,Supporting Documents,e4gi378c,6903976,Oloid Connect/Verify: iPad Installation,https://oloid.help/en/articles/6903976-oloid-connect-verify-ipad-installation,published,2023-01-18 12:51:02,2023-05-17 09:14:55
1670,Oloid Verify/Connect,Oloid Verify/Connect Videos,e4gi378c,8205090,How to put the App in Kiosk Mode -  Video Tutorial,https://oloid.help/en/articles/8205090-how-to-put-the-app-in-kiosk-mode-video-tutorial,published,2023-08-02 07:50:13,2023-08-02 09:48:23
1671,Oloid Verify/Connect,Oloid Verify/Connect Videos,e4gi378c,8205087,How to download Oloid Verify App from App Store - Video Tutorial,https://oloid.help/en/articles/8205087-how-to-download-oloid-verify-app-from-app-store-video-tutorial,published,2023-08-02 07:48:41,2023-08-02 07:49:57
1672,Oloid Verify/Connect,Oloid Verify/Connect Videos,e4gi378c,8205860,How to add users from an endpoint using the OLOID Verify App -Video Tutorial,https://oloid.help/en/articles/8205860-how-to-add-users-from-an-endpoint-using-the-oloid-verify-app-video-tutorial,published,2023-08-02 11:59:15,2023-08-02 15:47:00
1673,Oloid Verify/Connect,Oloid Verify/Connect Videos,e4gi378c,8205360,How to pair an endpoint to an application using the Oloid Verify app - Video Tutorial,https://oloid.help/en/articles/8205360-how-to-pair-an-endpoint-to-an-application-using-the-oloid-verify-app-video-tutorial,published,2023-08-02 09:58:04,2023-08-02 12:02:30
1674,Oloid Verify/Connect,Getting started on the Oloid Verify/Connect application,e4gi378c,8282821,FAQs Oloid Verify/Connect application,https://oloid.help/en/articles/8282821-faqs-oloid-verify-connect-application,published,2023-08-22 13:14:20,2023-09-05 10:56:37
1675,_Unassigned,_Unassigned,e4gi378c,8420008,Multi-factor authentication in Windows Device Login,,draft,2023-09-27 09:26:20,2023-09-27 12:15:18
1676,Oloid Verify/Connect,Supporting Documents,e4gi378c,8246849,What is an offline task and what does it do,https://oloid.help/en/articles/8246849-what-is-an-offline-task-and-what-does-it-do,published,2023-08-11 08:55:16,2023-09-11 08:52:02
1677,_Unassigned,_Unassigned,e4gi378c,7261927,M-Tag Admin - Configure Battery and Performance Modes (WIP),,draft,2023-04-12 05:17:30,2023-08-16 04:28:14
1678,_Unassigned,_Unassigned,e4gi378c,7262008,M-Tag Admin App - Upgrade Firmware (Completed),,draft,2023-04-12 06:28:18,2023-08-14 13:42:50
1679,_Unassigned,_Unassigned,e4gi378c,7262034,M-Tag Admin App - Register M-tag (Completed),,draft,2023-04-12 06:55:42,2023-08-14 13:38:08
1680,_Unassigned,_Unassigned,e4gi378c,8205077,Oloid Verify Time Clock Connector for ADP Enterprise eTIME® (Completed),,draft,2023-08-02 07:44:46,2023-08-14 13:26:49
1681,_Unassigned,_Unassigned,e4gi378c,8217407,How to Connect to Oloid connector on ADP Workforce Now® Essential Time(Completed),,draft,2023-08-04 06:29:47,2023-08-14 13:26:00
1682,_Unassigned,_Unassigned,e4gi378c,8153002,What is Oloid Platform,https://oloid.help/en/articles/8153002-what-is-oloid-platform,published,2023-07-20 04:58:31,2023-07-20 14:54:57
1683,Oloid Workflow,Pre-built Flow Templates,e4gi378c,8105352,Pro-Watch to Everbridge Critical Event Response Automation,https://oloid.help/en/articles/8105352-pro-watch-to-everbridge-critical-event-response-automation,published,2023-07-07 05:32:09,2023-07-12 16:40:43
1684,Oloid Workflow,Pre-built Flow Templates,e4gi378c,8105361,ServiceNow to Pro-Watch Access Management Automation,https://oloid.help/en/articles/8105361-servicenow-to-pro-watch-access-management-automation,published,2023-07-07 05:38:40,2023-07-12 16:41:05
1685,Oloid Workflow,Pre-built Flow Templates,e4gi378c,8105310,Pro-Watch to ServiceNow Incident Automation and Ticketing Integration,https://oloid.help/en/articles/8105310-pro-watch-to-servicenow-incident-automation-and-ticketing-integration,published,2023-07-07 04:52:58,2023-07-12 16:41:23
1686,Oloid Workflow,Pre-built Flow Templates,e4gi378c,8105347,Workday to Pro-Watch Employee Lifecycle Automation,https://oloid.help/en/articles/8105347-workday-to-pro-watch-employee-lifecycle-automation,published,2023-07-07 05:26:59,2023-07-12 16:41:43
1687,Oloid Workflow,Pre-built Flow Templates,e4gi378c,7041159,ProWatch <> ServiceNow Integration,https://oloid.help/en/articles/7041159-prowatch-servicenow-integration,published,2023-03-01 11:55:13,2023-06-02 08:22:38
1688,Oloid Workflow,Accounts,e4gi378c,7044331,Oloid Account,https://oloid.help/en/articles/7044331-oloid-account,published,2023-03-02 11:58:03,2023-06-02 08:17:38
1689,Oloid Workflow,Accounts,e4gi378c,7044324,ServiceNow Account,https://oloid.help/en/articles/7044324-servicenow-account,published,2023-03-02 11:52:14,2023-06-02 08:19:01
1690,Oloid Workflow,Accounts,e4gi378c,7044315,ProWatch Account,https://oloid.help/en/articles/7044315-prowatch-account,published,2023-03-02 11:47:13,2023-03-15 04:35:50
1691,Oloid Workflow,Accounts,e4gi378c,7041132,Accounts,https://oloid.help/en/articles/7041132-accounts,published,2023-03-01 11:46:32,2024-11-21 05:53:11
1692,Oloid Workflow,On-Prem Application Health,e4gi378c,7041126,Monitoring Health Status,https://oloid.help/en/articles/7041126-monitoring-health-status,published,2023-03-01 11:44:19,2023-06-02 08:13:18
1693,Oloid Workflow,On-Prem Application Health,e4gi378c,7041094,How to configure System and API Health in Oloid Workflow,https://oloid.help/en/articles/7041094-how-to-configure-system-and-api-health-in-oloid-workflow,published,2023-03-01 11:40:40,2023-06-02 08:12:32
1694,Oloid Workflow,Data Protection,e4gi378c,7041231,Data Protection,https://oloid.help/en/articles/7041231-data-protection,published,2023-03-01 12:22:19,2023-05-17 04:57:18
1695,Oloid Workflow,Security,e4gi378c,7041176,Security,https://oloid.help/en/articles/7041176-security,published,2023-03-01 12:00:42,2023-06-07 04:41:51
1696,Oloid Workflow,Getting Started,e4gi378c,7041076,Suggested Approach for Installation and Maintenance,https://oloid.help/en/articles/7041076-suggested-approach-for-installation-and-maintenance,published,2023-03-01 11:37:40,2023-07-03 06:13:28
1697,Oloid Workflow,Getting Started,e4gi378c,7041071,Pre-Req / System Requirements,https://oloid.help/en/articles/7041071-pre-req-system-requirements,published,2023-03-01 11:34:19,2023-03-02 06:26:16
1698,Oloid Workflow,Overview,e4gi378c,7043809,Oloid Workflow - Core Features,https://oloid.help/en/articles/7043809-oloid-workflow-core-features,published,2023-03-02 07:42:55,2023-05-31 05:27:58
1699,Oloid Workflow,Overview,e4gi378c,7041027,Oloid Workflow- Key Concepts,https://oloid.help/en/articles/7041027-oloid-workflow-key-concepts,published,2023-03-01 11:15:55,2023-03-01 13:43:07
1700,Oloid Workflow,Overview,e4gi378c,7041009,Oloid Workflow - Overview,https://oloid.help/en/articles/7041009-oloid-workflow-overview,published,2023-03-01 11:05:58,2023-06-02 08:02:27
1701,Oloid Workflow,Set up 3rd party Applications,e4gi378c,8015577,Set up ServiceNow for Oloid Workflow integrations,https://oloid.help/en/articles/8015577-set-up-servicenow-for-oloid-workflow-integrations,published,2023-06-15 10:04:12,2023-06-22 09:51:20
1702,Oloid Workflow,Set up 3rd party Applications,e4gi378c,7978577,Set up ProWatch for Oloid Workflow Integrations,https://oloid.help/en/articles/7978577-set-up-prowatch-for-oloid-workflow-integrations,published,2023-06-05 09:45:47,2023-06-05 11:21:48
1703,Oloid Workflow,Set up 3rd party Applications,e4gi378c,7966134,Set up Lenel OnGuard for Oloid Workflow integrations,https://oloid.help/en/articles/7966134-set-up-lenel-onguard-for-oloid-workflow-integrations,published,2023-05-31 10:41:48,2023-05-31 10:42:46
1704,Oloid Workflow,Set up 3rd party Applications,e4gi378c,7966111,Set up S2 NetBox for Oloid Workflow integrations,https://oloid.help/en/articles/7966111-set-up-s2-netbox-for-oloid-workflow-integrations,published,2023-05-31 10:35:00,2023-05-31 10:41:37
1705,_Unassigned,_Unassigned,e4gi378c,7041063,Pre-requisites,,draft,2023-03-01 11:32:29,2023-03-02 06:30:19
1706,Troubleshooting,Troubleshooting,e4gi378c,6902871,Troubleshooting iPhone TrueDepth Camera Error- Blocked Camera,https://oloid.help/en/articles/6902871-troubleshooting-iphone-truedepth-camera-error-blocked-camera,published,2023-01-18 07:58:43,2023-06-02 07:04:12
1707,The Oloid Glossary,The Oloid Glossary,e4gi378c,6864120,Oloid Glossary,,draft,2023-01-02 16:57:14,2023-06-02 04:13:39
1708,_Unassigned,_Unassigned,e4gi378c,7061058,Private Articles,https://oloid.help/en/articles/7061058-private-articles,published,2023-03-07 16:38:39,2023-03-27 11:20:57
1709,_Unassigned,_Unassigned,e4gi378c,6872628,Getting Started with Oloid Products and Solutions,https://oloid.help/en/articles/6872628-getting-started-with-oloid-products-and-solutions,published,2023-01-06 05:58:16,2023-06-01 08:25:00
1710,Oloid Verify/Connect,General FAQs,e4gi378c,6911789,Hardboot for Ipad Pro 11,https://oloid.help/en/articles/6911789-hardboot-for-ipad-pro-11,published,2023-01-20 09:54:56,2023-05-17 09:38:39
1711,_Unassigned,_Unassigned,e4gi378c,7257161,M-Tag Admin App -Configure Battery and Performance Modes,https://oloid.help/en/articles/7257161-m-tag-admin-app-configure-battery-and-performance-modes,published,2023-04-11 11:10:58,2023-04-11 11:11:49
1712,Release Notes,Release Notes,e4gi378c,6839986,RN1,,draft,2022-12-20 15:19:49,2023-03-31 05:19:42
1713,Troubleshooting,Troubleshooting,e4gi378c,6655058,Troubleshooting iPhone TrueDepth camera issue - Face ID disabled,https://oloid.help/en/articles/6655058-troubleshooting-iphone-truedepth-camera-issue-face-id-disabled,published,2022-10-19 05:11:34,2023-03-29 10:58:54
1714,_Unassigned,_Unassigned,e4gi378c,7120185,Onboarding Users Using Import Template,https://oloid.help/en/articles/7120185-onboarding-users-using-import-template,published,2023-03-13 06:04:31,2023-03-14 09:46:42
1715,_Unassigned,_Unassigned,e4gi378c,7129819,How to create Bluetooth ID,https://oloid.help/en/articles/7129819-how-to-create-bluetooth-id,published,2023-03-14 16:50:18,2023-03-14 16:53:42
1716,_Unassigned,_Unassigned,e4gi378c,7129885,How to generate BLE token in bulk,https://oloid.help/en/articles/7129885-how-to-generate-ble-token-in-bulk,published,2023-03-14 16:54:08,2023-03-15 17:29:51
1717,_Unassigned,_Unassigned,e4gi378c,7120406,Oloid M-Tag Setup Guide,https://oloid.help/en/articles/7120406-oloid-m-tag-setup-guide,published,2023-03-13 09:14:16,2023-03-15 17:36:39
1718,Oloid Workflow (TBD),6. Monitoring,e4gi378c,6969144,Monitoring,,draft,2023-02-07 06:08:29,2023-02-07 06:27:24
1719,Oloid Workflow (TBD),5. Flows,e4gi378c,6955307,Flows,,draft,2023-02-01 07:20:48,2023-02-01 09:18:50
1720,Oloid Workflow (TBD),4. Nodes,e4gi378c,6955192,ServiceNow Nodes,,draft,2023-02-01 05:26:20,2023-02-01 05:26:40
1721,Oloid Workflow (TBD),4. Nodes,e4gi378c,6955191,Oloid Nodes,,draft,2023-02-01 05:25:23,2023-02-01 05:25:48
1722,Oloid Workflow (TBD),4. Nodes,e4gi378c,6955189,ProWatch Nodes,,draft,2023-02-01 05:24:30,2023-02-01 05:24:55
1723,Oloid Workflow (TBD),4. Nodes,e4gi378c,6955144,Node Pallet,,draft,2023-02-01 05:14:26,2023-02-01 05:16:39
1724,Oloid Workflow (TBD),4. Nodes,e4gi378c,6955101,Nodes,,draft,2023-02-01 05:09:41,2023-02-01 05:11:17
1725,Oloid Workflow (TBD),3. Workflow Accounts,e4gi378c,6951455,ServiceNow Account,,draft,2023-01-31 11:05:53,2023-02-01 05:06:52
1726,Oloid Workflow (TBD),3. Workflow Accounts,e4gi378c,6951377,ProWatch Account,,draft,2023-01-31 10:19:26,2023-01-31 11:03:02
1727,Oloid Workflow (TBD),3. Workflow Accounts,e4gi378c,6951354,Workflow Accounts - Introduction,,draft,2023-01-31 10:07:17,2023-01-31 10:12:05
1728,Oloid Workflow (TBD),2. Deployment,e4gi378c,6950909,Instruction for Workflow Instance Setup,,draft,2023-01-31 04:59:41,2023-01-31 07:32:28
1729,Oloid Workflow (TBD),2. Deployment,e4gi378c,6950882,Outbound Network Access Requirements for Oloid Workflow (On-prem),,draft,2023-01-31 04:44:23,2023-01-31 04:54:14
1730,_Unassigned,_Unassigned,e4gi378c,6912146,Getting Started with Oloid Connect,,draft,2023-01-20 13:34:17,2023-01-20 13:35:54
1731,_Unassigned,_Unassigned,e4gi378c,6651612,Test for video,,draft,2022-10-18 03:21:52,2023-01-18 11:23:48
1732,Oloid Platform Starter,Oloid Platform Starter,e4gi378c,6870617,testfordesignarticle,,draft,2023-01-05 10:42:31,2023-01-19 08:08:16
1733,Oloid Workflow (TBD),2. Deployment,e4gi378c,6899306,Installation requirements for Oloid Workflow (On-prem),,draft,2023-01-17 10:57:44,2023-01-18 10:55:28
1734,Oloid Workflow (TBD),1. Getting Started,e4gi378c,6895962,Oloid Workflow: Key Concepts,,draft,2023-01-16 13:23:27,2023-01-18 10:55:20
1735,Oloid Workflow (TBD),1. Getting Started,e4gi378c,6839176,What is Oloid Workflow?,,draft,2022-12-20 12:00:13,2023-01-18 10:55:13  