order,product,collection,workspace_id,article_id,title,url,state,created_at,updated_at
3,Oloid Platform - Enterprise Features,Create and Manage Consent Documents,e4gi378c,8237994,Tenant Admin Portal - How to add a Consent Template to a Connection in the Tenant Admin Portal,https://oloid.help/en/articles/8237994-tenant-admin-portal-how-to-add-a-consent-template-to-a-connection-in-the-tenant-admin-portal,published,2023-08-10 10:05:47,2026-09-16 09:09:57
6,Oloid Platform - Enterprise Features,Create and Manage Consent Documents,e4gi378c,8254979,Tenant Admin Portal - How to Create and Configure Consent Template,https://oloid.help/en/articles/8254979-tenant-admin-portal-how-to-create-and-configure-consent-template,published,2023-08-14 07:06:37,2026-09-16 05:40:21
19,Oloid Platform - Enterprise Features,Create and Manage Applications,e4gi378c,8300813,Oloid Verify - How to Create and Configure Application in Tenant Admin Portal,https://oloid.help/en/articles/8300813-oloid-verify-how-to-create-and-configure-application-in-tenant-admin-portal,published,2023-08-28 13:48:45,2026-09-11 03:33:16
22,Oloid Platform - Enterprise Features,Credential Management - Video Tutorials,e4gi378c,16900243,Windows Login - How to Add QR Code using Supervisor App - Video Tutorial,https://oloid.help/en/articles/16900243-windows-login-how-to-add-qr-code-using-supervisor-app-video-tutorial,published,2026-09-10 08:42:33,2026-09-10 08:58:26
25,Oloid Platform - Enterprise Features,Manage Agents - Video Tutorials,e4gi378c,16900024,How to Create Data Mapper Table for Entra ID - Inbound in the Tenant Admin Portal - Video Tutorial,https://oloid.help/en/articles/16900024-how-to-create-data-mapper-table-for-entra-id-inbound-in-the-tenant-admin-portal-video-tutorial,published,2026-09-10 08:09:07,2026-09-10 08:18:55
27,Oloid Platform - Enterprise Features,System for Cross-Domain Identity Management (SCIM) - Configuration Guide,e4gi378c,15652452,Microsoft Entra ID - How to Configure Cross-Domain Identity Management (SCIM) Provisioning for Oloid,https://oloid.help/en/articles/15652452-microsoft-entra-id-how-to-configure-cross-domain-identity-management-scim-provisioning-for-oloid,published,2026-06-26 03:59:13,2026-09-10 05:58:46
30,Oloid Platform - Enterprise Features,Okta SSO Setup,e4gi378c,11744118,Tenant Admin Portal - How to Login to the Tenant Admin Portal with Okta Single Sign-On (SSO),https://oloid.help/en/articles/11744118-tenant-admin-portal-how-to-login-to-the-tenant-admin-portal-with-okta-single-sign-on-sso,published,2025-07-10 06:34:36,2026-09-09 11:24:20
31,Oloid Platform - Enterprise Features,PingOne SSO Setup,e4gi378c,11136469,Tenant Admin Portal - How to Login to the Tenant Admin Portal with PingOne Single Sign-On (SSO),https://oloid.help/en/articles/11136469-tenant-admin-portal-how-to-login-to-the-tenant-admin-portal-with-pingone-single-sign-on-sso,published,2025-04-24 09:19:19,2026-09-09 11:20:16
32,Oloid Platform - Enterprise Features,Okta SSO Setup,e4gi378c,8158793,Okta Settings for Oloid SSO,https://oloid.help/en/articles/8158793-okta-settings-for-oloid-sso,published,2023-07-21 05:53:59,2026-09-09 11:08:35
34,Oloid Platform - Enterprise Features,Okta SSO Setup,e4gi378c,10299914,How to Configure Okta SSO in Tenant Admin Portal,https://oloid.help/en/articles/10299914-how-to-configure-okta-sso-in-tenant-admin-portal,published,2024-12-18 07:55:32,2026-09-09 11:01:14
35,Oloid Platform - Enterprise Features,Create and Manage Users - Video Tutorials,e4gi378c,16885096,Tenant Admin Portal - How to View and Edit Vault Passkey (FIDO2 certificate) - Video Tutorial,https://oloid.help/en/articles/16885096-tenant-admin-portal-how-to-view-and-edit-vault-passkey-fido2-certificate-video-tutorial,published,2026-09-09 10:30:37,2026-09-09 10:43:06
39,Oloid Platform - Enterprise Features,Create and Manage IDP Provider,e4gi378c,9154143,How to Create and Configure Okta (OIDC) as an Identity Provider in Okta Admin Console,https://oloid.help/en/articles/9154143-how-to-create-and-configure-okta-oidc-as-an-identity-provider-in-okta-admin-console,published,2024-04-04 08:43:38,2026-09-08 05:22:45
40,Oloid Platform - Enterprise Features,Create and Manage IDP Provider,e4gi378c,9215949,Tenant Admin Portal - How to Configure OIDC - Okta IDP Profile,https://oloid.help/en/articles/9215949-tenant-admin-portal-how-to-configure-oidc-okta-idp-profile,published,2024-04-18 12:21:24,2026-09-07 10:44:00
43,Oloid Platform - Enterprise Features,Google SSO Setup,e4gi378c,11129566,Tenant Admin Portal - How to Enable GSuite SSO in Tenant Admin Portal,https://oloid.help/en/articles/11129566-tenant-admin-portal-how-to-enable-gsuite-sso-in-tenant-admin-portal,published,2025-04-23 04:58:25,2026-09-07 10:03:41
45,Oloid Platform - Enterprise Features,Create and Manage Users,e4gi378c,8479549,Tenant Admin Portal - How to Extend QR Code expiry date of Users in a Connection,https://oloid.help/en/articles/8479549-tenant-admin-portal-how-to-extend-qr-code-expiry-date-of-users-in-a-connection,published,2023-10-16 06:18:30,2026-09-07 07:20:12
46,Oloid Platform - Enterprise Features,Create and Manage Users,e4gi378c,8347344,Tenant Admin Portal - How to Configure user details,https://oloid.help/en/articles/8347344-tenant-admin-portal-how-to-configure-user-details,published,2023-09-08 04:53:33,2026-09-07 05:48:10
50,Oloid Platform - Enterprise Features,Create and Manage Users,e4gi378c,8185520,Tenant Admin Portal - How to Onboard Faces in Bulk,https://oloid.help/en/articles/8185520-tenant-admin-portal-how-to-onboard-faces-in-bulk,published,2023-07-28 10:53:10,2026-09-04 09:09:39
51,Oloid Platform - Enterprise Features,Credential Management - Video Tutorials,e4gi378c,16816260,Tenant Admin Portal - How to log into Tenant Admin Portal using Personal Passkey - Video Tutorial,https://oloid.help/en/articles/16816260-tenant-admin-portal-how-to-log-into-tenant-admin-portal-using-personal-passkey-video-tutorial,published,2026-09-04 08:45:08,2026-09-04 08:53:01
55,Oloid Platform - Enterprise Features,PingOne SSO Setup,e4gi378c,9556317,User Portal - How to Login to Oloid User Portal with PingOne Single Sign-On (SSO),https://oloid.help/en/articles/9556317-user-portal-how-to-login-to-oloid-user-portal-with-pingone-single-sign-on-sso,published,2024-07-03 09:24:37,2026-09-03 11:09:14
57,Oloid Platform - Enterprise Features,Create and Manage Users,e4gi378c,8379556,How to invite to add face in bulk,https://oloid.help/en/articles/8379556-how-to-invite-to-add-face-in-bulk,published,2023-09-15 10:09:59,2026-09-03 06:13:50
58,Oloid Platform - Enterprise Features,PingOne SSO Setup,e4gi378c,10316179,Tenant Admin Portal - How to Configure PingOne Single Sign-On (SSO) for Tenant Admin Portal,https://oloid.help/en/articles/10316179-tenant-admin-portal-how-to-configure-pingone-single-sign-on-sso-for-tenant-admin-portal,published,2024-12-23 14:12:04,2026-09-03 08:38:09
59,Oloid Platform - Enterprise Features,PingOne SSO Setup,e4gi378c,8727716,How to Configure PingOne Single Sign-On (SSO) for the Oloid Portal in the PingOne Admin Console,https://oloid.help/en/articles/8727716-how-to-configure-pingone-single-sign-on-sso-for-the-oloid-portal-in-the-pingone-admin-console,published,2023-12-20 12:48:09,2026-09-03 08:37:40
61,Oloid Platform - Enterprise Features,Create and Manage Users,e4gi378c,8479750,Tenant Admin Portal - How to Extend QR Code expiry date in bulk,https://oloid.help/en/articles/8479750-tenant-admin-portal-how-to-extend-qr-code-expiry-date-in-bulk,published,2023-10-16 08:24:58,2026-09-03 05:45:51
64,Oloid Platform - Enterprise Features,Accounts and Settings,e4gi378c,11967299,Tenant Admin Portal - How to Customize SMS Invite Template to Add Face in the Tenant Admin Portal,https://oloid.help/en/articles/11967299-tenant-admin-portal-how-to-customize-sms-invite-template-to-add-face-in-the-tenant-admin-portal,published,2025-08-08 05:56:03,2026-09-01 09:30:20
65,Oloid Platform - Enterprise Features,Accounts and Settings,e4gi378c,11968617,Tenant Admin Portal - How to Customize Email Invite Template to Add Face in the Tenant Admin Portal,https://oloid.help/en/articles/11968617-tenant-admin-portal-how-to-customize-email-invite-template-to-add-face-in-the-tenant-admin-portal,published,2025-08-08 09:17:57,2026-09-01 09:26:07
66,Oloid Platform - Enterprise Features,Create and Manage Endpoints,e4gi378c,8555710,How to configure endpoint for Windows Login,https://oloid.help/en/articles/8555710-how-to-configure-endpoint-for-windows-login,published,2023-11-06 09:06:00,2026-09-01 08:48:08
71,Oloid Platform - Enterprise Features,Oloid Platform - Enterprise Features,e4gi378c,9720607,How to find the Card Type and Card Format using the RF IDeas Configurator Tool,https://oloid.help/en/articles/9720607-how-to-find-the-card-type-and-card-format-using-the-rf-ideas-configurator-tool,published,2024-08-09 09:27:31,2024-11-26 06:19:14
74,Oloid Platform - Enterprise Features,Create and Manage Consent Documents,e4gi378c,14459745,Tenant Admin Portal - How to Create and Configure Language version for Consent Template,https://oloid.help/en/articles/14459745-tenant-admin-portal-how-to-create-and-configure-language-version-for-consent-template,published,2026-04-06 05:32:45,2026-08-28 09:05:25
75,Oloid Platform - Enterprise Features,Create and Manage Consent Documents,e4gi378c,12990356,Tenant Admin Portal - How to view and download Active Consent of a User,https://oloid.help/en/articles/12990356-tenant-admin-portal-how-to-view-and-download-active-consent-of-a-user,published,2025-12-03 06:01:39,2026-08-28 08:51:25
76,Oloid Platform - Enterprise Features,Create and Manage Consent Documents,e4gi378c,8329688,Tenant Admin Portal - How to create legal document,https://oloid.help/en/articles/8329688-tenant-admin-portal-how-to-create-legal-document,published,2023-09-04 09:02:23,2026-08-28 08:47:40
78,Oloid Platform - Enterprise Features,Advanced User Sync,e4gi378c,15886424,Tenant Admin Portal - How to Create Advanced User Sync for Paychex Inbound,https://oloid.help/en/articles/15886424-tenant-admin-portal-how-to-create-advanced-user-sync-for-paychex-inbound,published,2026-07-09 10:32:36,2026-08-28 06:25:41
79,Oloid Platform - Enterprise Features,Data Tables,e4gi378c,15868581,Tenant Admin Portal - How to Create Data Mapper Table for Paychex Inbound,https://oloid.help/en/articles/15868581-tenant-admin-portal-how-to-create-data-mapper-table-for-paychex-inbound,published,2026-07-08 07:00:56,2026-07-21 10:30:54
81,Oloid Platform - Enterprise Features,Getting Started,e4gi378c,8462765,Tenant Admin Portal - How to Log in to the Tenant Admin Portal,https://oloid.help/en/articles/8462765-tenant-admin-portal-how-to-log-in-to-the-tenant-admin-portal,published,2023-10-11 05:16:39,2026-08-27 10:46:04
93,Oloid Platform - Enterprise Features,Create and Manage Users,e4gi378c,13305454,How to Assign Windows shared Passkey for a user in the Tenant Admin portal,https://oloid.help/en/articles/13305454-how-to-assign-windows-shared-passkey-for-a-user-in-the-tenant-admin-portal,published,2026-01-06 09:28:16,2026-08-26 11:12:07
94,Oloid Platform - Enterprise Features,Create and Manage Users,e4gi378c,11928944,How to reset PIN for User in the Tenant Admin Portal,https://oloid.help/en/articles/11928944-how-to-reset-pin-for-user-in-the-tenant-admin-portal,published,2025-08-04 10:19:22,2026-08-26 11:12:06
95,Oloid Platform - Enterprise Features,Create and Manage Users,e4gi378c,11058549,Oloid Platform - How to create Windows Passkey as credential for users in Tenant Admin Portal,https://oloid.help/en/articles/11058549-oloid-platform-how-to-create-windows-passkey-as-credential-for-users-in-tenant-admin-portal,published,2025-04-09 06:13:18,2026-08-26 11:12:01
96,Oloid Platform - Enterprise Features,Create and Manage Users,e4gi378c,8469163,Tenant Admin Portal - How to Generate QR Code in Bulk,https://oloid.help/en/articles/8469163-tenant-admin-portal-how-to-generate-qr-code-in-bulk,published,2023-10-12 09:29:28,2026-08-26 09:11:22
97,Oloid Platform - Enterprise Features,Create and Manage Users,e4gi378c,8385745,Tenant Admin Portal - How to Generate QR Code for Users in a Connection,https://oloid.help/en/articles/8385745-tenant-admin-portal-how-to-generate-qr-code-for-users-in-a-connection,published,2023-09-18 10:08:54,2026-08-26 09:01:05
98,Oloid Platform - Enterprise Features,Create and Manage Users,e4gi378c,8185048,Tenant Admin Portal - How to Create User,https://oloid.help/en/articles/8185048-tenant-admin-portal-how-to-create-user,published,2023-07-28 07:52:31,2026-08-26 08:57:42
99,Oloid Platform - Enterprise Features,Create and Manage Users,e4gi378c,8488504,Tenant Admin Portal - How to Delete QR Code in bulk,https://oloid.help/en/articles/8488504-tenant-admin-portal-how-to-delete-qr-code-in-bulk,published,2023-10-18 04:36:48,2026-08-26 05:49:33
100,Oloid Platform - Enterprise Features,Create and Manage Users,e4gi378c,8385780,Tenant Admin Portal - How to Add PIN Credential for User,https://oloid.help/en/articles/8385780-tenant-admin-portal-how-to-add-pin-credential-for-user,published,2023-09-18 10:16:42,2026-08-26 05:27:49
101,Oloid Platform - Enterprise Features,Create and Manage Wiegand Access,e4gi378c,8492442,Tenant Admin Portal - How to Configure Wiegand,https://oloid.help/en/articles/8492442-tenant-admin-portal-how-to-configure-wiegand,published,2023-10-19 06:03:02,2026-08-25 11:34:38
102,Oloid Platform - Enterprise Features,Create and Manage Wiegand Access,e4gi378c,8492248,Tenant Admin Portal - How to Create Wiegand,https://oloid.help/en/articles/8492248-tenant-admin-portal-how-to-create-wiegand,published,2023-10-19 03:28:50,2026-08-25 11:33:34
103,Oloid Platform - Enterprise Features,Create and Manage Users,e4gi378c,8398578,Tenant Admin Portal - How to Invite to Add Face,https://oloid.help/en/articles/8398578-tenant-admin-portal-how-to-invite-to-add-face,published,2023-09-21 09:38:33,2026-08-25 11:15:28
105,Oloid Platform - Enterprise Features,Getting Started,e4gi378c,8462736,Tenant Admin Portal - How to Set a Password during First-Time Login,https://oloid.help/en/articles/8462736-tenant-admin-portal-how-to-set-a-password-during-first-time-login,published,2023-10-11 04:50:46,2026-08-25 10:28:34
109,Oloid Platform - Enterprise Features,Create and Manage Users,e4gi378c,8294162,Tenant Admin Portal - How to Create and Share QR Code Credential with User,https://oloid.help/en/articles/8294162-tenant-admin-portal-how-to-create-and-share-qr-code-credential-with-user,published,2023-08-25 08:02:11,2026-08-25 09:01:43
139,Oloid Platform - Enterprise Features,Oloid Platform - Enterprise Features,e4gi378c,13700750,Tenant Admin Portal - How to Add face using Capture Face,https://oloid.help/en/articles/13700750-tenant-admin-portal-how-to-add-face-using-capture-face,published,2026-02-11 09:46:06,2026-08-25 05:22:05
147,Oloid Platform - Enterprise Features,Create and Manage Shared Credentials,e4gi378c,8504427,Tenant Admin Portal - How to Assign Shared Password for Windows Login,https://oloid.help/en/articles/8504427-tenant-admin-portal-how-to-assign-shared-password-for-windows-login,published,2023-10-23 05:40:13,2026-08-24 11:15:46
151,Oloid Platform - Enterprise Features,Create and Manage IDP Provider,e4gi378c,12840218,Tenant Admin Portal - How to Configure Security Assertion Markup Language (SAML) - Okta IDP Profile,https://oloid.help/en/articles/12840218-tenant-admin-portal-how-to-configure-security-assertion-markup-language-saml-okta-idp-profile,published,2025-11-14 10:00:31,2026-08-24 08:19:34
152,Oloid Platform - Enterprise Features,Create and Manage Endpoints,e4gi378c,9909336,Windows Login - How to configure Windows Alert for presence detection,https://oloid.help/en/articles/9909336-windows-login-how-to-configure-windows-alert-for-presence-detection,published,2024-09-23 07:36:24,2026-08-24 07:02:06
153,Oloid Platform - Enterprise Features,Create and Manage Users,e4gi378c,8181773,Tenant Admin Portal - How to Add Face of a Single User,https://oloid.help/en/articles/8181773-tenant-admin-portal-how-to-add-face-of-a-single-user,published,2023-07-27 10:08:39,2026-08-24 07:01:05
155,Oloid Platform - Enterprise Features,Create and Manage Reports,e4gi378c,8446424,Tenant Admin Portal - How to Create a Scheduled Transaction Report,https://oloid.help/en/articles/8446424-tenant-admin-portal-how-to-create-a-scheduled-transaction-report,published,2023-10-05 08:36:33,2026-08-24 05:50:53
157,Oloid Platform - Enterprise Features,Create and Manage IDP profile - Video Tutorials,e4gi378c,16554294,Tenant Admin Portal - How to configure OIDC - Okta IDP Profile - Video Tutorial,https://oloid.help/en/articles/16554294-tenant-admin-portal-how-to-configure-oidc-okta-idp-profile-video-tutorial,published,2026-08-21 08:45:26,2026-08-21 08:54:07
158,Oloid Platform - Enterprise Features,Create and Manage IDP profile - Video Tutorials,e4gi378c,16554398,Tenant Admin Portal - How to create IDP Profile for Security Assertion Markup Language (SAML),https://oloid.help/en/articles/16554398-tenant-admin-portal-how-to-create-idp-profile-for-security-assertion-markup-language-saml,published,2026-08-21 09:05:31,2026-08-21 09:13:57
159,Oloid Platform - Enterprise Features,Create and Manage Applications,e4gi378c,9352266,Windows Login - How to create and configure Windows Login application in the Tenant Admin Portal,https://oloid.help/en/articles/9352266-windows-login-how-to-create-and-configure-windows-login-application-in-the-tenant-admin-portal,published,2024-05-20 10:22:30,2026-08-21 09:02:44
163,Oloid Platform - Enterprise Features,Create and Manage IDP profile - Video Tutorials,e4gi378c,16554138,Tenant Admin Portal - How to create an OIDC-Okta IDP profile - Video Tutorial,https://oloid.help/en/articles/16554138-tenant-admin-portal-how-to-create-an-oidc-okta-idp-profile-video-tutorial,published,2026-08-21 08:19:15,2026-08-21 08:28:14
164,Oloid Platform - Enterprise Features,Create and Manage Reports,e4gi378c,8223521,Tenant Admin Portal - How to View and Download User Transactions in Tenant Admin Portal,https://oloid.help/en/articles/8223521-tenant-admin-portal-how-to-view-and-download-user-transactions-in-tenant-admin-portal,published,2023-08-07 09:10:06,2026-08-21 08:26:31
173,Oloid Platform - Enterprise Features,Create and Manage Reports,e4gi378c,8450051,Tenant Admin Portal - How to Create and Download Endpoint Details Report (Ad-Hoc),https://oloid.help/en/articles/8450051-tenant-admin-portal-how-to-create-and-download-endpoint-details-report-ad-hoc,published,2023-10-06 05:08:27,2026-08-21 05:05:39
174,Oloid Platform - Enterprise Features,Create and Manage Reports,e4gi378c,8450533,Tenant Admin Portal - How to Create and Download Transaction Report (Ad-Hoc),https://oloid.help/en/articles/8450533-tenant-admin-portal-how-to-create-and-download-transaction-report-ad-hoc,published,2023-10-06 09:04:57,2026-08-21 05:01:10
179,Oloid Platform - Enterprise Features,Azure SSO Setup,e4gi378c,8727230,Tenant Admin Portal - How to Log in to Tenant Admin Portal with Microsoft SSO,https://oloid.help/en/articles/8727230-tenant-admin-portal-how-to-log-in-to-tenant-admin-portal-with-microsoft-sso,published,2023-12-20 08:43:01,2026-08-19 04:18:44
182,Oloid Platform - Enterprise Features,Create and Manage Reports,e4gi378c,12807325,Tenant Admin Portal - How to Create and Download User Transactions Report,https://oloid.help/en/articles/12807325-tenant-admin-portal-how-to-create-and-download-user-transactions-report,published,2025-11-11 06:14:39,2026-08-18 09:40:47
184,Oloid Platform - Enterprise Features,Accounts and Settings,e4gi378c,8231496,Tenant Admin Portal - How to Remove a User from a Supervisor,https://oloid.help/en/articles/8231496-tenant-admin-portal-how-to-remove-a-user-from-a-supervisor,published,2023-08-09 06:08:01,2026-08-18 09:05:34
186,Oloid Platform - Enterprise Features,Accounts and Settings,e4gi378c,8442453,Tenant Admin Portal - How to Add or Delete Applications for a Supervisor,https://oloid.help/en/articles/8442453-tenant-admin-portal-how-to-add-or-delete-applications-for-a-supervisor,published,2023-10-04 07:40:19,2026-08-18 08:21:26
187,Oloid Platform - Enterprise Features,Accounts and Settings,e4gi378c,8232355,Tenant Admin Portal - How to Send Reset Password Link to a Supervisor,https://oloid.help/en/articles/8232355-tenant-admin-portal-how-to-send-reset-password-link-to-a-supervisor,published,2023-08-09 10:49:06,2026-08-18 04:30:06
188,Oloid Platform - Enterprise Features,Accounts and Settings,e4gi378c,8236282,How to invite a Tenant Admin,https://oloid.help/en/articles/8236282-how-to-invite-a-tenant-admin,published,2023-08-10 04:33:35,2026-08-17 07:48:57
192,Oloid Platform - Enterprise Features,Create and Manage Shared Credentials,e4gi378c,8504762,Tenant Admin Portal - How to Assign  Shared Password with multiple users,https://oloid.help/en/articles/8504762-tenant-admin-portal-how-to-assign-shared-password-with-multiple-users,published,2023-10-23 09:50:40,2026-08-14 09:44:30
193,Oloid Platform - Enterprise Features,Accounts and Settings,e4gi378c,8407872,Tenant Admin Portal - How to Configure PIN,https://oloid.help/en/articles/8407872-tenant-admin-portal-how-to-configure-pin,published,2023-09-25 07:21:46,2026-08-14 08:59:54
194,Oloid Platform - Enterprise Features,Accounts and Settings,e4gi378c,8231811,Tenant Admin Portal - How to Invite a Supervisor,https://oloid.help/en/articles/8231811-tenant-admin-portal-how-to-invite-a-supervisor,published,2023-08-09 08:48:43,2026-08-14 06:23:59
195,Oloid Platform - Enterprise Features,Create and Manage Groups,e4gi378c,8267045,Tenant Admin Portal - How to Map User to a Group,https://oloid.help/en/articles/8267045-tenant-admin-portal-how-to-map-user-to-a-group,published,2023-08-17 10:45:32,2026-08-13 11:43:27
204,Oloid Platform - Enterprise Features,Create and Manage Groups,e4gi378c,8294358,Tenant Admin Portal - How to Create Group,https://oloid.help/en/articles/8294358-tenant-admin-portal-how-to-create-group,published,2023-08-25 09:34:24,2026-08-13 08:24:04
205,Oloid Platform - Enterprise Features,Create and Manage Groups,e4gi378c,8462702,Tenant Admin Portal - How to Sync Users in a Group,https://oloid.help/en/articles/8462702-tenant-admin-portal-how-to-sync-users-in-a-group,published,2023-10-11 04:20:17,2026-08-13 05:57:11
206,Oloid Platform - Enterprise Features,Create and Manage Groups,e4gi378c,8320126,Tenant Admin Portal - How to Remove Endpoint from Group,https://oloid.help/en/articles/8320126-tenant-admin-portal-how-to-remove-endpoint-from-group,published,2023-09-01 05:22:09,2026-08-13 05:40:00
207,Oloid Platform - Enterprise Features,Create and Manage Groups,e4gi378c,8311847,Tenant Admin Portal - How to Remove a User from Group,https://oloid.help/en/articles/8311847-tenant-admin-portal-how-to-remove-a-user-from-group,published,2023-08-30 11:37:52,2026-08-13 04:46:30
208,Oloid Platform - Enterprise Features,Create and Manage Groups,e4gi378c,8493877,Tenant Admin Portal - How to Delete a Group,https://oloid.help/en/articles/8493877-tenant-admin-portal-how-to-delete-a-group,published,2023-10-19 10:22:12,2026-08-13 04:42:06
209,Oloid Platform - Enterprise Features,Accounts and Settings,e4gi378c,13570122,Tenant Admin Portal - How to Enable HR Picture Verification for Oloid User Portal,https://oloid.help/en/articles/13570122-tenant-admin-portal-how-to-enable-hr-picture-verification-for-oloid-user-portal,published,2026-01-30 09:54:27,2026-08-12 11:09:24
210,Oloid Platform - Enterprise Features,Accounts and Settings,e4gi378c,10660395,Tenant Admin Portal - How to Enable Read-only Mode for Tenant Admin,https://oloid.help/en/articles/10660395-tenant-admin-portal-how-to-enable-read-only-mode-for-tenant-admin,published,2025-02-27 07:16:15,2026-08-12 10:49:47
211,Oloid Platform - Enterprise Features,Advanced User Sync,e4gi378c,13718491,How to Create Advanced User Sync for ADP Vantage HCM - Inbound in the Tenant Admin Portal,https://oloid.help/en/articles/13718491-how-to-create-advanced-user-sync-for-adp-vantage-hcm-inbound-in-the-tenant-admin-portal,published,2026-02-12 17:49:05,2026-02-26 06:11:48
212,Oloid Platform - Enterprise Features,Duo SSO Setup,e4gi378c,12094207,Oloid User Portal - How to Log in to Oloid User Portal using Duo SSO,https://oloid.help/en/articles/12094207-oloid-user-portal-how-to-log-in-to-oloid-user-portal-using-duo-sso,published,2025-08-27 02:58:33,2026-08-11 11:08:32
213,Oloid Platform - Enterprise Features,Accounts and Settings,e4gi378c,9799715,Tenant Admin Portal - How to Configure Supervisor Privilege,https://oloid.help/en/articles/9799715-tenant-admin-portal-how-to-configure-supervisor-privilege,published,2024-08-29 11:33:35,2026-08-11 11:04:28
214,Oloid Platform - Enterprise Features,Accounts and Settings,e4gi378c,8237885,Tenant Admin Portal - How to Remove User from Tenant Admin Role,https://oloid.help/en/articles/8237885-tenant-admin-portal-how-to-remove-user-from-tenant-admin-role,published,2023-08-10 09:31:05,2026-08-11 10:44:21
215,Oloid Platform - Enterprise Features,Accounts and Settings,e4gi378c,8237046,Tenant Admin Portal - How to Send a Password Reset Link to a Tenant Admin,https://oloid.help/en/articles/8237046-tenant-admin-portal-how-to-send-a-password-reset-link-to-a-tenant-admin,published,2023-08-10 06:11:59,2026-08-11 10:24:45
216,Oloid Platform - Enterprise Features,Auth0 SSO Setup,e4gi378c,11098861,How to configure Auth0 SSO in Oloid Portal,https://oloid.help/en/articles/11098861-how-to-configure-auth0-sso-in-oloid-portal,published,2025-04-17 08:47:13,2026-08-11 09:13:30
217,Oloid Platform - Enterprise Features,Duo SSO Setup,e4gi378c,12086393,Tenant Admin Portal - How to Configure Duo SSO,https://oloid.help/en/articles/12086393-tenant-admin-portal-how-to-configure-duo-sso,published,2025-08-26 05:36:13,2026-08-11 09:12:29
223,Oloid Platform - Enterprise Features,Accounts and Settings,e4gi378c,10441578,Windows Login - How to generate Auto-Pair config file for Windows Login in Tenant Admin Portal,https://oloid.help/en/articles/10441578-windows-login-how-to-generate-auto-pair-config-file-for-windows-login-in-tenant-admin-portal,published,2025-01-22 09:41:45,2026-08-11 07:32:45
232,Oloid Platform - Enterprise Features,Okta SSO Setup,e4gi378c,9531562,Oloid User Portal - How to log in Oloid User Portal with Okta SSO,https://oloid.help/en/articles/9531562-oloid-user-portal-how-to-log-in-oloid-user-portal-with-okta-sso,published,2024-06-27 09:15:04,2026-08-10 10:19:57
233,Oloid Platform - Enterprise Features,Auth0 SSO Setup,e4gi378c,11122318,Oloid User Portal - How to log in to Oloid User Portal using Auth0 SSO,https://oloid.help/en/articles/11122318-oloid-user-portal-how-to-log-in-to-oloid-user-portal-using-auth0-sso,published,2025-04-22 10:47:45,2026-08-10 10:17:34
239,Oloid Platform - Enterprise Features,Create and Manage Connections,e4gi378c,8947717,Tenant Admin Portal - How to Configure Connection Groups,https://oloid.help/en/articles/8947717-tenant-admin-portal-how-to-configure-connection-groups,published,2024-02-14 08:02:35,2026-08-10 09:35:57
246,Oloid Platform - Enterprise Features,Auth0 SSO Setup,e4gi378c,11103554,Auth0 Settings for Oloid SSO,https://oloid.help/en/articles/11103554-auth0-settings-for-oloid-sso,published,2025-04-18 02:59:32,2026-08-10 05:57:16
247,Oloid Platform - Enterprise Features,Create and Manage IDP Provider,e4gi378c,12808717,Tenant Admin Portal - How to Create IDP Profile for Security Assertion Markup Language (SAML),https://oloid.help/en/articles/12808717-tenant-admin-portal-how-to-create-idp-profile-for-security-assertion-markup-language-saml,published,2025-11-11 09:46:14,2026-08-10 04:45:28
248,Oloid Platform - Enterprise Features,Create and Manage Endpoints,e4gi378c,8217339,Tenant Admin Portal - How to Create Endpoint Template,https://oloid.help/en/articles/8217339-tenant-admin-portal-how-to-create-endpoint-template,published,2023-08-04 05:15:26,2026-08-07 10:29:35
253,Oloid Platform - Enterprise Features,Create and Manage Connections,e4gi378c,8305588,Tenant Admin Portal - How to Configure a Connection in the Tenant Admin Portal,https://oloid.help/en/articles/8305588-tenant-admin-portal-how-to-configure-a-connection-in-the-tenant-admin-portal,published,2023-08-29 11:42:01,2026-08-07 07:11:49
254,Oloid Platform - Enterprise Features,Getting Started,e4gi378c,8727486,Tenant Admin Portal - How to Log in to Tenant Admin Portal with Google SSO,https://oloid.help/en/articles/8727486-tenant-admin-portal-how-to-log-in-to-tenant-admin-portal-with-google-sso,published,2023-12-20 10:59:13,2026-08-06 10:28:07
255,Oloid Platform - Enterprise Features,Azure SSO Setup,e4gi378c,9531151,Oloid User Portal - How to Log in to Oloid User Portal with Microsoft SSO,https://oloid.help/en/articles/9531151-oloid-user-portal-how-to-log-in-to-oloid-user-portal-with-microsoft-sso,published,2024-06-27 07:00:21,2026-08-06 10:09:44
260,Oloid Platform - Enterprise Features,Credential Management - Video Tutorials,e4gi378c,16214305,Tenant Admin Portal - How to generate Personal Passkey - Video Tutorial,https://oloid.help/en/articles/16214305-tenant-admin-portal-how-to-generate-personal-passkey-video-tutorial,published,2026-08-05 11:33:54,2026-08-05 11:35:01
265,Oloid Platform - Enterprise Features,Create and Manage IDP Provider,e4gi378c,13373994,Tenant Admin Portal - How to Configure IDP Profile for OIDC-Entra ID,https://oloid.help/en/articles/13373994-tenant-admin-portal-how-to-configure-idp-profile-for-oidc-entra-id,published,2026-01-13 03:22:10,2026-08-05 09:58:28
266,Oloid Platform - Enterprise Features,Create and Manage IDP Provider,e4gi378c,10826464,Tenant Admin Portal - How to Configure OIDC - PingOne IDP Profile,https://oloid.help/en/articles/10826464-tenant-admin-portal-how-to-configure-oidc-pingone-idp-profile,published,2025-03-18 15:41:56,2026-08-05 09:58:15
268,Oloid Platform - Enterprise Features,Create and Manage IDP Provider,e4gi378c,10822772,Tenant Admin Portal - How to Create IDP Profile for OIDC-PingOne,https://oloid.help/en/articles/10822772-tenant-admin-portal-how-to-create-idp-profile-for-oidc-pingone,published,2025-03-18 11:25:20,2026-08-05 09:44:48
269,Oloid Platform - Enterprise Features,Create and Manage IDP Provider,e4gi378c,13349621,Tenant Admin Portal - How to Create IDP Profile for OIDC-Entra ID,https://oloid.help/en/articles/13349621-tenant-admin-portal-how-to-create-idp-profile-for-oidc-entra-id,published,2026-01-09 10:55:46,2026-08-05 09:44:35
273,Oloid Platform - Enterprise Features,Create and Manage Connections,e4gi378c,8488406,Tenant Admin Portal - How to Enable OloID Account for a Connection,https://oloid.help/en/articles/8488406-tenant-admin-portal-how-to-enable-oloid-account-for-a-connection,published,2023-10-18 03:16:30,2026-08-05 08:15:13
274,Oloid Platform - Enterprise Features,Create and Manage Connections,e4gi378c,11686694,Tenant Admin Portal - How to Create Personal Computer/Smart Card (PC/SC) Badge Input enabled Connections,https://oloid.help/en/articles/11686694-tenant-admin-portal-how-to-create-personal-computer-smart-card-pc-sc-badge-input-enabled-connections,published,2025-07-01 09:59:39,2026-08-05 08:08:03
276,Oloid Platform - Enterprise Features,Create and Manage Connections,e4gi378c,8294297,Tenant Admin Portal - How to Create Connection,https://oloid.help/en/articles/8294297-tenant-admin-portal-how-to-create-connection,published,2023-08-25 09:00:49,2026-08-05 08:01:43
277,Oloid Platform - Enterprise Features,Create and Manage Applications,e4gi378c,8300397,How to Create and Configure Application Type – Generic,https://oloid.help/en/articles/8300397-how-to-create-and-configure-application-type-generic,published,2023-08-28 10:33:06,2026-08-05 06:45:18
278,Oloid Platform - Enterprise Features,Create and Manage Applications,e4gi378c,8300330,How to Create and Configure Application Type - Passwordless,https://oloid.help/en/articles/8300330-how-to-create-and-configure-application-type-passwordless,published,2023-08-28 09:57:42,2026-08-05 06:33:54
281,Oloid Platform - Enterprise Features,Create and Manage Endpoints,e4gi378c,8410896,Oloid Connect - How to configure Web Button,https://oloid.help/en/articles/8410896-oloid-connect-how-to-configure-web-button,published,2023-09-25 17:36:28,2026-01-09 04:22:02
282,Oloid Platform - Enterprise Features,Create and Manage Endpoints,e4gi378c,8315188,Tenant Admin Portal - How to Add an Endpoint to a Group,https://oloid.help/en/articles/8315188-tenant-admin-portal-how-to-add-an-endpoint-to-a-group,published,2023-08-31 07:22:50,2026-08-04 10:35:05
283,Oloid Platform - Enterprise Features,Create and Manage Shared Passwords - Video Tutorials,e4gi378c,16198166,Tenant Admin Portal - How to configure Windows Shared Passwords - Video Tutorial,https://oloid.help/en/articles/16198166-tenant-admin-portal-how-to-configure-windows-shared-passwords-video-tutorial,published,2026-08-04 10:23:15,2026-08-04 10:34:21
285,Oloid Platform - Enterprise Features,Create and Manage Endpoints,e4gi378c,8263138,Tenant Admin Portal - How to create a CloudKey endpoint,https://oloid.help/en/articles/8263138-tenant-admin-portal-how-to-create-a-cloudkey-endpoint,published,2023-08-16 09:08:17,2026-08-04 07:51:27
286,Oloid Platform - Enterprise Features,Create and Manage IDP Provider,e4gi378c,9214537,Tenant Admin Portal - How to Create an OIDC-Okta IDP Profile,https://oloid.help/en/articles/9214537-tenant-admin-portal-how-to-create-an-oidc-okta-idp-profile,published,2024-04-18 05:31:02,2026-08-04 07:00:03
290,Oloid Platform - Enterprise Features,Create and Manage Endpoints,e4gi378c,8463479,Tenant Admin Portal - How to Add a Group to an Endpoint,https://oloid.help/en/articles/8463479-tenant-admin-portal-how-to-add-a-group-to-an-endpoint,published,2023-10-11 09:46:16,2026-08-04 06:31:00
294,Oloid Platform - Enterprise Features,Create and Manage Shared Credentials,e4gi378c,8906511,Windows Login - How to enable Preferred Machine Users in Shared Credentials,https://oloid.help/en/articles/8906511-windows-login-how-to-enable-preferred-machine-users-in-shared-credentials,published,2024-02-05 06:26:24,2026-08-03 06:40:23
298,Oloid Platform - Enterprise Features,Advanced User Sync,e4gi378c,13569620,Tenant Admin Portal - How to Configure Advanced User Sync for Workday - Inbound,https://oloid.help/en/articles/13569620-tenant-admin-portal-how-to-configure-advanced-user-sync-for-workday-inbound,published,2026-01-30 08:01:04,2026-07-31 09:09:47
306,Oloid Platform - Enterprise Features,Create and Manage Applications,e4gi378c,8294483,Tenant Admin Portal - How to Create an Application,https://oloid.help/en/articles/8294483-tenant-admin-portal-how-to-create-an-application,published,2023-08-25 10:29:58,2026-07-29 09:36:06
310,Oloid Platform - Enterprise Features,Advanced User Sync,e4gi378c,13607433,How to Configure Advanced User Sync in Microsoft Entra ID Admin Console,https://oloid.help/en/articles/13607433-how-to-configure-advanced-user-sync-in-microsoft-entra-id-admin-console,published,2026-02-03 03:53:08,2026-07-29 04:50:13
313,Oloid Platform - Enterprise Features,Accounts and Settings,e4gi378c,9969120,Oloid User Portal - How to Configure Oloid User Portal in Tenant Admin Portal,https://oloid.help/en/articles/9969120-oloid-user-portal-how-to-configure-oloid-user-portal-in-tenant-admin-portal,published,2024-10-08 07:29:31,2026-07-28 10:34:23
317,Oloid Platform - Enterprise Features,Create and Manage IDP Provider,e4gi378c,10299916,Integrating Oloid as an External Method Authentication (EAM) with Microsoft Entra ID,https://oloid.help/en/articles/10299916-integrating-oloid-as-an-external-method-authentication-eam-with-microsoft-entra-id,published,2024-12-18 07:55:57,2026-07-23 06:10:36
318,Oloid Platform - Enterprise Features,Create and Manage IDP Provider,e4gi378c,9822466,Oloid Configuration Guide for Okta System for Cross-domain Identity Management (SCIM) Client,https://oloid.help/en/articles/9822466-oloid-configuration-guide-for-okta-system-for-cross-domain-identity-management-scim-client,published,2024-09-04 07:51:34,2026-02-04 04:39:24
319,Oloid Platform - Enterprise Features,Create and Manage Endpoints,e4gi378c,8472410,How to configure endpoint template for Oloid Verify/Connect App,,draft,2023-10-13 03:57:01,2026-07-24 05:35:32
320,Oloid Platform - Enterprise Features,Create and Manage Shared Passwords - Video Tutorials,e4gi378c,16034893,Tenant admin portal - How to add password owners for a vault shared password - Video Tutorial,https://oloid.help/en/articles/16034893-tenant-admin-portal-how-to-add-password-owners-for-a-vault-shared-password-video-tutorial,published,2026-07-22 10:39:03,2026-07-22 10:41:20
321,Oloid Platform - Enterprise Features,Accounts and Settings - Video Tutorials,e4gi378c,16034706,Tenant Admin Portal - How to activate and send wallet pass to user - Video Tutorial,https://oloid.help/en/articles/16034706-tenant-admin-portal-how-to-activate-and-send-wallet-pass-to-user-video-tutorial,published,2026-07-22 10:17:32,2026-07-22 10:20:18
322,Oloid Platform - Enterprise Features,Create and Manage Connections - Video Tutorials,e4gi378c,16034473,Tenant Admin Portal - How to Enable OloID Account for a Connection - Video Tutorial,https://oloid.help/en/articles/16034473-tenant-admin-portal-how-to-enable-oloid-account-for-a-connection-video-tutorial,published,2026-07-22 09:54:28,2026-07-22 10:04:44
324,Oloid Platform - Enterprise Features,Create and Manage Groups - Video Tutorials,e4gi378c,16033886,Tenant Admin Portal - How to Configure Group - Video Tutorial,https://oloid.help/en/articles/16033886-tenant-admin-portal-how-to-configure-group-video-tutorial,published,2026-07-22 08:46:00,2026-07-22 08:51:31
325,Oloid Platform - Enterprise Features,Create and Manage Shared Passwords - Video Tutorials,e4gi378c,16033781,How to configure vault shared passwords in the Tenant Admin Portal - Video Tutorial,https://oloid.help/en/articles/16033781-how-to-configure-vault-shared-passwords-in-the-tenant-admin-portal-video-tutorial,published,2026-07-22 08:23:11,2026-07-22 08:27:05
326,Oloid Platform - Enterprise Features,Create and Manage Applications - Video Tutorials,e4gi378c,16033498,Tenant Admin portal - Geo Location Overview,https://oloid.help/en/articles/16033498-tenant-admin-portal-geo-location-overview,published,2026-07-22 07:25:03,2026-07-22 07:28:23
327,Oloid Platform - Enterprise Features,Accounts and Settings - Video Tutorials,e4gi378c,16033463,Tenant Admin portal - Login options and configurations,https://oloid.help/en/articles/16033463-tenant-admin-portal-login-options-and-configurations,published,2026-07-22 07:17:49,2026-07-22 07:20:06
332,Oloid Platform - Enterprise Features,Advanced User Sync,e4gi378c,13598396,How to Configure Advanced User Sync for Entra ID - Inbound in the Tenant Admin Portal,https://oloid.help/en/articles/13598396-how-to-configure-advanced-user-sync-for-entra-id-inbound-in-the-tenant-admin-portal,published,2026-02-02 09:14:27,2026-07-21 08:29:05
333,Oloid Platform - Enterprise Features,System for Cross-Domain Identity Management (SCIM) - Configuration Guide,e4gi378c,12740850,Tenant Admin Portal - How to Configure System for Cross-Domain Identity Management (SCIM),https://oloid.help/en/articles/12740850-tenant-admin-portal-how-to-configure-system-for-cross-domain-identity-management-scim,published,2025-11-04 05:31:20,2026-07-21 04:33:22
335,Oloid Platform - Enterprise Features,Accounts and Settings - Video Tutorials,e4gi378c,15957250,Tenant Admin portal - User Credentials Overview - Video Tutorial,https://oloid.help/en/articles/15957250-tenant-admin-portal-user-credentials-overview-video-tutorial,published,2026-07-16 10:34:32,2026-07-16 10:39:24
336,Oloid Platform - Enterprise Features,Accounts and Settings - Video Tutorials,e4gi378c,15957203,Tenant Admin Portal - How to configure Security tab within tenant settings - Video Tutorial,https://oloid.help/en/articles/15957203-tenant-admin-portal-how-to-configure-security-tab-within-tenant-settings-video-tutorial,published,2026-07-16 10:25:49,2026-07-16 10:29:53
337,Oloid Platform - Enterprise Features,Accounts and Settings - Video Tutorials,e4gi378c,15956936,Tenant Admin Portal - How to access Oloid apps - Video Tutorial,https://oloid.help/en/articles/15956936-tenant-admin-portal-how-to-access-oloid-apps-video-tutorial,published,2026-07-16 09:46:00,2026-07-16 10:01:58
338,Oloid Platform - Enterprise Features,Accounts and Settings - Video Tutorials,e4gi378c,15955969,Tenant Admin Portal - How to configure tenant details - Video Tutorial,https://oloid.help/en/articles/15955969-tenant-admin-portal-how-to-configure-tenant-details-video-tutorial,published,2026-07-16 07:55:52,2026-07-16 08:10:13
350,Oloid Platform - Enterprise Features,Create and Manage Users - Video Tutorials,e4gi378c,8154386,How to create a User in the Tenant Admin Portal - Video Tutorial,https://oloid.help/en/articles/8154386-how-to-create-a-user-in-the-tenant-admin-portal-video-tutorial,published,2023-07-20 10:12:38,2026-07-08 10:24:05
351,Oloid Platform - Enterprise Features,Create and Manage Users,e4gi378c,12889955,Tenant Admin Portal - How to View and Edit Vault Passkey (FIDO2 certificate),https://oloid.help/en/articles/12889955-tenant-admin-portal-how-to-view-and-edit-vault-passkey-fido2-certificate,published,2025-11-20 09:45:44,2026-07-08 09:21:02
386,Oloid Platform - Enterprise Features,OKTA MFA - User Guide,e4gi378c,13374332,Windows Login - How to Login to Windows Device using NFC/ID and OKTA,https://oloid.help/en/articles/13374332-windows-login-how-to-login-to-windows-device-using-nfc-id-and-okta,published,2026-01-13 05:23:41,2026-06-29 09:17:44
387,Oloid Platform - Enterprise Features,PingOne MFA - User Guide,e4gi378c,13525939,Windows Login - How to Login to Windows Device using NFC/ID and PingOne,https://oloid.help/en/articles/13525939-windows-login-how-to-login-to-windows-device-using-nfc-id-and-pingone,published,2026-01-27 06:59:50,2026-06-29 09:17:25
397,Oloid Platform - Enterprise Features,Create and Manage Shared Credentials,e4gi378c,14750432,How to Send PIN to User via email in the Tenant Admin Portal,https://oloid.help/en/articles/14750432-how-to-send-pin-to-user-via-email-in-the-tenant-admin-portal,published,2026-04-24 04:40:41,2026-06-29 08:54:18
402,Oloid Platform - Enterprise Features,PingOne MFA - Configuration Guides,e4gi378c,12888354,Windows Login - How to Enable PingOne Multi Factor Authentication (MFA) for Windows Login in the Tenant Admin Portal,https://oloid.help/en/articles/12888354-windows-login-how-to-enable-pingone-multi-factor-authentication-mfa-for-windows-login-in-the-tenant-admin-portal,published,2025-11-20 03:39:48,2026-06-29 08:48:53
405,Oloid Platform - Enterprise Features,OKTA MFA - Configuration Guides,e4gi378c,12888385,Windows Login - How to Enable OKTA Multi-Factor Authentication (MFA) Credential for Windows Login in the Tenant Admin Portal,https://oloid.help/en/articles/12888385-windows-login-how-to-enable-okta-multi-factor-authentication-mfa-credential-for-windows-login-in-the-tenant-admin-portal,published,2025-11-20 03:49:56,2026-06-29 08:46:05
448,Oloid Platform - Enterprise Features,Create and Manage Applications,e4gi378c,8693859,Webkey – How to Create and Configure a Webkey Application in Tenant Admin Portal,https://oloid.help/en/articles/8693859-webkey-how-to-create-and-configure-a-webkey-application-in-tenant-admin-portal,published,2023-12-11 10:13:42,2026-06-17 09:06:47
484,Oloid Platform - Enterprise Features,Create and Manage Shared Passwords - Video Tutorials,e4gi378c,15432223,How to assign Vault Shared Password to users in the Tenant Admin Portal - Video Tutorial,https://oloid.help/en/articles/15432223-how-to-assign-vault-shared-password-to-users-in-the-tenant-admin-portal-video-tutorial,published,2026-06-09 09:55:23,2026-06-09 10:04:08
492,Oloid Platform - Enterprise Features,Create and Manage Shared Passwords - Video Tutorials,e4gi378c,15393243,How to add a Group to Vault Shared Passwords in the Tenant Admin Portal - Video Tutorial,https://oloid.help/en/articles/15393243-how-to-add-a-group-to-vault-shared-passwords-in-the-tenant-admin-portal-video-tutorial,published,2026-06-05 10:54:12,2026-06-05 11:11:03
496,Oloid Platform - Enterprise Features,Create and Manage Users - Video Tutorials,e4gi378c,11501378,How to add PIN as credential to users in the Tenant Admin Portal - Video Tutorial,https://oloid.help/en/articles/11501378-how-to-add-pin-as-credential-to-users-in-the-tenant-admin-portal-video-tutorial,published,2025-06-03 05:35:25,2026-06-05 06:58:18
513,Oloid Platform - Enterprise Features,Create and Manage Consent Documents,e4gi378c,13407101,How to Change Consent Template of a Connection,https://oloid.help/en/articles/13407101-how-to-change-consent-template-of-a-connection,published,2026-01-16 10:23:48,2026-06-01 05:33:59
515,Oloid Platform - Enterprise Features,Create and Manage Users - Video Tutorials,e4gi378c,8249060,How to add bluetooth as credential to users - Video Tutorial,,draft,2023-08-11 11:33:25,2026-05-29 05:16:26
517,Oloid Platform - Enterprise Features,Create and Manage Connections,e4gi378c,8730917,How to create Bluetooth credential for Users in a connections in the Tenant Admin Portal,,draft,2023-12-21 09:43:42,2026-05-29 05:15:00
518,Oloid Platform - Enterprise Features,Create and Manage Users,e4gi378c,8290168,How to assign Badge ID and create Bluetooth credentials,,draft,2023-08-24 06:27:27,2026-05-29 05:14:07
522,Oloid Platform - Enterprise Features,Create and Manage Endpoints,e4gi378c,8778331,How to download endpoint config file for Windows Login,,draft,2024-01-05 09:29:06,2026-05-28 10:02:21
523,Oloid Platform - Enterprise Features,Create and Manage Shared Credentials,e4gi378c,8543917,Tenant Admin Portal - How to associate users with Window Shared credentials in the Tenant Admin Portal,https://oloid.help/en/articles/8543917-tenant-admin-portal-how-to-associate-users-with-window-shared-credentials-in-the-tenant-admin-portal,published,2023-11-02 05:49:45,2026-05-28 09:37:42
538,Oloid Platform - Enterprise Features,Create and Manage Groups,e4gi378c,8311585,Tenant Admin Portal - How to Configure Group,https://oloid.help/en/articles/8311585-tenant-admin-portal-how-to-configure-group,published,2023-08-30 10:12:14,2026-05-22 05:32:21
539,Oloid Platform - Enterprise Features,Create and Manage Shared Credentials,e4gi378c,15053580,How to assign Vault Shared Password to Users in the Tenant Admin Portal,https://oloid.help/en/articles/15053580-how-to-assign-vault-shared-password-to-users-in-the-tenant-admin-portal,published,2026-05-11 09:09:27,2026-05-22 04:56:51
540,Oloid Platform - Enterprise Features,Create and Manage Shared Credentials,e4gi378c,15053887,How to Add a Group to Vault Shared Passwords in the Tenant Admin Portal,https://oloid.help/en/articles/15053887-how-to-add-a-group-to-vault-shared-passwords-in-the-tenant-admin-portal,published,2026-05-11 10:00:52,2026-05-22 04:52:11
541,Oloid Platform - Enterprise Features,Create and Manage Shared Credentials,e4gi378c,15053825,How to add password owners for Vault Shared password in the Tenant Admin Portal,https://oloid.help/en/articles/15053825-how-to-add-password-owners-for-vault-shared-password-in-the-tenant-admin-portal,published,2026-05-11 09:48:33,2026-05-22 04:49:49
542,Oloid Platform - Enterprise Features,Create and Manage Shared Credentials,e4gi378c,15053473,How to Configure Vault Shared Passwords in the Tenant Admin Portal,https://oloid.help/en/articles/15053473-how-to-configure-vault-shared-passwords-in-the-tenant-admin-portal,published,2026-05-11 08:55:00,2026-05-22 04:44:28
543,Oloid Platform - Enterprise Features,Create and Manage Endpoints,e4gi378c,8320322,How to add an endpoint for Oloid Verify/Connect in Oloid Platform,,draft,2023-09-01 07:50:41,2026-05-22 04:18:53
548,Oloid Platform - Enterprise Features,Create and Manage Users,e4gi378c,8290028,How to add Bluetooth as credential to users,,draft,2023-08-24 04:39:12,2026-05-20 12:26:14
557,Oloid Platform - Enterprise Features,Getting Started,e4gi378c,15128271,Platform Portal and User Portal – Network URL Whitelisting Requirements for Preview/UAT Environment,https://oloid.help/en/articles/15128271-platform-portal-and-user-portal-network-url-whitelisting-requirements-for-preview-uat-environment,published,2026-05-15 06:50:28,2026-05-18 05:24:34
558,Oloid Platform - Enterprise Features,Getting Started,e4gi378c,15128135,Platform Portal and User Portal – Network URL Whitelisting Requirements for PROD (EU) Environment,https://oloid.help/en/articles/15128135-platform-portal-and-user-portal-network-url-whitelisting-requirements-for-prod-eu-environment,published,2026-05-15 06:35:43,2026-05-18 05:24:07
559,Oloid Platform - Enterprise Features,Getting Started,e4gi378c,15128788,Platform Portal and User Portal – Network URL Whitelisting Requirements for PROD (US) Environment,https://oloid.help/en/articles/15128788-platform-portal-and-user-portal-network-url-whitelisting-requirements-for-prod-us-environment,published,2026-05-15 08:11:34,2026-05-18 05:23:45
562,Oloid Platform - Enterprise Features,Advanced User Sync,e4gi378c,14468948,How to Create Advanced User Sync for ADP ETime Inbound in the Tenant Admin Portal,https://oloid.help/en/articles/14468948-how-to-create-advanced-user-sync-for-adp-etime-inbound-in-the-tenant-admin-portal,published,2026-04-07 08:01:36,2026-04-29 04:21:54
563,Oloid Platform - Enterprise Features,Data Tables,e4gi378c,14468403,How to Configure Data Mapper Table for ADP ETime Inbound in the Tenant Admin Portal,https://oloid.help/en/articles/14468403-how-to-configure-data-mapper-table-for-adp-etime-inbound-in-the-tenant-admin-portal,published,2026-04-07 05:59:16,2026-04-29 04:25:25
564,Oloid Platform - Enterprise Features,Data Tables,e4gi378c,14468332,How to Create Data Mapper Table for ADP ETime Inbound in the Tenant Admin Portal,https://oloid.help/en/articles/14468332-how-to-create-data-mapper-table-for-adp-etime-inbound-in-the-tenant-admin-portal,published,2026-04-07 05:37:33,2026-04-07 05:59:01
597,Oloid Platform - Enterprise Features,Create and Manage Shared Credentials,e4gi378c,13714002,Tenant Admin Portal - How to Import Bulk Passwords,https://oloid.help/en/articles/13714002-tenant-admin-portal-how-to-import-bulk-passwords,published,2026-02-12 09:27:17,2026-05-13 08:34:51
600,Oloid Platform - Enterprise Features,Workday SSO Setup,e4gi378c,14884360,Configuring Security Assertion Markup Language (SAML) SSO with Workday and Oloid,https://oloid.help/en/articles/14884360-configuring-security-assertion-markup-language-saml-sso-with-workday-and-oloid,published,2026-05-04 05:58:51,2026-05-12 09:00:39
601,Oloid Platform - Enterprise Features,Workday SSO Setup,e4gi378c,15030169,How to Log in to Workday with Assigned Credentials,https://oloid.help/en/articles/15030169-how-to-log-in-to-workday-with-assigned-credentials,published,2026-05-08 11:01:11,2026-05-12 07:23:54
602,Oloid Platform - Enterprise Features,Create and Manage Shared Credentials,e4gi378c,14430451,How to Configure Windows Shared Passwords in the Tenant Admin Portal,https://oloid.help/en/articles/14430451-how-to-configure-windows-shared-passwords-in-the-tenant-admin-portal,published,2026-04-02 08:03:18,2026-05-11 09:00:54
612,Oloid Platform - Enterprise Features,Create and Manage Consent Documents - Video Tutorials,e4gi378c,14838288,How to create and configure Language Version for Consent Template - Video Tutorial,https://oloid.help/en/articles/14838288-how-to-create-and-configure-language-version-for-consent-template-video-tutorial,published,2026-04-30 10:59:11,2026-04-30 11:04:03
614,Oloid Platform - Enterprise Features,Create and Manage Shared Passwords - Video Tutorials,e4gi378c,12115897,How to add password owners - Video Tutorial,https://oloid.help/en/articles/12115897-how-to-add-password-owners-video-tutorial,published,2025-08-29 10:30:51,2026-04-29 08:35:18
620,Oloid Platform - Enterprise Features,Create and Manage Reports,e4gi378c,8455213,How to configure a scheduled Transaction Report,https://oloid.help/en/articles/8455213-how-to-configure-a-scheduled-transaction-report,published,2023-10-09 07:54:24,2026-04-28 08:56:01
627,Oloid Platform - Enterprise Features,Manage Agents - Video Tutorials,e4gi378c,14720307,How to create Advanced User Sync for ADP Vantage HCM - Inbound in the Tenant Admin Portal - Video Tutorial,https://oloid.help/en/articles/14720307-how-to-create-advanced-user-sync-for-adp-vantage-hcm-inbound-in-the-tenant-admin-portal-video-tutorial,published,2026-04-22 11:09:42,2026-04-22 11:17:29
630,Oloid Platform - Enterprise Features,Azure SSO Setup,e4gi378c,14663355,Tenant Admin Portal - How to Enable Entra ID SSO,https://oloid.help/en/articles/14663355-tenant-admin-portal-how-to-enable-entra-id-sso,published,2026-04-17 04:34:38,2026-04-20 12:46:22
637,Oloid Platform - Enterprise Features,Create and Manage Users - Video Tutorials,e4gi378c,14666203,How to assign Temporary Badge to a user in the Tenant Admin Portal - Video Tutorial,https://oloid.help/en/articles/14666203-how-to-assign-temporary-badge-to-a-user-in-the-tenant-admin-portal-video-tutorial,published,2026-04-17 11:12:39,2026-04-17 11:19:45
639,Oloid Platform - Enterprise Features,Accounts and Settings - Video Tutorials,e4gi378c,14653923,How to enable Temporary Badge in the Tenant Admin Portal - Video Tutorial,https://oloid.help/en/articles/14653923-how-to-enable-temporary-badge-in-the-tenant-admin-portal-video-tutorial,published,2026-04-16 10:38:31,2026-04-16 10:43:55
641,Oloid Platform - Enterprise Features,Create and Manage Users - Video Tutorials,e4gi378c,13726099,How to import faces for HR Picture Verification in the Tenant Admin Portal - Video Tutorial,https://oloid.help/en/articles/13726099-how-to-import-faces-for-hr-picture-verification-in-the-tenant-admin-portal-video-tutorial,published,2026-02-13 10:01:51,2026-04-16 07:01:53
643,Oloid Platform - Enterprise Features,Create and Manage Users - Video Tutorials,e4gi378c,14638690,How to lock PIN credential for a user in the Tenant Admin Portal - Video Tutorial,https://oloid.help/en/articles/14638690-how-to-lock-pin-credential-for-a-user-in-the-tenant-admin-portal-video-tutorial,published,2026-04-15 11:50:19,2026-04-15 12:02:24
644,Oloid Platform - Enterprise Features,Accounts and Settings - Video Tutorials,e4gi378c,12065595,How to configure PIN settings in the Tenant Admin Portal - Video Tutorial,https://oloid.help/en/articles/12065595-how-to-configure-pin-settings-in-the-tenant-admin-portal-video-tutorial,published,2025-08-22 06:43:32,2026-04-15 11:49:41
651,Oloid Platform - Enterprise Features,Create and Manage Shared Credentials,e4gi378c,8544435,How to add password owners for Windows Shared password in the Tenant Admin Portal,https://oloid.help/en/articles/8544435-how-to-add-password-owners-for-windows-shared-password-in-the-tenant-admin-portal,published,2023-11-02 09:39:52,2026-04-08 11:24:47
656,Oloid Platform - Enterprise Features,Create and Manage Shared Credentials,e4gi378c,8472794,How to create shared Password for Windows login application in the Tenant Admin Portal,https://oloid.help/en/articles/8472794-how-to-create-shared-password-for-windows-login-application-in-the-tenant-admin-portal,published,2023-10-13 05:53:17,2026-04-02 09:08:59
664,Oloid Platform - Enterprise Features,Accounts and Settings,e4gi378c,10673538,How to view Activity Log in Tenant Admin Portal,https://oloid.help/en/articles/10673538-how-to-view-activity-log-in-tenant-admin-portal,published,2025-02-28 06:41:54,2026-04-01 08:22:26
670,Oloid Platform - Enterprise Features,Create and Manage Users,e4gi378c,8185203,Tenant Admin Portal – How to Add Users in Bulk,https://oloid.help/en/articles/8185203-tenant-admin-portal-how-to-add-users-in-bulk,published,2023-07-28 09:22:53,2026-03-27 12:14:33
671,Oloid Platform - Enterprise Features,Create and Manage Users,e4gi378c,10650742,Tenant Admin Portal – How to Prepare User Upload Template,https://oloid.help/en/articles/10650742-tenant-admin-portal-how-to-prepare-user-upload-template,published,2025-02-26 09:36:13,2026-03-27 12:14:29
686,Oloid Platform - Enterprise Features,Create and Manage Endpoints,e4gi378c,8555476,How to add Windows Login endpoint,,draft,2023-11-06 06:23:34,2026-03-24 06:50:05
688,Oloid Platform - Enterprise Features,Okta SSO Setup,e4gi378c,14115546,Add a Custom Login with OLOID Button Using Okta Federation,https://oloid.help/en/articles/14115546-add-a-custom-login-with-oloid-button-using-okta-federation,published,2026-03-18 20:12:07,2026-03-18 20:30:50
693,Oloid Platform - Enterprise Features,Create and Manage Users,e4gi378c,14014193,Tenant Admin Portal - How to Lock PIN Credential for a User,https://oloid.help/en/articles/14014193-tenant-admin-portal-how-to-lock-pin-credential-for-a-user,published,2026-03-10 05:27:22,2026-03-13 14:17:03
701,Oloid Platform - Enterprise Features,Create and Manage Users,e4gi378c,13524609,How to Import Faces for HR Picture Verification,https://oloid.help/en/articles/13524609-how-to-import-faces-for-hr-picture-verification,published,2026-01-27 06:03:52,2026-03-11 10:11:05
704,Oloid Platform - Enterprise Features,Create and Manage Users,e4gi378c,9929285,How to send invite to add Password to a user,https://oloid.help/en/articles/9929285-how-to-send-invite-to-add-password-to-a-user,published,2024-09-27 08:54:19,2026-03-10 08:14:21
705,Oloid Platform - Enterprise Features,Advanced User Sync,e4gi378c,13843605,How to Configure Advanced User Sync for ADP Vantage HCM - Inbound in the Tenant Admin Portal,https://oloid.help/en/articles/13843605-how-to-configure-advanced-user-sync-for-adp-vantage-hcm-inbound-in-the-tenant-admin-portal,published,2026-02-24 08:57:19,2026-02-27 06:14:21
710,Oloid Platform - Enterprise Features,Create and Manage Users - Video Tutorials,e4gi378c,13972414,How to upload face of a user in the Tenant Admin Portal - Video Tutorial,https://oloid.help/en/articles/13972414-how-to-upload-face-of-a-user-in-the-tenant-admin-portal-video-tutorial,published,2026-03-06 11:27:42,2026-03-06 11:31:47
711,Oloid Platform - Enterprise Features,Create and Manage Users - Video Tutorials,e4gi378c,13960618,How to add face using Capture Face in the Tenant Admin Portal,https://oloid.help/en/articles/13960618-how-to-add-face-using-capture-face-in-the-tenant-admin-portal,published,2026-03-06 07:30:25,2026-03-06 07:39:31
716,Oloid Platform - Enterprise Features,Data Tables,e4gi378c,13718445,How to Configure Data Mapper Table for ADP Enterprise Inbound in the Tenant Admin Portal,https://oloid.help/en/articles/13718445-how-to-configure-data-mapper-table-for-adp-enterprise-inbound-in-the-tenant-admin-portal,published,2026-02-12 17:41:19,2026-02-27 06:00:31
717,Oloid Platform - Enterprise Features,Data Tables,e4gi378c,13598105,How to Configure Data Mapper Table for Entra ID - Inbound in the Tenant Admin Portal,https://oloid.help/en/articles/13598105-how-to-configure-data-mapper-table-for-entra-id-inbound-in-the-tenant-admin-portal,published,2026-02-02 08:34:33,2026-02-27 06:00:04
718,Oloid Platform - Enterprise Features,Data Tables,e4gi378c,13524078,How to Configure Data Mapper Table for Workday - Inbound in the Tenant Admin Portal,https://oloid.help/en/articles/13524078-how-to-configure-data-mapper-table-for-workday-inbound-in-the-tenant-admin-portal,published,2026-01-27 04:29:28,2026-02-27 05:59:31
719,Oloid Platform - Enterprise Features,Data Tables,e4gi378c,13696411,How to Configure Data Mapper Table for OKTA - Inbound in the Tenant Admin Portal,https://oloid.help/en/articles/13696411-how-to-configure-data-mapper-table-for-okta-inbound-in-the-tenant-admin-portal,published,2026-02-11 06:48:54,2026-02-27 05:58:11
720,Oloid Platform - Enterprise Features,Advanced User Sync,e4gi378c,13700588,How to Configure Advanced User Sync for Okta - Inbound in the Tenant Admin Portal,https://oloid.help/en/articles/13700588-how-to-configure-advanced-user-sync-for-okta-inbound-in-the-tenant-admin-portal,published,2026-02-11 09:12:22,2026-02-27 02:49:15
722,Oloid Platform - Enterprise Features,Data Tables,e4gi378c,13718403,How to Create Data Mapper Table for ADP Enterprise Inbound in the Tenant Admin Portal,https://oloid.help/en/articles/13718403-how-to-create-data-mapper-table-for-adp-enterprise-inbound-in-the-tenant-admin-portal,published,2026-02-12 17:36:41,2026-02-24 03:24:32
723,Oloid Platform - Enterprise Features,Data Tables,e4gi378c,13457914,How to Create Data Mapper Table for Workday - Inbound in the Tenant Admin Portal,https://oloid.help/en/articles/13457914-how-to-create-data-mapper-table-for-workday-inbound-in-the-tenant-admin-portal,published,2026-01-22 04:01:19,2026-02-09 11:19:57
724,Oloid Platform - Enterprise Features,Data Tables,e4gi378c,13696298,How to Create Data Mapper Table for OKTA - Inbound in the Tenant Admin Portal,https://oloid.help/en/articles/13696298-how-to-create-data-mapper-table-for-okta-inbound-in-the-tenant-admin-portal,published,2026-02-11 06:17:53,2026-02-19 04:57:15
725,Oloid Platform - Enterprise Features,Advanced User Sync,e4gi378c,13701658,How to Create a Token ID for Advanced User Sync – Okta Inbound in the Okta Admin Console,https://oloid.help/en/articles/13701658-how-to-create-a-token-id-for-advanced-user-sync-okta-inbound-in-the-okta-admin-console,published,2026-02-11 12:49:19,2026-02-16 04:48:07
726,Oloid Platform - Enterprise Features,Advanced User Sync,e4gi378c,13598284,How to Create Advanced User Sync for Entra ID - Inbound in the Tenant Admin Portal,https://oloid.help/en/articles/13598284-how-to-create-advanced-user-sync-for-entra-id-inbound-in-the-tenant-admin-portal,published,2026-02-02 09:06:29,2026-02-05 10:58:41
727,Oloid Platform - Enterprise Features,Advanced User Sync,e4gi378c,13700439,How to Create Advanced User Sync for OKTA - Inbound in the Tenant Admin Portal,https://oloid.help/en/articles/13700439-how-to-create-advanced-user-sync-for-okta-inbound-in-the-tenant-admin-portal,published,2026-02-11 09:03:38,2026-02-16 04:35:45
728,Oloid Platform - Enterprise Features,Advanced User Sync,e4gi378c,13559374,How to Create Advanced User Sync for Workday - Inbound in the Tenant Admin Portal,https://oloid.help/en/articles/13559374-how-to-create-advanced-user-sync-for-workday-inbound-in-the-tenant-admin-portal,published,2026-01-29 10:36:28,2026-02-11 05:24:07
729,Oloid Platform - Enterprise Features,Create and Manage Shared Passwords - Video Tutorials,e4gi378c,13842463,How to import bulk passwords in the Tenant Admin Portal - Video Tutorial,https://oloid.help/en/articles/13842463-how-to-import-bulk-passwords-in-the-tenant-admin-portal-video-tutorial,published,2026-02-24 07:02:57,2026-02-24 07:05:58
730,Oloid Platform - Enterprise Features,Accounts and Settings - Video Tutorials,e4gi378c,13842425,How to view activity log in Tenant Admin Portal - Video Tutorial,https://oloid.help/en/articles/13842425-how-to-view-activity-log-in-tenant-admin-portal-video-tutorial,published,2026-02-24 06:54:20,2026-02-24 06:58:51
731,Oloid Platform - Enterprise Features,Create and Manage Reports - Video Tutorials,e4gi378c,13761392,How to view and download user transactions report in Tenant Admin Portal - Video Tutorial,https://oloid.help/en/articles/13761392-how-to-view-and-download-user-transactions-report-in-tenant-admin-portal-video-tutorial,published,2026-02-18 11:05:58,2026-02-18 11:37:32
738,Oloid Platform - Enterprise Features,Data Tables,e4gi378c,13597715,How to Create Data Mapper Table for Entra ID - Inbound in the Tenant Admin Portal,https://oloid.help/en/articles/13597715-how-to-create-data-mapper-table-for-entra-id-inbound-in-the-tenant-admin-portal,published,2026-02-02 06:58:13,2026-02-09 09:16:33
741,Oloid Platform - Enterprise Features,OKTA MFA - Configuration Guides,e4gi378c,13175430,How to Create Token ID for Windows Login Application in OKTA Admin Console,https://oloid.help/en/articles/13175430-how-to-create-token-id-for-windows-login-application-in-okta-admin-console,published,2025-12-17 06:51:14,2026-02-12 11:11:35
743,Oloid Platform - Enterprise Features,Create and Manage Users - Video Tutorials,e4gi378c,8249095,How to add QR Code as credential to users - Video Tutorial,https://oloid.help/en/articles/8249095-how-to-add-qr-code-as-credential-to-users-video-tutorial,published,2023-08-11 11:35:27,2026-02-12 07:17:06
744,Oloid Platform - Enterprise Features,Create and Manage Consent Documents,e4gi378c,10615483,Oloid Platform - How to Revoke Consent of a User,https://oloid.help/en/articles/10615483-oloid-platform-how-to-revoke-consent-of-a-user,published,2025-02-21 05:59:08,2026-02-11 09:20:24
752,Oloid Platform - Enterprise Features,Oloid Platform - Enterprise Features,e4gi378c,13612387,First-Time Enrollment & Login of OLOID credentials,https://oloid.help/en/articles/13612387-first-time-enrollment-login-of-oloid-credentials,published,2026-02-03 18:58:30,2026-02-03 19:30:57
754,Oloid Platform - Enterprise Features,Insights Dashboard,e4gi378c,13256453,Oloid Platform - Insights Dashboard: Endpoints Report,https://oloid.help/en/articles/13256453-oloid-platform-insights-dashboard-endpoints-report,published,2025-12-30 08:37:18,2026-02-03 10:07:21
755,Oloid Platform - Enterprise Features,Insights Dashboard,e4gi378c,13256388,Oloid Platform - Insights Dashboard: Reports (Users Shared Cred Report),https://oloid.help/en/articles/13256388-oloid-platform-insights-dashboard-reports-users-shared-cred-report,published,2025-12-30 08:17:27,2026-02-03 10:06:04
756,Oloid Platform - Enterprise Features,Insights Dashboard,e4gi378c,13256290,Oloid Platform - Insights Dashboard: Reports (All Users Report),https://oloid.help/en/articles/13256290-oloid-platform-insights-dashboard-reports-all-users-report,published,2025-12-30 07:47:18,2026-02-03 09:57:11
757,Oloid Platform - Enterprise Features,Insights Dashboard,e4gi378c,13228751,Oloid Platform - Insights Dashboard: Endpoint Activity,https://oloid.help/en/articles/13228751-oloid-platform-insights-dashboard-endpoint-activity,published,2025-12-24 05:19:08,2026-02-03 09:54:46
758,Oloid Platform - Enterprise Features,Insights Dashboard,e4gi378c,13228776,Oloid Platform - Insights Dashboard: Transaction Insights,https://oloid.help/en/articles/13228776-oloid-platform-insights-dashboard-transaction-insights,published,2025-12-24 05:26:31,2026-02-03 09:50:03
759,Oloid Platform - Enterprise Features,Insights Dashboard,e4gi378c,13228799,Oloid Platform - Insights Dashboard : Credentials,https://oloid.help/en/articles/13228799-oloid-platform-insights-dashboard-credentials,published,2025-12-24 05:35:45,2026-02-03 09:46:57
760,Oloid Platform - Enterprise Features,Insights Dashboard,e4gi378c,13262362,What is Oloid's Insights Dashboard?,https://oloid.help/en/articles/13262362-what-is-oloid-s-insights-dashboard,published,2025-12-31 05:25:28,2026-02-03 09:44:16
761,Oloid Platform - Enterprise Features,PingOne MFA - Configuration Guides,e4gi378c,12972617,How to Configure PingOne Multi Factor Authentication (MFA) for Windows Login Application in the Tenant Admin Portal,https://oloid.help/en/articles/12972617-how-to-configure-pingone-multi-factor-authentication-mfa-for-windows-login-application-in-the-tenant-admin-portal,published,2025-12-01 05:24:29,2026-01-21 08:18:41
762,Oloid Platform - Enterprise Features,OKTA MFA - User Guide,e4gi378c,13374319,How to Login to Windows Device using Badge ID and OKTA Credentials,https://oloid.help/en/articles/13374319-how-to-login-to-windows-device-using-badge-id-and-okta-credentials,published,2026-01-13 05:19:16,2026-01-29 06:39:11
763,Oloid Platform - Enterprise Features,OKTA MFA - User Guide,e4gi378c,13374270,How to Login to Windows Device using QR Code and OKTA Credentials,https://oloid.help/en/articles/13374270-how-to-login-to-windows-device-using-qr-code-and-okta-credentials,published,2026-01-13 05:01:27,2026-02-02 10:04:40
764,Oloid Platform - Enterprise Features,OKTA MFA - User Guide,e4gi378c,13212196,How to Login to Windows Device using Face and OKTA Credentials,https://oloid.help/en/articles/13212196-how-to-login-to-windows-device-using-face-and-okta-credentials,published,2025-12-22 05:07:39,2026-01-29 06:39:26
765,Oloid Platform - Enterprise Features,PingOne MFA - User Guide,e4gi378c,13525965,How to Login to Windows Device using QR Code and PingOne Credentials,https://oloid.help/en/articles/13525965-how-to-login-to-windows-device-using-qr-code-and-pingone-credentials,published,2026-01-27 07:02:32,2026-02-02 10:05:04
769,Oloid Platform - Enterprise Features,PingOne MFA - User Guide,e4gi378c,13525477,How to Login to Windows Device using Face and PingOne Credential,https://oloid.help/en/articles/13525477-how-to-login-to-windows-device-using-face-and-pingone-credential,published,2026-01-27 06:47:04,2026-01-27 09:08:50
770,Oloid Platform - Enterprise Features,PingOne MFA - User Guide,e4gi378c,13525752,How to Login to Windows Device using Badge ID and PingOne Credentials,https://oloid.help/en/articles/13525752-how-to-login-to-windows-device-using-badge-id-and-pingone-credentials,published,2026-01-27 06:55:32,2026-01-29 06:30:08
775,Oloid Platform - Enterprise Features,Create and Manage IDP Provider,e4gi378c,12838654,How to Configure Security Assertion Markup Language (SAML) IDP in OKTA Admin Console,https://oloid.help/en/articles/12838654-how-to-configure-security-assertion-markup-language-saml-idp-in-okta-admin-console,published,2025-11-14 04:54:28,2026-01-23 05:01:41
778,Oloid Platform - Enterprise Features,Create and Manage Shared Passwords - Video Tutorials,e4gi378c,13460163,How to add a Group to Windows Shared Passwords in the Tenant Admin Portal - Video Tutorial,https://oloid.help/en/articles/13460163-how-to-add-a-group-to-windows-shared-passwords-in-the-tenant-admin-portal-video-tutorial,published,2026-01-22 11:20:18,2026-01-22 11:24:32
782,Oloid Platform - Enterprise Features,Create and Manage IDP Provider,e4gi378c,10796370,Integrating Oloid tenant to your PingOne (OIDC) instance,https://oloid.help/en/articles/10796370-integrating-oloid-tenant-to-your-pingone-oidc-instance,published,2025-03-17 04:37:29,2026-01-22 03:29:55
783,Oloid Platform - Enterprise Features,PingOne MFA - Configuration Guides,e4gi378c,12958196,How to Configure PingOne Multi-Factor Authentication (MFA) for Windows Login Application in the PingOne Admin Console,https://oloid.help/en/articles/12958196-how-to-configure-pingone-multi-factor-authentication-mfa-for-windows-login-application-in-the-pingone-admin-console,published,2025-11-28 04:27:44,2026-01-21 11:21:32
784,Oloid Platform - Enterprise Features,Insights Dashboard,e4gi378c,13256535,Oloid Platform - Insights Dashboard: Windows Shared Passwords Report,https://oloid.help/en/articles/13256535-oloid-platform-insights-dashboard-windows-shared-passwords-report,published,2025-12-30 09:02:21,2026-01-21 09:24:30
785,Oloid Platform - Enterprise Features,OKTA MFA - Configuration Guides,e4gi378c,13157388,How to Configure OKTA Multi-Factor Authentication (MFA) for the Windows Login Application in the OKTA Admin Console,https://oloid.help/en/articles/13157388-how-to-configure-okta-multi-factor-authentication-mfa-for-the-windows-login-application-in-the-okta-admin-console,published,2025-12-15 05:24:57,2026-01-21 08:05:59
786,Oloid Platform - Enterprise Features,Create and Manage Users - Video Tutorials,e4gi378c,11631061,How to create Windows Passkey as credential for users in the Tenant Admin Portal - Video Tutorial,https://oloid.help/en/articles/11631061-how-to-create-windows-passkey-as-credential-for-users-in-the-tenant-admin-portal-video-tutorial,published,2025-06-20 06:40:08,2026-01-21 06:35:13
787,Oloid Platform - Enterprise Features,OKTA MFA - Configuration Guides,e4gi378c,13165352,How to Configure OKTA Multi-Factor Authentication (MFA) for Windows Login Application in the Tenant Admin Portal,https://oloid.help/en/articles/13165352-how-to-configure-okta-multi-factor-authentication-mfa-for-windows-login-application-in-the-tenant-admin-portal,published,2025-12-16 05:34:07,2026-01-20 11:45:29
788,Oloid Platform - Enterprise Features,"Security, Encryption &amp; Compliance",e4gi378c,12151346,Enable Customer‑Managed Encryption Keys (CMEK) for Your Oloid Tenant (AWS KMS “KEK Encryption”),https://oloid.help/en/articles/12151346-enable-customer-managed-encryption-keys-cmek-for-your-oloid-tenant-aws-kms-kek-encryption,published,2025-09-03 21:18:29,2025-09-03 23:52:33
791,Oloid Platform - Enterprise Features,Create and Manage Users,e4gi378c,8379283,How to migrate user to a different connection,https://oloid.help/en/articles/8379283-how-to-migrate-user-to-a-different-connection,published,2023-09-15 08:03:04,2026-01-19 07:01:06
799,Oloid Platform - Enterprise Features,Create and Manage Consent Documents,e4gi378c,8329629,How to configure Consent Template for user face onboarding in the Tenant Admin Portal,https://oloid.help/en/articles/8329629-how-to-configure-consent-template-for-user-face-onboarding-in-the-tenant-admin-portal,published,2023-09-04 08:24:13,2026-01-15 08:25:40
806,Oloid Platform - Enterprise Features,Create and Manage Users,e4gi378c,9936961,Chrome Vault - How to create Vault Password for a user,https://oloid.help/en/articles/9936961-chrome-vault-how-to-create-vault-password-for-a-user,published,2024-09-30 04:52:32,2026-01-09 07:07:36
825,Oloid Platform - Enterprise Features,Create and Manage Reports,e4gi378c,8450674,How to create and download Users Report,https://oloid.help/en/articles/8450674-how-to-create-and-download-users-report,published,2023-10-06 10:23:39,2026-01-07 08:06:02
836,Oloid Platform - Enterprise Features,Insights Dashboard,e4gi378c,13001607,Oloid Platform - Insights Dashboard: User Matrix Tab,https://oloid.help/en/articles/13001607-oloid-platform-insights-dashboard-user-matrix-tab,published,2025-12-04 07:52:47,2026-01-02 10:09:08
841,Oloid Platform - Enterprise Features,Create and Manage Reports - Video Tutorials,e4gi378c,13256601,How to create and download Endpoint Login Log Report in the Tenant Admin Portal - Video Tutorial,https://oloid.help/en/articles/13256601-how-to-create-and-download-endpoint-login-log-report-in-the-tenant-admin-portal-video-tutorial,published,2025-12-30 09:19:51,2025-12-30 09:38:25
848,Oloid Platform - Enterprise Features,Create and Manage Reports - Video Tutorials,e4gi378c,13250203,How to create and download Endpoint Update Log Report in the Tenant Admin Portal - Video Tutorial,https://oloid.help/en/articles/13250203-how-to-create-and-download-endpoint-update-log-report-in-the-tenant-admin-portal-video-tutorial,published,2025-12-29 09:32:35,2025-12-29 09:37:54
849,Oloid Platform - Enterprise Features,Create and Manage Reports - Video Tutorials,e4gi378c,13249569,How to create and download Supervisors Reports in the Tenant Admin Portal - Video Tutorial,https://oloid.help/en/articles/13249569-how-to-create-and-download-supervisors-reports-in-the-tenant-admin-portal-video-tutorial,published,2025-12-29 05:54:15,2025-12-29 05:57:55
850,Oloid Platform - Enterprise Features,Create and Manage Reports - Video Tutorials,e4gi378c,13249548,How to create and download User Transactions report in the Tenant Admin Portal - Video Tutorial,https://oloid.help/en/articles/13249548-how-to-create-and-download-user-transactions-report-in-the-tenant-admin-portal-video-tutorial,published,2025-12-29 05:44:32,2025-12-29 05:53:16
852,Oloid Platform - Enterprise Features,Create and Manage Reports - Video Tutorials,e4gi378c,13228942,How to configure Onboarding Report in the Tenant Admin Portal - Video Tutorial,https://oloid.help/en/articles/13228942-how-to-configure-onboarding-report-in-the-tenant-admin-portal-video-tutorial,published,2025-12-24 06:18:50,2025-12-24 06:23:58
853,Oloid Platform - Enterprise Features,Create and Manage Reports - Video Tutorials,e4gi378c,13212947,How to configure a scheduled Transaction Report in the Tenant Admin Portal - Video Tutorial,https://oloid.help/en/articles/13212947-how-to-configure-a-scheduled-transaction-report-in-the-tenant-admin-portal-video-tutorial,published,2025-12-22 08:45:43,2025-12-22 10:33:28
855,Oloid Platform - Enterprise Features,Create and Manage Users,e4gi378c,13009576,Oloid Platform - How to Add Other Identifiers,https://oloid.help/en/articles/13009576-oloid-platform-how-to-add-other-identifiers,published,2025-12-05 05:51:48,2025-12-19 09:47:03
857,Oloid Platform - Enterprise Features,Create and Manage Consent Documents - Video Tutorials,e4gi378c,13191707,How to revoke consent of a user in the Tenant Admin Portal - Video Tutorial,https://oloid.help/en/articles/13191707-how-to-revoke-consent-of-a-user-in-the-tenant-admin-portal-video-tutorial,published,2025-12-19 05:50:24,2025-12-19 05:57:24
858,Oloid Platform - Enterprise Features,Create and Manage Consent Documents - Video Tutorials,e4gi378c,13185054,How to add a Consent Template to a Connection in the Tenant Admin Portal - Video Tutorial.,https://oloid.help/en/articles/13185054-how-to-add-a-consent-template-to-a-connection-in-the-tenant-admin-portal-video-tutorial,published,2025-12-18 10:23:12,2025-12-18 10:30:42
863,Oloid Platform - Enterprise Features,Create and Manage Consent Documents - Video Tutorials,e4gi378c,13175942,How to create a legal document in the Tenant Admin Portal - Video Tutorial,https://oloid.help/en/articles/13175942-how-to-create-a-legal-document-in-the-tenant-admin-portal-video-tutorial,published,2025-12-17 08:42:00,2025-12-17 08:47:17
866,Oloid Platform - Enterprise Features,Create and Manage Consent Documents - Video Tutorials,e4gi378c,13168226,How to create a consent template - Video Tutorial,https://oloid.help/en/articles/13168226-how-to-create-a-consent-template-video-tutorial,published,2025-12-16 11:28:12,2025-12-16 11:32:28
867,Oloid Platform - Enterprise Features,Create and Manage Consent Documents - Video Tutorials,e4gi378c,13166340,How to view and download Consent History of a user - Video Tutorial,https://oloid.help/en/articles/13166340-how-to-view-and-download-consent-history-of-a-user-video-tutorial,published,2025-12-16 09:22:04,2025-12-16 10:49:51
869,Oloid Platform - Enterprise Features,Create and Manage Consent Documents,e4gi378c,12990832,How to view and download Consent History of a User,https://oloid.help/en/articles/12990832-how-to-view-and-download-consent-history-of-a-user,published,2025-12-03 08:27:35,2025-12-16 05:50:23
871,Oloid Platform - Enterprise Features,Accounts and Settings,e4gi378c,8777811,Archived- How to configure Bluetooth for M-Tag,https://oloid.help/en/articles/8777811-archived-how-to-configure-bluetooth-for-m-tag,published,2024-01-05 05:15:39,2025-12-15 08:08:43
872,Oloid Platform - Enterprise Features,Create and Manage Consent Documents - Video Tutorials,e4gi378c,13157907,How to view and download Active Consent of a user - Video Tutorial,https://oloid.help/en/articles/13157907-how-to-view-and-download-active-consent-of-a-user-video-tutorial,published,2025-12-15 07:26:42,2025-12-15 07:44:32
877,Oloid Platform - Enterprise Features,Accounts and Settings,e4gi378c,8804661,How to configure Oloid app?,https://oloid.help/en/articles/8804661-how-to-configure-oloid-app,published,2024-01-11 10:04:25,2024-11-13 06:54:35
878,Oloid Platform - Enterprise Features,Create and Manage Endpoints,e4gi378c,8263173,How to add a M-Tag endpoint,https://oloid.help/en/articles/8263173-how-to-add-a-m-tag-endpoint,published,2023-08-16 09:20:18,2024-12-18 05:54:43
881,Oloid Platform - Enterprise Features,Create and Manage Reports,e4gi378c,12807356,How to create and download Endpoint Login Log Report,https://oloid.help/en/articles/12807356-how-to-create-and-download-endpoint-login-log-report,published,2025-11-11 06:28:00,2025-12-05 05:43:55
903,Oloid Platform - Enterprise Features,Create and Manage Connections,e4gi378c,11710522,How to add Personal Computer/Smart Card (PC/SC) Badge input enabled Connection to the Application in the Tenant Admin Portal,https://oloid.help/en/articles/11710522-how-to-add-personal-computer-smart-card-pc-sc-badge-input-enabled-connection-to-the-application-in-the-tenant-admin-portal,published,2025-07-04 04:56:31,2025-11-20 03:29:16
909,Oloid Platform - Enterprise Features,Accounts and Settings,e4gi378c,11659590,How to generate Role based Credential API token in Tenant Admin Portal,https://oloid.help/en/articles/11659590-how-to-generate-role-based-credential-api-token-in-tenant-admin-portal,published,2025-06-26 08:11:49,2025-11-17 12:17:43
914,Oloid Platform - Enterprise Features,Create and Manage Reports,e4gi378c,12807264,How to create and download Endpoint Update Log Report,https://oloid.help/en/articles/12807264-how-to-create-and-download-endpoint-update-log-report,published,2025-11-11 05:50:29,2025-11-14 10:16:23
915,Oloid Platform - Enterprise Features,Create and Manage Reports,e4gi378c,12807154,How to create and download Supervisors Reports,https://oloid.help/en/articles/12807154-how-to-create-and-download-supervisors-reports,published,2025-11-11 04:59:36,2025-11-14 10:10:22
916,Oloid Platform - Enterprise Features,Create and Manage Reports,e4gi378c,8450433,How to create and download Endpoint Status Report,https://oloid.help/en/articles/8450433-how-to-create-and-download-endpoint-status-report,published,2023-10-06 08:13:54,2025-11-14 09:55:54
918,Oloid Platform - Enterprise Features,Create and Manage Reports,e4gi378c,8455465,How to configure Onboarding Report,https://oloid.help/en/articles/8455465-how-to-configure-onboarding-report,published,2023-10-09 09:02:32,2025-11-14 05:44:53
919,Oloid Platform - Enterprise Features,Create and Manage Reports,e4gi378c,8450096,How to create onboarding report,https://oloid.help/en/articles/8450096-how-to-create-onboarding-report,published,2023-10-06 06:05:32,2025-11-14 05:19:56
923,Oloid Platform - Enterprise Features,Accounts and Settings,e4gi378c,9823811,How to Generate Application Programming Interface (API) Key in Tenant Admin Portal,https://oloid.help/en/articles/9823811-how-to-generate-application-programming-interface-api-key-in-tenant-admin-portal,published,2024-09-04 16:04:29,2025-11-13 06:52:38
926,Oloid Platform - Enterprise Features,Accounts and Settings,e4gi378c,8262858,How to add and invite a Supervisor,https://oloid.help/en/articles/8262858-how-to-add-and-invite-a-supervisor,published,2023-08-16 06:31:48,2025-11-07 04:46:01
973,Oloid Platform - Enterprise Features,Create and Manage Shared Credentials,e4gi378c,8717165,How to assign shared credentials to an endpoint through the oloid platform?,https://oloid.help/en/articles/8717165-how-to-assign-shared-credentials-to-an-endpoint-through-the-oloid-platform,published,2023-12-18 09:07:26,2025-09-29 08:24:58
977,Oloid Platform - Enterprise Features,Create and Manage Users,e4gi378c,8379462,How to assign Badge ID as credential to users,https://oloid.help/en/articles/8379462-how-to-assign-badge-id-as-credential-to-users,published,2023-09-15 09:20:38,2025-09-26 09:48:57
978,Oloid Platform - Enterprise Features,Create and Manage Users,e4gi378c,9937001,How to Send an Email Invite to Users to Set Their PIN,https://oloid.help/en/articles/9937001-how-to-send-an-email-invite-to-users-to-set-their-pin,published,2024-09-30 05:24:33,2025-09-26 08:48:19
982,Oloid Platform - Enterprise Features,Create and Manage Connections,e4gi378c,8304594,How to Map Connections to an Application in the Tenant Admin Portal,https://oloid.help/en/articles/8304594-how-to-map-connections-to-an-application-in-the-tenant-admin-portal,published,2023-08-29 09:41:51,2025-09-25 06:30:05
986,Oloid Platform - Enterprise Features,Duo SSO Setup,e4gi378c,12147243,How to log in to Tenant Admin Portal with Duo SSO,https://oloid.help/en/articles/12147243-how-to-log-in-to-tenant-admin-portal-with-duo-sso,published,2025-09-03 08:32:00,2025-09-23 05:55:31
990,Oloid Platform - Enterprise Features,Duo SSO Setup,e4gi378c,12094549,Duo Settings for Oloid SSO,https://oloid.help/en/articles/12094549-duo-settings-for-oloid-sso,published,2025-08-27 05:30:09,2025-09-05 08:16:31
993,Oloid Platform - Enterprise Features,Create and Manage Users,e4gi378c,11401401,How to Download Users in Tenant Admin Portal,https://oloid.help/en/articles/11401401-how-to-download-users-in-tenant-admin-portal,published,2025-05-19 07:04:03,2025-09-17 12:07:13
1008,Oloid Platform - Enterprise Features,Auth0 SSO Setup,e4gi378c,11130515,How to log in to Tenant Admin Portal using Auth0 SSO,https://oloid.help/en/articles/11130515-how-to-log-in-to-tenant-admin-portal-using-auth0-sso,published,2025-04-23 09:35:41,2025-09-04 05:27:00
1016,Oloid Platform - Enterprise Features,Create and Manage Shared Passwords - Video Tutorials,e4gi378c,12116318,How to assign shared passwords to an endpoint - Video Tutorial,https://oloid.help/en/articles/12116318-how-to-assign-shared-passwords-to-an-endpoint-video-tutorial,published,2025-08-29 11:13:43,2025-08-29 11:15:53
1019,Oloid Platform - Enterprise Features,Create and Manage Shared Passwords - Video Tutorials,e4gi378c,12115686,How to assign shared passwords with multiple users - Video Tutorial,https://oloid.help/en/articles/12115686-how-to-assign-shared-passwords-with-multiple-users-video-tutorial,published,2025-08-29 09:43:09,2025-08-29 09:45:20
1020,Oloid Platform - Enterprise Features,Create and Manage Shared Passwords - Video Tutorials,e4gi378c,12115502,How to assign shared password to user - Video Tutorial,https://oloid.help/en/articles/12115502-how-to-assign-shared-password-to-user-video-tutorial,published,2025-08-29 08:56:56,2025-08-29 08:59:42
1021,Oloid Platform - Enterprise Features,Create and Manage Shared Passwords - Video Tutorials,e4gi378c,12114646,How to create shared passwords for Windows login - Video Tutorial,https://oloid.help/en/articles/12114646-how-to-create-shared-passwords-for-windows-login-video-tutorial,published,2025-08-29 06:48:20,2025-08-29 07:06:24
1022,Oloid Platform - Enterprise Features,Create and Manage Applications - Video Tutorials,e4gi378c,11992408,How to create an application in the Tenant Admin Portal,https://oloid.help/en/articles/11992408-how-to-create-an-application-in-the-tenant-admin-portal,published,2025-08-12 11:13:46,2025-08-12 11:16:37
1031,Oloid Platform - Enterprise Features,Create and Manage Users,e4gi378c,8424129,How to remove user in the Tenant Admin Portal,https://oloid.help/en/articles/8424129-how-to-remove-user-in-the-tenant-admin-portal,published,2023-09-28 08:12:05,2025-08-22 10:36:53
1032,Oloid Platform - Enterprise Features,Create and Manage Connections,e4gi378c,8736223,How to delete Bluetooth credential for Users in a Connections in the Tenant Admin Portal,,draft,2023-12-22 11:57:04,2025-08-22 05:26:58
1033,Oloid Platform - Enterprise Features,Accounts and Settings,e4gi378c,8810967,How to Check and Configure Tenant Details,https://oloid.help/en/articles/8810967-how-to-check-and-configure-tenant-details,published,2024-01-12 05:17:29,2025-08-21 08:37:45
1041,Oloid Platform - Enterprise Features,Create and Manage Connections - Video Tutorials,e4gi378c,12007820,How to create a connection in the Tenant Admin Portal,https://oloid.help/en/articles/12007820-how-to-create-a-connection-in-the-tenant-admin-portal,published,2025-08-14 07:31:27,2025-08-14 07:33:33
1042,Oloid Platform - Enterprise Features,Create and Manage Connections,e4gi378c,8304214,How to create Connection Groups in the Tenant Admin Portal,https://oloid.help/en/articles/8304214-how-to-create-connection-groups-in-the-tenant-admin-portal,published,2023-08-29 06:35:22,2025-08-14 05:40:23
1048,Oloid Platform - Enterprise Features,Create and Manage Groups - Video Tutorials,e4gi378c,11938659,How to delete a group in the Tenant Admin Portal,https://oloid.help/en/articles/11938659-how-to-delete-a-group-in-the-tenant-admin-portal,published,2025-08-05 10:39:55,2025-08-05 10:44:21
1049,Oloid Platform - Enterprise Features,Create and Manage Groups - Video Tutorials,e4gi378c,11938082,How to sync users in a group in the Tenant Admin Portal,https://oloid.help/en/articles/11938082-how-to-sync-users-in-a-group-in-the-tenant-admin-portal,published,2025-08-05 09:22:49,2025-08-05 09:25:17
1051,Oloid Platform - Enterprise Features,Create and Manage Groups - Video Tutorials,e4gi378c,11928848,How to remove a user from group in the Tenant Admin Portal,https://oloid.help/en/articles/11928848-how-to-remove-a-user-from-group-in-the-tenant-admin-portal,published,2025-08-04 10:11:02,2025-08-04 10:13:06
1055,Oloid Platform - Enterprise Features,Create and Manage Groups - Video Tutorials,e4gi378c,11863913,How to remove endpoint from a group in the Tenant Admin Portal,https://oloid.help/en/articles/11863913-how-to-remove-endpoint-from-a-group-in-the-tenant-admin-portal,published,2025-07-28 05:36:35,2025-07-28 05:40:12
1056,Oloid Platform - Enterprise Features,Create and Manage Groups - Video Tutorials,e4gi378c,11838105,How to add endpoint to a group in the Tenant Admin Portal - Video Tutorial,https://oloid.help/en/articles/11838105-how-to-add-endpoint-to-a-group-in-the-tenant-admin-portal-video-tutorial,published,2025-07-24 10:33:09,2025-07-24 10:35:59
1057,Oloid Platform - Enterprise Features,Create and Manage Groups - Video Tutorials,e4gi378c,11836831,How to map users to Group in bulk in the Tenant Admin Portal - Video Tutorial,https://oloid.help/en/articles/11836831-how-to-map-users-to-group-in-bulk-in-the-tenant-admin-portal-video-tutorial,published,2025-07-24 08:58:00,2025-07-24 09:01:23
1066,Oloid Platform - Enterprise Features,Create and Manage Groups - Video Tutorials,e4gi378c,11829460,How to map users to a group in the Tenant Admin Portal - Video Tutorial,https://oloid.help/en/articles/11829460-how-to-map-users-to-a-group-in-the-tenant-admin-portal-video-tutorial,published,2025-07-23 08:41:11,2025-07-23 08:56:50
1071,Oloid Platform - Enterprise Features,Create and Manage Endpoints,e4gi378c,8479490,How to configure passwordless template - to be deleted,,draft,2023-10-16 04:56:07,2025-07-18 03:58:03
1072,Oloid Platform - Enterprise Features,Create and Manage Reports - Video Tutorials,e4gi378c,11768000,How to create and download Users Report in the Tenant Admin Portal - Video Tutorial,https://oloid.help/en/articles/11768000-how-to-create-and-download-users-report-in-the-tenant-admin-portal-video-tutorial,published,2025-07-14 09:29:02,2025-07-14 09:32:02
1073,Oloid Platform - Enterprise Features,Create and Manage Connections - Video Tutorials,e4gi378c,8154294,How to create a Connection in the Oloid Portal - Video Tutorial,https://oloid.help/en/articles/8154294-how-to-create-a-connection-in-the-oloid-portal-video-tutorial,published,2023-07-20 09:26:00,2023-08-08 08:55:40
1074,Oloid Platform - Enterprise Features,Create and Manage Applications - Video Tutorials,e4gi378c,8153281,How to create an Application in the Oloid Portal - Video Tutorial,https://oloid.help/en/articles/8153281-how-to-create-an-application-in-the-oloid-portal-video-tutorial,published,2023-07-20 07:42:53,2023-08-08 08:57:30
1075,Oloid Platform - Enterprise Features,Create and Manage Groups - Video Tutorials,e4gi378c,8154480,How to create a Group in the Oloid Portal - Video Tutorial,https://oloid.help/en/articles/8154480-how-to-create-a-group-in-the-oloid-portal-video-tutorial,published,2023-07-20 10:25:56,2023-08-08 08:56:31
1076,Oloid Platform - Enterprise Features,Create and Manage Reports - Video Tutorials,e4gi378c,11767273,How to create and download Endpoint Status Report in the Tenant Admin Portal - Video Tutorial,https://oloid.help/en/articles/11767273-how-to-create-and-download-endpoint-status-report-in-the-tenant-admin-portal-video-tutorial,published,2025-07-14 06:30:41,2025-07-14 06:34:43
1077,Oloid Platform - Enterprise Features,Create and Manage Reports - Video Tutorials,e4gi378c,11756325,How to create and download transaction report in the Tenant Admin Portal - Video Tutorial,https://oloid.help/en/articles/11756325-how-to-create-and-download-transaction-report-in-the-tenant-admin-portal-video-tutorial,published,2025-07-11 09:45:31,2025-07-11 09:49:04
1079,Oloid Platform - Enterprise Features,Accounts and Settings - Video Tutorials,e4gi378c,11745729,How to activate supervisor privileges in the Tenant Admin Portal - Video Tutorial,https://oloid.help/en/articles/11745729-how-to-activate-supervisor-privileges-in-the-tenant-admin-portal-video-tutorial,published,2025-07-10 09:56:55,2025-07-10 10:02:38
1080,Oloid Platform - Enterprise Features,Create and Manage Users - Video Tutorials,e4gi378c,8228019,How to onboard multiple users to Oloid Platform- Video Tutorial,https://oloid.help/en/articles/8228019-how-to-onboard-multiple-users-to-oloid-platform-video-tutorial,published,2023-08-08 10:47:02,2023-08-08 10:49:07
1081,Oloid Platform - Enterprise Features,Create and Manage Users - Video Tutorials,e4gi378c,8249076,How to add Cloudkey as credential to users - Video Tutorial,https://oloid.help/en/articles/8249076-how-to-add-cloudkey-as-credential-to-users-video-tutorial,published,2023-08-11 11:34:24,2023-08-17 17:13:59
1082,Oloid Platform - Enterprise Features,Create and Manage Users - Video Tutorials,e4gi378c,8249054,How to add face as credential to users - Video Tutorial,https://oloid.help/en/articles/8249054-how-to-add-face-as-credential-to-users-video-tutorial,published,2023-08-11 11:32:15,2023-08-17 17:13:37
1084,Oloid Platform - Enterprise Features,Accounts and Settings - Video Tutorials,e4gi378c,11468419,How to invite a Tenant Admin in Tenant Admin Portal-Video Tutorial,https://oloid.help/en/articles/11468419-how-to-invite-a-tenant-admin-in-tenant-admin-portal-video-tutorial,published,2025-05-28 07:01:42,2025-05-28 07:03:33
1085,Oloid Platform - Enterprise Features,Accounts and Settings - Video Tutorials,e4gi378c,11468495,How to add and invite a Tenant Admin in Tenant Admin Portal-Video Tutorial,https://oloid.help/en/articles/11468495-how-to-add-and-invite-a-tenant-admin-in-tenant-admin-portal-video-tutorial,published,2025-05-28 07:06:33,2025-05-28 08:09:06
1086,Oloid Platform - Enterprise Features,Accounts and Settings - Video Tutorials,e4gi378c,11468728,How to invite a supervisor in Tenant Admin Portal-Video Tutorial,https://oloid.help/en/articles/11468728-how-to-invite-a-supervisor-in-tenant-admin-portal-video-tutorial,published,2025-05-28 08:12:23,2025-05-28 08:18:05
1087,Oloid Platform - Enterprise Features,Accounts and Settings - Video Tutorials,e4gi378c,11468741,How to add and invite a supervisor in Tenant Admin Portal-Video Tutorial,https://oloid.help/en/articles/11468741-how-to-add-and-invite-a-supervisor-in-tenant-admin-portal-video-tutorial,published,2025-05-28 08:19:07,2025-05-28 08:20:36
1088,Oloid Platform - Enterprise Features,Create and Manage Shared Credentials,e4gi378c,11536855,How to Assign Windows Shared Passwords to Multiple Users in Tenant Admin Portal,https://oloid.help/en/articles/11536855-how-to-assign-windows-shared-passwords-to-multiple-users-in-tenant-admin-portal,published,2025-06-10 05:27:26,2025-07-10 09:03:49
1089,Oloid Platform - Enterprise Features,Accounts and Settings - Video Tutorials,e4gi378c,11468764,How to enable Read-only Mode for Tenant Admin in Tenant Admin Portal-Video Tutorial,https://oloid.help/en/articles/11468764-how-to-enable-read-only-mode-for-tenant-admin-in-tenant-admin-portal-video-tutorial,published,2025-05-28 08:27:32,2025-05-28 08:29:46
1090,Oloid Platform - Enterprise Features,Create and Manage Users - Video Tutorials,e4gi378c,11468749,How to add users in bulk in Tenant Admin Portal-Video Tutorial,https://oloid.help/en/articles/11468749-how-to-add-users-in-bulk-in-tenant-admin-portal-video-tutorial,published,2025-05-28 08:22:27,2025-05-28 08:26:39
1091,Oloid Platform - Enterprise Features,Create and Manage Users - Video Tutorials,e4gi378c,11468778,How to Download Users in Tenant Admin Portal-Video Tutorial,https://oloid.help/en/articles/11468778-how-to-download-users-in-tenant-admin-portal-video-tutorial,published,2025-05-28 08:30:55,2025-05-28 08:32:24
1092,Oloid Platform - Enterprise Features,Create and Manage Users - Video Tutorials,e4gi378c,11494233,How to activate or deactivate user in the Tenant Admin Portal - Video Tutorial,https://oloid.help/en/articles/11494233-how-to-activate-or-deactivate-user-in-the-tenant-admin-portal-video-tutorial,published,2025-06-02 07:05:05,2025-06-05 08:25:44
1093,Oloid Platform - Enterprise Features,Create and Manage Users - Video Tutorials,e4gi378c,11494225,How to create an Oloid Account for users in the Tenant Admin Portal - Video Tutorial,https://oloid.help/en/articles/11494225-how-to-create-an-oloid-account-for-users-in-the-tenant-admin-portal-video-tutorial,published,2025-06-02 06:57:22,2025-06-05 08:27:26
1094,Oloid Platform - Enterprise Features,Create and Manage Users - Video Tutorials,e4gi378c,11501362,How to assign Badge ID as credential to users in the Tenant Admin Portal - Video Tutorial,https://oloid.help/en/articles/11501362-how-to-assign-badge-id-as-credential-to-users-in-the-tenant-admin-portal-video-tutorial,published,2025-06-03 05:21:24,2025-06-05 08:26:23
1095,Oloid Platform - Enterprise Features,Create and Manage Users - Video Tutorials,e4gi378c,11502646,How to generate QR Code for users in a Connection in the Tenant Admin Portal - Video Tutorial,https://oloid.help/en/articles/11502646-how-to-generate-qr-code-for-users-in-a-connection-in-the-tenant-admin-portal-video-tutorial,published,2025-06-03 11:35:17,2025-06-05 08:28:26
1096,Oloid Platform - Enterprise Features,Create and Manage Users - Video Tutorials,e4gi378c,11502629,How to generate QR Code for multiple users in the Tenant Admin Portal - Video Tutorial,https://oloid.help/en/articles/11502629-how-to-generate-qr-code-for-multiple-users-in-the-tenant-admin-portal-video-tutorial,published,2025-06-03 11:26:32,2025-06-05 08:28:15
1097,Oloid Platform - Enterprise Features,Create and Manage Users - Video Tutorials,e4gi378c,11507919,How to extend QR Code expiry date of Users in a Connection in the Tenant Admin Portal - Video Tutorial,https://oloid.help/en/articles/11507919-how-to-extend-qr-code-expiry-date-of-users-in-a-connection-in-the-tenant-admin-portal-video-tutorial,published,2025-06-04 08:18:29,2025-06-05 08:28:00
1098,Oloid Platform - Enterprise Features,Create and Manage Users - Video Tutorials,e4gi378c,11508750,How to extend QR Code expiry date for multiple users in the Tenant Admin Portal - Video Tutorial,https://oloid.help/en/articles/11508750-how-to-extend-qr-code-expiry-date-for-multiple-users-in-the-tenant-admin-portal-video-tutorial,published,2025-06-04 12:11:27,2025-06-05 08:27:47
1099,Oloid Platform - Enterprise Features,Create and Manage Users - Video Tutorials,e4gi378c,11514193,How to invite user to add face in the Tenant Admin Portal - Video Tutorial,https://oloid.help/en/articles/11514193-how-to-invite-user-to-add-face-in-the-tenant-admin-portal-video-tutorial,published,2025-06-05 09:50:37,2025-06-05 09:56:09
1100,Oloid Platform - Enterprise Features,Create and Manage Users - Video Tutorials,e4gi378c,11532255,How to invite multiple users to add face in the Tenant Admin Portal - Video Tutorial,https://oloid.help/en/articles/11532255-how-to-invite-multiple-users-to-add-face-in-the-tenant-admin-portal-video-tutorial,published,2025-06-09 06:49:15,2025-06-09 06:56:28
1101,Oloid Platform - Enterprise Features,Create and Manage Users - Video Tutorials,e4gi378c,11532590,How to deactivate Oloid account of a user in the Tenant Admin Portal - Video Tutorial,https://oloid.help/en/articles/11532590-how-to-deactivate-oloid-account-of-a-user-in-the-tenant-admin-portal-video-tutorial,published,2025-06-09 10:13:29,2025-06-09 10:18:11
1102,Oloid Platform - Enterprise Features,Create and Manage Users - Video Tutorials,e4gi378c,11537303,How to delete QR code credential of users in a connection in the Tenant Admin Portal - Video Tutorial,https://oloid.help/en/articles/11537303-how-to-delete-qr-code-credential-of-users-in-a-connection-in-the-tenant-admin-portal-video-tutorial,published,2025-06-10 09:02:50,2025-06-10 09:08:19
1103,Oloid Platform - Enterprise Features,Create and Manage Users - Video Tutorials,e4gi378c,11537318,How to delete QR code credential of multiple users in the Tenant Admin Portal - Video Tutorial,https://oloid.help/en/articles/11537318-how-to-delete-qr-code-credential-of-multiple-users-in-the-tenant-admin-portal-video-tutorial,published,2025-06-10 09:08:28,2025-06-10 09:22:38
1104,Oloid Platform - Enterprise Features,Create and Manage Users - Video Tutorials,e4gi378c,11537381,How to migrate user to a different connection in the Tenant Admin Portal - Video Tutorial,https://oloid.help/en/articles/11537381-how-to-migrate-user-to-a-different-connection-in-the-tenant-admin-portal-video-tutorial,published,2025-06-10 09:26:30,2025-06-10 09:29:24
1105,Oloid Platform - Enterprise Features,Create and Manage Users - Video Tutorials,e4gi378c,11549252,How to send QR Code credential to user using user portal link - Video Tutorial,https://oloid.help/en/articles/11549252-how-to-send-qr-code-credential-to-user-using-user-portal-link-video-tutorial,published,2025-06-11 07:11:28,2025-06-11 07:15:34
1106,Oloid Platform - Enterprise Features,Create and Manage Users - Video Tutorials,e4gi378c,11560707,How to send QR Code on email in the Tenant Admin Portal - Video Tutorial,https://oloid.help/en/articles/11560707-how-to-send-qr-code-on-email-in-the-tenant-admin-portal-video-tutorial,published,2025-06-12 08:32:23,2025-06-12 08:34:50
1107,Oloid Platform - Enterprise Features,Create and Manage Users - Video Tutorials,e4gi378c,11561972,How to create Vault Password for a user in the Tenant Admin Portal - Video Tutorial,https://oloid.help/en/articles/11561972-how-to-create-vault-password-for-a-user-in-the-tenant-admin-portal-video-tutorial,published,2025-06-12 11:05:59,2025-06-12 11:07:51
1108,Oloid Platform - Enterprise Features,Create and Manage Users - Video Tutorials,e4gi378c,11596169,How to send an invite to user to download the mobile app - Video Tutorial,https://oloid.help/en/articles/11596169-how-to-send-an-invite-to-user-to-download-the-mobile-app-video-tutorial,published,2025-06-18 05:35:48,2025-06-18 05:40:26
1109,Oloid Platform - Enterprise Features,Create and Manage Users - Video Tutorials,e4gi378c,11599598,How to send invite to a user to add Password - Video Tutorial,https://oloid.help/en/articles/11599598-how-to-send-invite-to-a-user-to-add-password-video-tutorial,published,2025-06-18 10:06:28,2025-06-18 10:10:57
1110,Oloid Platform - Enterprise Features,Accounts and Settings - Video Tutorials,e4gi378c,11468046,How to activate Endpoint Pairing action in Tenant Admin Portal-Video Tutorial,https://oloid.help/en/articles/11468046-how-to-activate-endpoint-pairing-action-in-tenant-admin-portal-video-tutorial,published,2025-05-28 04:27:50,2025-05-28 06:57:15
1111,Oloid Platform - Enterprise Features,Create and Manage Users - Video Tutorials,e4gi378c,11600532,How to send invite to a user to set PIN - Video Tutorial,https://oloid.help/en/articles/11600532-how-to-send-invite-to-a-user-to-set-pin-video-tutorial,published,2025-06-18 10:54:12,2025-06-18 10:56:25
1112,Oloid Platform - Enterprise Features,Accounts and Settings - Video Tutorials,e4gi378c,11640267,How to send reset password link to Tenant Admin - Video Tutorial,https://oloid.help/en/articles/11640267-how-to-send-reset-password-link-to-tenant-admin-video-tutorial,published,2025-06-23 08:31:50,2025-06-23 08:34:29
1113,Oloid Platform - Enterprise Features,Accounts and Settings - Video Tutorials,e4gi378c,11640545,How to remove a user from a Supervisor role in the Tenant Admin Portal - Video Tutorial,https://oloid.help/en/articles/11640545-how-to-remove-a-user-from-a-supervisor-role-in-the-tenant-admin-portal-video-tutorial,published,2025-06-23 10:00:33,2025-06-23 10:02:40
1114,Oloid Platform - Enterprise Features,Accounts and Settings - Video Tutorials,e4gi378c,11659313,How to remove a user from a Tenant Admin role in the Tenant Admin Portal - Video Tutorial,https://oloid.help/en/articles/11659313-how-to-remove-a-user-from-a-tenant-admin-role-in-the-tenant-admin-portal-video-tutorial,published,2025-06-26 06:23:22,2025-06-26 06:25:46
1115,Oloid Platform - Enterprise Features,Accounts and Settings - Video Tutorials,e4gi378c,11677861,How to provide Oloid admin access to the tenant in the Tenant Admin Portal - Video Tutorial,https://oloid.help/en/articles/11677861-how-to-provide-oloid-admin-access-to-the-tenant-in-the-tenant-admin-portal-video-tutorial,published,2025-06-30 05:47:27,2025-06-30 05:50:34
1116,Oloid Platform - Enterprise Features,Accounts and Settings - Video Tutorials,e4gi378c,11678488,How to associate Group with Supervisor in the Tenant Admin Portal - Video Tutorial,https://oloid.help/en/articles/11678488-how-to-associate-group-with-supervisor-in-the-tenant-admin-portal-video-tutorial,published,2025-06-30 08:48:04,2025-06-30 08:51:08
1117,Oloid Platform - Enterprise Features,Accounts and Settings - Video Tutorials,e4gi378c,11693706,How to generate API key in the Tenant Admin Portal - Video Tutorial,https://oloid.help/en/articles/11693706-how-to-generate-api-key-in-the-tenant-admin-portal-video-tutorial,published,2025-07-02 07:54:38,2025-07-02 07:57:41
1118,Oloid Platform - Enterprise Features,Accounts and Settings - Video Tutorials,e4gi378c,11711401,How to create credential preferences in the Tenant Admin Portal - Video Tutorial,https://oloid.help/en/articles/11711401-how-to-create-credential-preferences-in-the-tenant-admin-portal-video-tutorial,published,2025-07-04 09:54:18,2025-07-04 10:04:58
1119,Oloid Platform - Enterprise Features,Create and Manage Reports - Video Tutorials,e4gi378c,11744948,How to create and download endpoint details report in the Tenant Admin Portal - Video Tutorial,https://oloid.help/en/articles/11744948-how-to-create-and-download-endpoint-details-report-in-the-tenant-admin-portal-video-tutorial,published,2025-07-10 08:15:27,2025-07-10 08:21:53
1122,Oloid Platform - Enterprise Features,Create and Manage Applications,e4gi378c,10346057,How to create and configure Oloid Vault application,https://oloid.help/en/articles/10346057-how-to-create-and-configure-oloid-vault-application,published,2025-01-03 11:35:30,2025-07-10 05:29:20
1127,Oloid Platform - Enterprise Features,Create and Manage Users,e4gi378c,8468581,How to create Password for Windows Login,https://oloid.help/en/articles/8468581-how-to-create-password-for-windows-login,published,2023-10-12 05:43:36,2025-07-04 06:04:30
1128,Oloid Platform - Enterprise Features,Create and Manage Endpoints,e4gi378c,8463355,How to deactivate Endpoint in the Tenant Admin Portal,https://oloid.help/en/articles/8463355-how-to-deactivate-endpoint-in-the-tenant-admin-portal,published,2023-10-11 09:10:21,2025-07-03 10:17:40
1129,Oloid Platform - Enterprise Features,Create and Manage Users,e4gi378c,8424258,How to deactivate user in the Tenant Admin Portal,https://oloid.help/en/articles/8424258-how-to-deactivate-user-in-the-tenant-admin-portal,published,2023-09-28 09:07:12,2025-07-03 09:48:41
1130,Oloid Platform - Enterprise Features,Accounts and Settings,e4gi378c,9968942,How to assign Supervisor Privileges in Oloid Portal (this is a duplicate doc),,draft,2024-10-08 05:58:41,2025-07-03 09:26:25
1133,Oloid Platform - Enterprise Features,Create and Manage Users,e4gi378c,8488468,How to delete QR Code Credential of Users in a Connection,https://oloid.help/en/articles/8488468-how-to-delete-qr-code-credential-of-users-in-a-connection,published,2023-10-18 04:11:54,2025-06-13 09:38:49
1134,Oloid Platform - Enterprise Features,Create and Manage Users,e4gi378c,8394599,How to deactivate OloID Account of a user,https://oloid.help/en/articles/8394599-how-to-deactivate-oloid-account-of-a-user,published,2023-09-20 10:41:40,2025-06-13 09:35:00
1135,Oloid Platform - Enterprise Features,Create and Manage Users,e4gi378c,9794751,How to Send QR Code on Email,https://oloid.help/en/articles/9794751-how-to-send-qr-code-on-email,published,2024-08-28 06:27:30,2025-06-13 09:31:57
1136,Oloid Platform - Enterprise Features,Create and Manage Reports,e4gi378c,11561890,Modes of Logging in the Oloid Platform,https://oloid.help/en/articles/11561890-modes-of-logging-in-the-oloid-platform,published,2025-06-12 11:01:25,2025-06-13 07:03:08
1137,Oloid Platform - Enterprise Features,Accounts and Settings,e4gi378c,10000759,How to activate Endpoint Pairing action for Supervisor in Tenant Admin Portal,https://oloid.help/en/articles/10000759-how-to-activate-endpoint-pairing-action-for-supervisor-in-tenant-admin-portal,published,2024-10-16 04:58:58,2025-06-13 06:06:24
1148,Oloid Platform - Enterprise Features,Accounts and Settings,e4gi378c,8254907,How to add and invite a Tenant Admin,https://oloid.help/en/articles/8254907-how-to-add-and-invite-a-tenant-admin,published,2023-08-14 06:06:14,2025-05-28 09:41:30
1162,Oloid Platform - Enterprise Features,Accounts and Settings,e4gi378c,11411467,How to reset password in Tenant Admin Portal,https://oloid.help/en/articles/11411467-how-to-reset-password-in-tenant-admin-portal,published,2025-05-21 08:54:21,2025-05-26 06:50:58
1182,Oloid Platform - Enterprise Features,Create and Manage Users,e4gi378c,8347798,How to create Oloid account in Tenant Admin Portal,https://oloid.help/en/articles/8347798-how-to-create-oloid-account-in-tenant-admin-portal,published,2023-09-08 10:18:22,2025-05-21 04:35:13
1234,Oloid Platform - Enterprise Features,Create and Manage Users,e4gi378c,10435072,How to migrate users in bulk in Tenant Admin Portal,https://oloid.help/en/articles/10435072-how-to-migrate-users-in-bulk-in-tenant-admin-portal,published,2025-01-21 09:00:05,2025-05-02 06:33:17
1240,Oloid Platform - Enterprise Features,Azure SSO Setup,e4gi378c,11129577,How to configure Azure SSO in Oloid Portal,https://oloid.help/en/articles/11129577-how-to-configure-azure-sso-in-oloid-portal,published,2025-04-23 05:05:15,2025-04-23 09:06:28
1249,Oloid Platform - Enterprise Features,Accounts and Settings,e4gi378c,10650272,How to enable Read-only Mode for Supervisors,https://oloid.help/en/articles/10650272-how-to-enable-read-only-mode-for-supervisors,published,2025-02-26 07:02:20,2025-04-14 05:04:33
1257,Oloid Platform - Enterprise Features,Accounts and Settings,e4gi378c,8836666,How to associate Group with Supervisor?,https://oloid.help/en/articles/8836666-how-to-associate-group-with-supervisor,published,2024-01-18 04:59:27,2025-03-20 10:14:43
1266,Oloid Platform - Enterprise Features,Create and Manage Users,e4gi378c,8850381,How to send QR Code credential to user using user portal link,https://oloid.help/en/articles/8850381-how-to-send-qr-code-credential-to-user-using-user-portal-link,published,2024-01-22 09:14:10,2025-03-19 04:27:32
1273,Oloid Platform - Enterprise Features,Accounts and Settings,e4gi378c,10458687,How to Generate a Client ID and Secret for Oloid API Calls,https://oloid.help/en/articles/10458687-how-to-generate-a-client-id-and-secret-for-oloid-api-calls,published,2025-01-24 19:57:10,2025-03-17 04:42:21
1274,Oloid Platform - Enterprise Features,Accounts and Settings,e4gi378c,10765097,How to create credential preferences in Oloid Portal,https://oloid.help/en/articles/10765097-how-to-create-credential-preferences-in-oloid-portal,published,2025-03-13 05:36:40,2025-03-13 08:23:28
1284,Oloid Platform - Enterprise Features,Accounts and Settings,e4gi378c,10146444,User Roles and Permissions in Oloid Portal,https://oloid.help/en/articles/10146444-user-roles-and-permissions-in-oloid-portal,published,2024-11-18 10:37:47,2025-03-04 07:18:32
1285,Oloid Platform - Enterprise Features,Oloid Platform Videos,e4gi378c,10697232,Oloid User Roles and Permissions - Video Tutorial,https://oloid.help/en/articles/10697232-oloid-user-roles-and-permissions-video-tutorial,published,2025-03-03 15:24:40,2025-03-03 15:25:30
1297,Oloid Platform - Enterprise Features,Accounts and Settings,e4gi378c,8811277,How to provide Oloid admin access to the tenant,https://oloid.help/en/articles/8811277-how-to-provide-oloid-admin-access-to-the-tenant,published,2024-01-12 09:30:55,2025-02-27 10:15:16
1321,Oloid Platform - Enterprise Features,Create and Manage Endpoints,e4gi378c,8332796,How to configure Endpoint for Verify/Connect,https://oloid.help/en/articles/8332796-how-to-configure-endpoint-for-verify-connect,published,2023-09-05 06:06:37,2025-02-05 08:32:26
1372,Oloid Platform - Enterprise Features,Getting Started,e4gi378c,8159402,Enabling Okta SSO for Oloid Apps ( Verify/Connect/Device Lock/OloID App),https://oloid.help/en/articles/8159402-enabling-okta-sso-for-oloid-apps-verify-connect-device-lock-oloid-app,published,2023-07-21 10:26:47,2024-12-30 10:01:20
1374,Oloid Platform - Enterprise Features,API Guides,e4gi378c,9827859,Guide to Retrieving Events and Transactions,https://oloid.help/en/articles/9827859-guide-to-retrieving-events-and-transactions,published,2024-09-05 16:02:26,2024-09-06 14:58:22
1375,Oloid Platform - Enterprise Features,API Guides,e4gi378c,9827844,List Activity Logs API,https://oloid.help/en/articles/9827844-list-activity-logs-api,published,2024-09-05 15:56:42,2024-09-05 16:00:09
1376,Oloid Platform - Enterprise Features,API Guides,e4gi378c,9827773,List Transactions API,https://oloid.help/en/articles/9827773-list-transactions-api,published,2024-09-05 15:39:34,2024-09-05 15:55:59
1377,Oloid Platform - Enterprise Features,Oloid Platform - Enterprise Features,e4gi378c,9614545,IGA Web hook for Individual Windows Credential,https://oloid.help/en/articles/9614545-iga-web-hook-for-individual-windows-credential,published,2024-07-16 06:53:25,2024-07-16 11:28:50
1378,Oloid Platform - Enterprise Features,Oloid Platform - Enterprise Features,e4gi378c,9614997,IGA Web hook for Shared Windows Credential,https://oloid.help/en/articles/9614997-iga-web-hook-for-shared-windows-credential,published,2024-07-16 10:07:55,2024-07-16 11:29:56
1379,Oloid Platform - Enterprise Features,Oloid Platform - Enterprise Features,e4gi378c,9073240,Login API Documentation,https://oloid.help/en/articles/9073240-login-api-documentation,published,2024-03-14 22:24:29,2024-09-05 16:15:00
1380,Oloid Platform - Enterprise Features,Oloid Platform - Enterprise Features,e4gi378c,9073215,Add Face URL API,https://oloid.help/en/articles/9073215-add-face-url-api,published,2024-03-14 22:11:05,2024-03-14 22:20:59
1394,Oloid Platform - Enterprise Features,Create and Manage Wiegand Access,e4gi378c,8492278,How to delete Wiegand Access,https://oloid.help/en/articles/8492278-how-to-delete-wiegand-access,published,2023-10-19 03:48:42,2024-12-05 05:14:29
1397,Oloid Platform - Enterprise Features,Create and Manage Users,e4gi378c,8937141,How to enroll users using badge scan in Oloid Portal,https://oloid.help/en/articles/8937141-how-to-enroll-users-using-badge-scan-in-oloid-portal,published,2024-02-12 11:49:11,2024-11-28 05:50:43
1409,Oloid Platform - Enterprise Features,Create and Manage Users,e4gi378c,9716724,How to send QR code link using Oloid Portal,https://oloid.help/en/articles/9716724-how-to-send-qr-code-link-using-oloid-portal,published,2024-08-08 07:00:20,2024-11-11 06:13:37
1410,Oloid Platform - Enterprise Features,Create and Manage Users,e4gi378c,8290091,How to add CloudKey as credential to users,https://oloid.help/en/articles/8290091-how-to-add-cloudkey-as-credential-to-users,published,2023-08-24 05:26:51,2024-11-08 10:47:07
1416,Oloid Platform - Enterprise Features,Create and Manage Users,e4gi378c,9716548,How to send invite to download mobile app using Oloid Portal,https://oloid.help/en/articles/9716548-how-to-send-invite-to-download-mobile-app-using-oloid-portal,published,2024-08-08 04:54:54,2024-10-29 05:36:01
1419,Oloid Platform - Enterprise Features,Create and Manage Users,e4gi378c,8355149,How to find face,https://oloid.help/en/articles/8355149-how-to-find-face,published,2023-09-11 09:52:15,2024-10-24 05:48:19
1420,Oloid Platform - Enterprise Features,Create and Manage Users,e4gi378c,8344346,How to activate or deactivate user,https://oloid.help/en/articles/8344346-how-to-activate-or-deactivate-user,published,2023-09-07 10:57:02,2024-10-24 05:41:43
1421,Oloid Platform - Enterprise Features,Create and Manage Locations,e4gi378c,8223212,How to add location to the endpoint,https://oloid.help/en/articles/8223212-how-to-add-location-to-the-endpoint,published,2023-08-07 05:53:05,2024-10-23 09:28:02
1422,Oloid Platform - Enterprise Features,Create and Manage Groups,e4gi378c,8272023,How to map users to Group in bulk,https://oloid.help/en/articles/8272023-how-to-map-users-to-group-in-bulk,published,2023-08-18 10:15:09,2024-10-23 09:11:17
1437,Oloid Platform - Enterprise Features,Create and Manage Users,e4gi378c,8403103,How to assign NFC/ID as a credential to the user,https://oloid.help/en/articles/8403103-how-to-assign-nfc-id-as-a-credential-to-the-user,published,2023-09-22 09:43:42,2024-10-01 08:20:03
1438,Oloid Platform - Enterprise Features,Create and Manage Users,e4gi378c,9929232,How to send invite to download app to a user,https://oloid.help/en/articles/9929232-how-to-send-invite-to-download-app-to-a-user,published,2024-09-27 08:26:15,2024-10-01 08:17:28
1448,Oloid Platform - Enterprise Features,Oloid Platform Videos,e4gi378c,9909877,How to upload/download HWG file in Oloid Portal- Video Tutorial,https://oloid.help/en/articles/9909877-how-to-upload-download-hwg-file-in-oloid-portal-video-tutorial,published,2024-09-23 10:46:28,2024-09-23 12:13:14
1476,Oloid Platform - Enterprise Features,Create and Manage Factor Sequence,e4gi378c,9749330,How to add Policy Rules for factor Sequencing,https://oloid.help/en/articles/9749330-how-to-add-policy-rules-for-factor-sequencing,published,2024-08-16 13:16:25,2024-09-03 09:46:42
1477,Oloid Platform - Enterprise Features,Create and Manage Factor Sequence,e4gi378c,9699393,How to create and configure Factor Sequence,https://oloid.help/en/articles/9699393-how-to-create-and-configure-factor-sequence,published,2024-08-05 05:57:06,2024-09-03 08:49:27
1503,Oloid Platform - Enterprise Features,Accounts and Settings,e4gi378c,8803628,How to configure CloudKey?,https://oloid.help/en/articles/8803628-how-to-configure-cloudkey,published,2024-01-11 06:59:02,2024-08-12 05:01:01
1604,Oloid Platform - Enterprise Features,Create and Manage Endpoints,e4gi378c,8227103,How to create a new location and add location details,https://oloid.help/en/articles/8227103-how-to-create-a-new-location-and-add-location-details,published,2023-08-08 05:39:46,2024-03-15 08:36:02
1607,Oloid Platform - Enterprise Features,Create and Manage Users,e4gi378c,8353777,How to improve face?,,draft,2023-09-11 05:40:12,2024-02-26 04:13:53
1611,Oloid Platform - Enterprise Features,Create and Manage Locations,e4gi378c,8227618,How to add location to endpoints in bulk?,https://oloid.help/en/articles/8227618-how-to-add-location-to-endpoints-in-bulk,published,2023-08-08 09:12:29,2024-02-12 04:20:37
1614,Oloid Platform - Enterprise Features,Create and Manage Endpoints,e4gi378c,8245679,How to add health alerts in the endpoint?,https://oloid.help/en/articles/8245679-how-to-add-health-alerts-in-the-endpoint,published,2023-08-11 07:06:26,2024-02-08 08:22:37
1626,Oloid Platform - Enterprise Features,Accounts and Settings,e4gi378c,8811118,How to enable new user creation button in Oloid Verify/Connect,,draft,2024-01-12 08:00:28,2024-01-18 10:10:57
1659,Oloid Platform - Enterprise Features,Create and Manage Endpoints,e4gi378c,8483945,How to check health of endpoint,,draft,2023-10-17 06:47:26,2023-11-03 10:16:37
1661,Oloid Platform - Enterprise Features,Create and Manage Shared Credentials,e4gi378c,8423861,Creating Passwords and Shared Credentials for Users in Oloid Platform - User Guide,https://oloid.help/en/articles/8423861-creating-passwords-and-shared-credentials-for-users-in-oloid-platform-user-guide,published,2023-09-28 05:57:17,2023-10-12 11:03:33
1662,Oloid Platform - Enterprise Features,Create and Manage Locations,e4gi378c,8498777,How to create location using endpoint,https://oloid.help/en/articles/8498777-how-to-create-location-using-endpoint,published,2023-10-20 07:19:31,2023-10-25 08:23:53
1663,Oloid Platform - Enterprise Features,Create and Manage Locations,e4gi378c,8498715,How to add location details,https://oloid.help/en/articles/8498715-how-to-add-location-details,published,2023-10-20 06:20:19,2023-10-25 08:23:15
1667,Oloid Platform - Enterprise Features,Create and Manage Endpoints,e4gi378c,8463435,How to delete endpoint,https://oloid.help/en/articles/8463435-how-to-delete-endpoint,published,2023-10-11 09:25:45,2023-10-11 09:30:15
