order,product,collection,workspace_id,article_id,title,url,state,created_at,updated_at
15,Passwordless Authenticator,WebKey Videos,e4gi378c,16919159,Webkey - How to Re-submit consent while Authenticating Your Face - Video Tutorial,https://oloid.help/en/articles/16919159-webkey-how-to-re-submit-consent-while-authenticating-your-face-video-tutorial,published,2026-09-11 10:56:00,2026-09-11 11:09:43
16,Passwordless Authenticator,WebKey Videos,e4gi378c,16918758,Webkey - How to Re-submit consent while Enrolling Your Face - video Tutorial,https://oloid.help/en/articles/16918758-webkey-how-to-re-submit-consent-while-enrolling-your-face-video-tutorial,published,2026-09-11 10:22:13,2026-09-11 10:40:01
20,Passwordless Authenticator,WebKey Videos,e4gi378c,16901191,WebKey - How to configure Browser Fingerprint from Failed Transactions in the Tenant Admin Portal,https://oloid.help/en/articles/16901191-webkey-how-to-configure-browser-fingerprint-from-failed-transactions-in-the-tenant-admin-portal,published,2026-09-10 10:05:52,2026-09-10 10:29:33
23,Passwordless Authenticator,Admin Guides- Windows Login,e4gi378c,11087967,How to configure Card Reader Using RF IDEAS Configuration Utility for Windows Login application,https://oloid.help/en/articles/11087967-how-to-configure-card-reader-using-rf-ideas-configuration-utility-for-windows-login-application,published,2025-04-15 14:03:16,2026-09-10 08:42:57
36,Passwordless Authenticator,Videos - Windows Login 2.0,e4gi378c,16884600,Windows Login v2.0 - How to Add Supervisor Note in Windows Alerts - video Tutorial,https://oloid.help/en/articles/16884600-windows-login-v2-0-how-to-add-supervisor-note-in-windows-alerts-video-tutorial,published,2026-09-09 09:33:34,2026-09-09 09:56:51
42,Passwordless Authenticator,User Guides - Windows Login,e4gi378c,9727729,Windows Login - How to Login to Supervisor App with Google SSO,https://oloid.help/en/articles/9727729-windows-login-how-to-login-to-supervisor-app-with-google-sso,published,2024-08-12 05:18:50,2026-09-07 10:05:22
44,Passwordless Authenticator,User Guides - Windows Login,e4gi378c,9727795,How to Login to Supervisor App with Microsoft,https://oloid.help/en/articles/9727795-how-to-login-to-supervisor-app-with-microsoft,published,2024-08-12 06:01:12,2026-09-07 09:57:53
47,Passwordless Authenticator,Windows Login v1.0,e4gi378c,15373659,Windows Login v1.0 - How to Deploy Windows Login v1.0 using Microsoft Intune (MDM),https://oloid.help/en/articles/15373659-windows-login-v1-0-how-to-deploy-windows-login-v1-0-using-microsoft-intune-mdm,published,2026-06-04 06:45:33,2026-06-09 10:46:53
56,Passwordless Authenticator,Credential Management,e4gi378c,13856829,Tenant Admin Portal - How to Enable SSO using Personal Passkey in the Tenant Admin Portal,https://oloid.help/en/articles/13856829-tenant-admin-portal-how-to-enable-sso-using-personal-passkey-in-the-tenant-admin-portal,published,2026-02-25 07:36:09,2026-09-03 10:59:32
60,Passwordless Authenticator,Using WebKey,e4gi378c,15737154,Webkey -  How to Login to Workforce/ HRMS using Personal Passkey,https://oloid.help/en/articles/15737154-webkey-how-to-login-to-workforce-hrms-using-personal-passkey,published,2026-07-01 09:24:37,2026-09-03 06:37:02
63,Passwordless Authenticator,Admin Guides- Windows Login,e4gi378c,15390851,Windows Login - How to Configure Login options for Oloid Apps,https://oloid.help/en/articles/15390851-windows-login-how-to-configure-login-options-for-oloid-apps,published,2026-06-05 06:47:56,2026-09-01 09:51:52
72,Passwordless Authenticator,Admin Guides- Windows Login,e4gi378c,9398720,Windows Login - How to configure rf IDEAS readers for badge card,https://oloid.help/en/articles/9398720-windows-login-how-to-configure-rf-ideas-readers-for-badge-card,published,2024-05-30 06:47:44,2026-06-29 08:26:41
82,Passwordless Authenticator,Platform Configuration,e4gi378c,11476804,DeviceLock App - Hardware and Software Requirements,https://oloid.help/en/articles/11476804-devicelock-app-hardware-and-software-requirements,published,2025-05-29 05:02:30,2026-08-27 10:30:14
83,Passwordless Authenticator,User Guides - Windows Login,e4gi378c,12421965,Windows Login - How to Login to Windows Device using NFC/ID and Duo,https://oloid.help/en/articles/12421965-windows-login-how-to-login-to-windows-device-using-nfc-id-and-duo,published,2025-09-26 04:23:44,2026-08-27 08:05:09
84,Passwordless Authenticator,User Guides - Windows Login,e4gi378c,12421904,Windows Login - How to Login to Windows Device using Face and Duo,https://oloid.help/en/articles/12421904-windows-login-how-to-login-to-windows-device-using-face-and-duo,published,2025-09-26 04:06:11,2026-08-27 08:01:51
85,Passwordless Authenticator,User Guides - Windows Login,e4gi378c,12421947,Windows Login - How to Log in to Windows Device using Badge ID and Duo,https://oloid.help/en/articles/12421947-windows-login-how-to-log-in-to-windows-device-using-badge-id-and-duo,published,2025-09-26 04:16:36,2026-08-27 07:57:38
86,Passwordless Authenticator,User Guides - Windows Login,e4gi378c,12421962,Windows Login - How to Log in to Windows Device using QR Code and Duo,https://oloid.help/en/articles/12421962-windows-login-how-to-log-in-to-windows-device-using-qr-code-and-duo,published,2025-09-26 04:23:13,2026-08-27 07:54:19
87,Passwordless Authenticator,User Guides - Windows Login,e4gi378c,13666085,Windows Login - How to Enroll Face and PIN Credential,https://oloid.help/en/articles/13666085-windows-login-how-to-enroll-face-and-pin-credential,published,2026-02-08 06:57:13,2026-08-27 07:11:24
88,Passwordless Authenticator,User Guides - Windows Login,e4gi378c,11848536,Windows Login - How to log in to Windows device using Badge and Password,https://oloid.help/en/articles/11848536-windows-login-how-to-log-in-to-windows-device-using-badge-and-password,published,2025-07-25 11:15:58,2026-08-27 07:03:55
89,Passwordless Authenticator,User Guides - Windows Login,e4gi378c,10954843,How to update expired Windows Credential,https://oloid.help/en/articles/10954843-how-to-update-expired-windows-credential,published,2025-03-27 05:36:58,2026-08-27 07:00:07
90,Passwordless Authenticator,User Guides - Windows Login,e4gi378c,10616223,Windows Login - How to log out of Windows System using Badge,https://oloid.help/en/articles/10616223-windows-login-how-to-log-out-of-windows-system-using-badge,published,2025-02-21 10:14:14,2026-08-27 06:53:41
92,Passwordless Authenticator,User Guides - Windows Login,e4gi378c,10006252,Windows Login - How to enroll Face,https://oloid.help/en/articles/10006252-windows-login-how-to-enroll-face,published,2024-10-17 09:23:49,2026-08-27 06:45:07
106,Passwordless Authenticator,User Guides - Windows Login,e4gi378c,10002126,Windows Login - How to enroll NFC,https://oloid.help/en/articles/10002126-windows-login-how-to-enroll-nfc,published,2024-10-16 11:31:41,2026-08-25 09:18:08
107,Passwordless Authenticator,User Guides - Windows Login,e4gi378c,9720651,Windows Login - How to log in to Windows device using NFC,https://oloid.help/en/articles/9720651-windows-login-how-to-log-in-to-windows-device-using-nfc,published,2024-08-09 09:46:52,2026-08-25 09:10:02
108,Passwordless Authenticator,User Guides - Windows Login,e4gi378c,9550441,Windows Login - How to log in to Windows device using NFC and PIN,https://oloid.help/en/articles/9550441-windows-login-how-to-log-in-to-windows-device-using-nfc-and-pin,published,2024-07-02 05:28:45,2026-08-25 09:08:37
110,Passwordless Authenticator,Device Lock - Admin Settings,e4gi378c,10323332,"DeviceLock App - How to pair Oloid DeviceLock App using ""Pair as Supervisor"" option",https://oloid.help/en/articles/10323332-devicelock-app-how-to-pair-oloid-devicelock-app-using-pair-as-supervisor-option,published,2024-12-24 11:58:07,2026-08-25 08:40:10
111,Passwordless Authenticator,Device Lock - Admin Settings,e4gi378c,10353022,DeviceLock App - How to Log in to Admin Mode,https://oloid.help/en/articles/10353022-devicelock-app-how-to-log-in-to-admin-mode,published,2025-01-06 06:20:36,2026-08-25 08:39:50
112,Passwordless Authenticator,Device Lock - Admin Settings,e4gi378c,10329310,DeviceLock App - How to Unpair an Endpoint,https://oloid.help/en/articles/10329310-devicelock-app-how-to-unpair-an-endpoint,published,2024-12-27 04:54:33,2026-08-25 08:39:22
113,Passwordless Authenticator,Device Lock - Admin Settings,e4gi378c,9291207,DeviceLock App – Ways to Pair an Endpoint,https://oloid.help/en/articles/9291207-devicelock-app-ways-to-pair-an-endpoint,published,2024-05-07 05:44:31,2026-08-25 08:39:03
114,Passwordless Authenticator,Device Lock - Admin Settings,e4gi378c,10489271,DeviceLock App - How to Create and Configure DeviceLock Endpoint Template in Tenant Admin Portal,https://oloid.help/en/articles/10489271-devicelock-app-how-to-create-and-configure-devicelock-endpoint-template-in-tenant-admin-portal,published,2025-01-30 04:39:09,2026-08-25 08:38:34
115,Passwordless Authenticator,Device Lock - Admin Settings,e4gi378c,10473240,DeviceLock App – How to Reset Tenant,https://oloid.help/en/articles/10473240-devicelock-app-how-to-reset-tenant,published,2025-01-28 08:18:00,2026-08-25 08:38:10
116,Passwordless Authenticator,Device Lock - Admin Settings,e4gi378c,12105399,DeviceLock App - How to Update Auto-Pair Config File for Oloid DeviceLock App in the Tenant Admin Portal,https://oloid.help/en/articles/12105399-devicelock-app-how-to-update-auto-pair-config-file-for-oloid-devicelock-app-in-the-tenant-admin-portal,published,2025-08-28 05:44:52,2026-08-25 08:37:40
117,Passwordless Authenticator,Device Lock - Admin Settings,e4gi378c,14084872,DeviceLock App - How to Configure Offline Intent Screen in Tenant Admin Portal,https://oloid.help/en/articles/14084872-devicelock-app-how-to-configure-offline-intent-screen-in-tenant-admin-portal,published,2026-03-17 07:03:05,2026-08-25 08:36:54
118,Passwordless Authenticator,Device Lock - Admin Settings,e4gi378c,12569918,DeviceLock App - How to Deactivate user(s) for DeviceLock Application in the Tenant Admin Portal,https://oloid.help/en/articles/12569918-devicelock-app-how-to-deactivate-user-s-for-devicelock-application-in-the-tenant-admin-portal,published,2025-10-13 10:44:30,2026-08-25 08:36:21
119,Passwordless Authenticator,Device Lock - Admin Settings,e4gi378c,10062644,DeviceLock App - How to Download DeviceLock App,https://oloid.help/en/articles/10062644-devicelock-app-how-to-download-devicelock-app,published,2024-10-30 09:12:22,2026-08-25 08:35:39
120,Passwordless Authenticator,Device Lock - Admin Settings,e4gi378c,11513914,DeviceLock App - How to Enable Passwordless Login for DeviceLock App in the Tenant Admin Portal,https://oloid.help/en/articles/11513914-devicelock-app-how-to-enable-passwordless-login-for-devicelock-app-in-the-tenant-admin-portal,published,2025-06-05 09:00:14,2026-08-25 08:35:01
121,Passwordless Authenticator,Device Lock - Admin Settings,e4gi378c,12380644,DeviceLock App - How to Configure Oloid DeviceLock App after Installation,https://oloid.help/en/articles/12380644-devicelock-app-how-to-configure-oloid-devicelock-app-after-installation,published,2025-09-23 07:02:05,2026-08-25 08:33:33
122,Passwordless Authenticator,Device Lock - Admin Settings,e4gi378c,12164310,"DeviceLock App - How to Pair DeviceLock App using ""Auto-Pair"" Option",https://oloid.help/en/articles/12164310-devicelock-app-how-to-pair-devicelock-app-using-auto-pair-option,published,2025-09-05 05:40:36,2026-08-25 08:32:57
123,Passwordless Authenticator,Device Lock - Admin Settings,e4gi378c,12114460,DeviceLock App - How to Pair DeviceLock App using the “Auto-Pair using Config File” Option,https://oloid.help/en/articles/12114460-devicelock-app-how-to-pair-devicelock-app-using-the-auto-pair-using-config-file-option,published,2025-08-29 05:38:19,2026-08-25 08:32:15
124,Passwordless Authenticator,Device Lock - Admin Settings,e4gi378c,12106226,DeviceLock App - How to Reset the Admin Password,https://oloid.help/en/articles/12106226-devicelock-app-how-to-reset-the-admin-password,published,2025-08-28 08:21:57,2026-08-25 08:31:05
125,Passwordless Authenticator,Device Lock - Admin Settings,e4gi378c,11495355,DeviceLock App - How to View User Details in Oloid DeviceLock App,https://oloid.help/en/articles/11495355-devicelock-app-how-to-view-user-details-in-oloid-devicelock-app,published,2025-06-02 09:14:10,2026-08-25 08:26:47
126,Passwordless Authenticator,Device Lock - Admin Settings,e4gi378c,9335055,DeviceLock App - How to Add User in Oloid DeviceLock App,https://oloid.help/en/articles/9335055-devicelock-app-how-to-add-user-in-oloid-devicelock-app,published,2024-05-16 08:47:08,2026-08-25 08:25:54
127,Passwordless Authenticator,Device Lock - Admin Settings,e4gi378c,11484484,DeviceLock App - How to Exit the Oloid DeviceLock App in Admin Mode,https://oloid.help/en/articles/11484484-devicelock-app-how-to-exit-the-oloid-devicelock-app-in-admin-mode,published,2025-05-30 10:04:34,2026-08-25 08:24:59
128,Passwordless Authenticator,Device Lock - Admin Settings,e4gi378c,8679116,DeviceLock App - How to install Oloid DeviceLock App,https://oloid.help/en/articles/8679116-devicelock-app-how-to-install-oloid-devicelock-app,published,2023-12-06 04:43:11,2026-08-25 08:24:29
129,Passwordless Authenticator,Device Lock - Admin Settings,e4gi378c,8655891,DeviceLock App - Setting up and using Oloid DeviceLock App,https://oloid.help/en/articles/8655891-devicelock-app-setting-up-and-using-oloid-devicelock-app,published,2023-11-30 07:21:46,2026-08-25 08:24:02
130,Passwordless Authenticator,Admin Guides- Windows Login,e4gi378c,11114161,Windows Login - How to configure Auto Update feature for Windows Login in Tenant Admin Portal,https://oloid.help/en/articles/11114161-windows-login-how-to-configure-auto-update-feature-for-windows-login-in-tenant-admin-portal,published,2025-04-21 08:44:00,2026-08-25 08:13:04
131,Passwordless Authenticator,Admin Guides- Windows Login,e4gi378c,12586251,Windows Login - How to apply Endpoint Template during Auto-pair process for Windows Login,https://oloid.help/en/articles/12586251-windows-login-how-to-apply-endpoint-template-during-auto-pair-process-for-windows-login,published,2025-10-15 11:02:31,2026-08-25 08:09:49
132,Passwordless Authenticator,Admin Guides- Windows Login,e4gi378c,10259846,Windows Login - How to Enable Show On-Screen Keyboard  in Tenant Admin portal,https://oloid.help/en/articles/10259846-windows-login-how-to-enable-show-on-screen-keyboard-in-tenant-admin-portal,published,2024-12-10 08:19:35,2026-08-25 08:05:39
134,Passwordless Authenticator,Credential Management,e4gi378c,8413861,Face Onboarding,https://oloid.help/en/articles/8413861-face-onboarding,published,2023-09-26 10:51:39,2026-08-25 07:56:27
135,Passwordless Authenticator,User Guide,e4gi378c,16527090,DeviceLock App - How to Log into Workforce/HRMS Platforms using Email ID Credential,https://oloid.help/en/articles/16527090-devicelock-app-how-to-log-into-workforce-hrms-platforms-using-email-id-credential,published,2026-08-19 10:14:31,2026-08-19 10:24:25
136,Passwordless Authenticator,User Guide,e4gi378c,16160519,DeviceLock App - How to Log into Workforce/HRMS Platforms using Employee ID Credential,https://oloid.help/en/articles/16160519-devicelock-app-how-to-log-into-workforce-hrms-platforms-using-employee-id-credential,published,2026-07-31 09:28:27,2026-07-31 10:25:24
150,Passwordless Authenticator,Admin Guides- Windows Login,e4gi378c,10756679,Windows Login - How to Edit Theme tab for Windows Login Application in the Tenant Admin Portal,https://oloid.help/en/articles/10756679-windows-login-how-to-edit-theme-tab-for-windows-login-application-in-the-tenant-admin-portal,published,2025-03-12 06:25:41,2026-08-24 08:27:05
154,Passwordless Authenticator,Admin Guides- Windows Login,e4gi378c,10852057,Windows Login - How to enable Auto Launch Mode in Windows Login application,https://oloid.help/en/articles/10852057-windows-login-how-to-enable-auto-launch-mode-in-windows-login-application,published,2025-03-20 08:35:32,2026-08-24 06:55:49
162,Passwordless Authenticator,Admin Guides- Windows Login,e4gi378c,11891786,Windows Login - How to enable Username for Windows Login in the Tenant Admin Portal,https://oloid.help/en/articles/11891786-windows-login-how-to-enable-username-for-windows-login-in-the-tenant-admin-portal,published,2025-07-31 05:54:58,2026-08-21 08:38:13
165,Passwordless Authenticator,WebKey Videos,e4gi378c,16553498,Webkey - How to configure the enroll button in the Tenant Admin Portal - Video Tutorial,https://oloid.help/en/articles/16553498-webkey-how-to-configure-the-enroll-button-in-the-tenant-admin-portal-video-tutorial,published,2026-08-21 08:02:44,2026-08-21 08:07:10
168,Passwordless Authenticator,Admin Guides- Windows Login,e4gi378c,11891768,Windows Login - How to enable NFC/ID credential for Windows Login in the Tenant Admin Portal,https://oloid.help/en/articles/11891768-windows-login-how-to-enable-nfc-id-credential-for-windows-login-in-the-tenant-admin-portal,published,2025-07-31 05:48:40,2026-08-21 06:35:44
169,Passwordless Authenticator,Admin Guides- Windows Login,e4gi378c,11484322,Windows Login - How to enable QR Code credential for Windows Login in the Tenant Admin Portal,https://oloid.help/en/articles/11484322-windows-login-how-to-enable-qr-code-credential-for-windows-login-in-the-tenant-admin-portal,published,2025-05-30 09:15:34,2026-08-21 05:57:22
170,Passwordless Authenticator,Admin Guides- Windows Login,e4gi378c,10749338,Windows Login - How to edit Details tab for Windows Login Application in the Tenant Admin Portal,https://oloid.help/en/articles/10749338-windows-login-how-to-edit-details-tab-for-windows-login-application-in-the-tenant-admin-portal,published,2025-03-11 08:52:59,2026-08-21 05:52:03
171,Passwordless Authenticator,Admin Guides- Windows Login,e4gi378c,11069364,Windows Login - How to Customize Buttons in Windows Login application,https://oloid.help/en/articles/11069364-windows-login-how-to-customize-buttons-in-windows-login-application,published,2025-04-11 05:41:38,2026-08-21 05:45:05
172,Passwordless Authenticator,Admin Guides- Windows Login,e4gi378c,11035277,Windows Login - How to enable Passkey in Tenant Admin Portal for Windows Login,https://oloid.help/en/articles/11035277-windows-login-how-to-enable-passkey-in-tenant-admin-portal-for-windows-login,published,2025-04-04 09:17:22,2026-08-21 05:33:35
190,Passwordless Authenticator,Using WebKey,e4gi378c,9286137,Webkey - How to log into Workforce /HRMS platform using NFC/ID,https://oloid.help/en/articles/9286137-webkey-how-to-log-into-workforce-hrms-platform-using-nfc-id,published,2024-05-06 09:01:27,2026-08-14 09:57:50
231,Passwordless Authenticator,Using WebKey,e4gi378c,8856182,Webkey - How to log into Workforce /HRMS platforms using Password through WebKey,https://oloid.help/en/articles/8856182-webkey-how-to-log-into-workforce-hrms-platforms-using-password-through-webkey,published,2024-01-23 10:23:32,2026-08-10 10:33:44
234,Passwordless Authenticator,Using WebKey,e4gi378c,13597429,Webkey - How to login to Tenant Admin Portal with Oloid Webkey SSO,https://oloid.help/en/articles/13597429-webkey-how-to-login-to-tenant-admin-portal-with-oloid-webkey-sso,published,2026-02-02 06:26:58,2026-08-10 10:15:32
235,Passwordless Authenticator,Using WebKey,e4gi378c,13165653,Webkey - How to Re-submit consent,https://oloid.help/en/articles/13165653-webkey-how-to-re-submit-consent,published,2025-12-16 06:54:26,2026-08-10 10:12:14
236,Passwordless Authenticator,Using WebKey,e4gi378c,10454981,Webkey - How to log into OKTA Workforce /HRMS platforms using QR Code and PIN through Webkey,https://oloid.help/en/articles/10454981-webkey-how-to-log-into-okta-workforce-hrms-platforms-using-qr-code-and-pin-through-webkey,published,2025-01-24 07:38:39,2026-08-10 10:11:38
237,Passwordless Authenticator,Using WebKey,e4gi378c,9245333,Webkey - How to log into Workforce /HRMS platforms using NFC/ID and PIN in Webkey,https://oloid.help/en/articles/9245333-webkey-how-to-log-into-workforce-hrms-platforms-using-nfc-id-and-pin-in-webkey,published,2024-04-25 09:25:01,2026-08-10 10:01:02
238,Passwordless Authenticator,Using WebKey,e4gi378c,9259082,Webkey - How to log into Workforce /HRMS platform using Face through Webkey,https://oloid.help/en/articles/9259082-webkey-how-to-log-into-workforce-hrms-platform-using-face-through-webkey,published,2024-04-29 10:31:16,2026-08-10 09:42:02
240,Passwordless Authenticator,Using WebKey,e4gi378c,9263144,Webkey - How to Enroll Face using Webkey,https://oloid.help/en/articles/9263144-webkey-how-to-enroll-face-using-webkey,published,2024-04-30 08:25:46,2026-08-10 09:25:38
241,Passwordless Authenticator,Using WebKey,e4gi378c,8855767,Webkey - How to log into Workforce /HRMS platforms using QR Code through Webkey,https://oloid.help/en/articles/8855767-webkey-how-to-log-into-workforce-hrms-platforms-using-qr-code-through-webkey,published,2024-01-23 06:54:43,2026-08-10 09:23:10
242,Passwordless Authenticator,Using WebKey,e4gi378c,8608007,Webkey - How to log into Workforce /HRMS platform using Face and PIN through Webkey,https://oloid.help/en/articles/8608007-webkey-how-to-log-into-workforce-hrms-platform-using-face-and-pin-through-webkey,published,2023-11-20 12:03:39,2026-08-10 09:11:47
243,Passwordless Authenticator,Using WebKey,e4gi378c,8611424,Webkey - How to log into Workforce /HRMS platforms using Badge and PIN through Webkey,https://oloid.help/en/articles/8611424-webkey-how-to-log-into-workforce-hrms-platforms-using-badge-and-pin-through-webkey,published,2023-11-21 07:54:33,2026-08-10 09:08:56
244,Passwordless Authenticator,Using WebKey,e4gi378c,9259058,Webkey - How to log into Workforce /HRMS platform using Badge through Webkey,https://oloid.help/en/articles/9259058-webkey-how-to-log-into-workforce-hrms-platform-using-badge-through-webkey,published,2024-04-29 10:22:02,2026-08-10 09:08:23
245,Passwordless Authenticator,Platform Configuration - WebKey,e4gi378c,10800566,Webkey - How to edit Configure tab,https://oloid.help/en/articles/10800566-webkey-how-to-edit-configure-tab,published,2025-03-17 09:13:59,2026-08-10 06:34:08
250,Passwordless Authenticator,Platform Configuration - WebKey,e4gi378c,16106492,Webkey - How to Enable Hide Image Preview After Face Capture,https://oloid.help/en/articles/16106492-webkey-how-to-enable-hide-image-preview-after-face-capture,published,2026-07-28 07:53:32,2026-08-07 08:50:35
258,Passwordless Authenticator,Windows Login v2.0,e4gi378c,15134881,Windows Login v2.0 - Network URL Whitelisting Requirements for Preview/UAT Environment,https://oloid.help/en/articles/15134881-windows-login-v2-0-network-url-whitelisting-requirements-for-preview-uat-environment,published,2026-05-15 12:25:05,2026-08-06 05:54:39
259,Passwordless Authenticator,WebKey Videos,e4gi378c,16218072,Webkey - How to enable Oloid (Webkey) SSO login - Video Tutorial,https://oloid.help/en/articles/16218072-webkey-how-to-enable-oloid-webkey-sso-login-video-tutorial,published,2026-08-05 11:58:06,2026-08-05 12:02:50
271,Passwordless Authenticator,Device Lock - Admin Settings,e4gi378c,12728542,DeviceLock App - How to Generate Auto-Pair Config File in the Tenant Admin Portal,https://oloid.help/en/articles/12728542-devicelock-app-how-to-generate-auto-pair-config-file-in-the-tenant-admin-portal,published,2025-11-03 05:01:10,2026-08-05 09:27:24
275,Passwordless Authenticator,Videos- Windows Login,e4gi378c,16211570,Windows Login - How to generate Auto-Pair config file for Windows Login in Tenant Admin Portal - Video Tutorial,https://oloid.help/en/articles/16211570-windows-login-how-to-generate-auto-pair-config-file-for-windows-login-in-tenant-admin-portal-video-tutorial,published,2026-08-05 07:53:57,2026-08-05 08:03:26
280,Passwordless Authenticator,Videos - Device Lock,e4gi378c,16198399,DeviceLock App - How to configure endpoint in the Tenant Admin Portal,https://oloid.help/en/articles/16198399-devicelock-app-how-to-configure-endpoint-in-the-tenant-admin-portal,published,2026-08-04 11:05:23,2026-08-04 11:10:51
284,Passwordless Authenticator,User Guide,e4gi378c,8702342,How to log into Workforce /HRMS platforms using Badge and PIN using Oloid Device Lock app,,draft,2023-12-13 06:27:15,2026-08-04 08:50:21
288,Passwordless Authenticator,Windows Login v2.0,e4gi378c,15701076,Windows Login v2.0 - How to configure Windows Alert for presence detection,https://oloid.help/en/articles/15701076-windows-login-v2-0-how-to-configure-windows-alert-for-presence-detection,published,2026-06-30 08:00:33,2026-08-04 06:45:39
295,Passwordless Authenticator,Windows Login- Presence Detection Guides,e4gi378c,10031671,Window Login (Presence Detection) - Setting  up windows endpoint for Presence Detection,https://oloid.help/en/articles/10031671-window-login-presence-detection-setting-up-windows-endpoint-for-presence-detection,published,2024-10-23 07:15:14,2026-08-03 06:31:24
302,Passwordless Authenticator,Credential Management,e4gi378c,15531507,Tenant Admin Portal - How to log into Tenant Admin Portal using Personal Passkey,https://oloid.help/en/articles/15531507-tenant-admin-portal-how-to-log-into-tenant-admin-portal-using-personal-passkey,published,2026-06-17 10:07:12,2026-07-30 06:51:26
307,Passwordless Authenticator,Windows Login v2.0,e4gi378c,15885299,Windows Login v2.0 - How to Deploy Windows Passwordless 2.0 using Command Line,https://oloid.help/en/articles/15885299-windows-login-v2-0-how-to-deploy-windows-passwordless-2-0-using-command-line,published,2026-07-09 07:17:16,2026-07-29 08:43:14
316,Passwordless Authenticator,Windows Login v2.0,e4gi378c,16012060,Windows Login v2.0 - How to Enable Focus Monitor for Presence Detection,https://oloid.help/en/articles/16012060-windows-login-v2-0-how-to-enable-focus-monitor-for-presence-detection,published,2026-07-21 08:36:04,2026-07-27 07:09:01
329,Passwordless Authenticator,Oloid Device Lock - Supporting Documents,e4gi378c,15585377,DeviceLock - How to Configure a QR Code Scanner using Zebra DataWedge Application on Zebra Device,https://oloid.help/en/articles/15585377-devicelock-how-to-configure-a-qr-code-scanner-using-zebra-datawedge-application-on-zebra-device,published,2026-06-22 05:02:51,2026-07-07 08:52:07
334,Passwordless Authenticator,Windows Login v2.0,e4gi378c,15653468,Windows Login 2.0 - How to Download and Automatically Pair Windows Device during Installation,https://oloid.help/en/articles/15653468-windows-login-2-0-how-to-download-and-automatically-pair-windows-device-during-installation,published,2026-06-26 07:33:48,2026-07-20 08:45:21
343,Passwordless Authenticator,Platform Configuration - WebKey,e4gi378c,15420148,Webkey - How to Enable Oloid Session in the Tenant Admin Portal,https://oloid.help/en/articles/15420148-webkey-how-to-enable-oloid-session-in-the-tenant-admin-portal,published,2026-06-08 09:22:34,2026-07-10 08:33:13
344,Passwordless Authenticator,Credential Management,e4gi378c,13856872,Tenant Admin Portal - How to Generate Personal Passkey,https://oloid.help/en/articles/13856872-tenant-admin-portal-how-to-generate-personal-passkey,published,2026-02-25 07:50:47,2026-07-10 04:59:38
347,Passwordless Authenticator,Windows Login v2.0,e4gi378c,14634022,Windows Login v2.0 - Overview,https://oloid.help/en/articles/14634022-windows-login-v2-0-overview,published,2026-04-15 07:35:27,2026-07-09 07:16:06
349,Passwordless Authenticator,Platform Configuration - WebKey,e4gi378c,10800135,Webkey - How to Configure Theme tab for Webkey Application in the Tenant Admin Portal,https://oloid.help/en/articles/10800135-webkey-how-to-configure-theme-tab-for-webkey-application-in-the-tenant-admin-portal,published,2025-03-17 08:43:04,2026-07-08 10:38:14
352,Passwordless Authenticator,Credential Management,e4gi378c,13884713,Tenant Admin Portal - How to Log in to the Tenant Admin Portal using Oloid Passkey (Webkey) SSO,https://oloid.help/en/articles/13884713-tenant-admin-portal-how-to-log-in-to-the-tenant-admin-portal-using-oloid-passkey-webkey-sso,published,2026-02-27 06:07:05,2026-07-08 08:52:01
353,Passwordless Authenticator,Oloid Device Lock - Supporting Documents,e4gi378c,15642129,Oloid DeviceLock - Credential Onboarding,https://oloid.help/en/articles/15642129-oloid-devicelock-credential-onboarding,published,2026-06-25 03:59:49,2026-07-08 05:23:28
354,Passwordless Authenticator,Windows Login v1.0,e4gi378c,15442823,Windows Login - Credential Onboarding,https://oloid.help/en/articles/15442823-windows-login-credential-onboarding,published,2026-06-10 07:38:56,2026-07-02 04:30:08
355,Passwordless Authenticator,Windows Login v2.0,e4gi378c,15457971,Windows Login v2.0 - How to Enable Windows Post-login Module,https://oloid.help/en/articles/15457971-windows-login-v2-0-how-to-enable-windows-post-login-module,published,2026-06-11 09:02:19,2026-07-08 03:49:25
356,Passwordless Authenticator,Device Lock - Admin Mode,e4gi378c,12741589,DeviceLock App - How to assign a Badge for Users in the DeviceLock App through Admin Mode,https://oloid.help/en/articles/12741589-devicelock-app-how-to-assign-a-badge-for-users-in-the-devicelock-app-through-admin-mode,published,2025-11-04 09:26:10,2026-07-07 19:12:04
360,Passwordless Authenticator,Platform Configuration - WebKey,e4gi378c,15733222,Webkey - How to Enable Personal Passkey in the Tenant Admin Portal,https://oloid.help/en/articles/15733222-webkey-how-to-enable-personal-passkey-in-the-tenant-admin-portal,published,2026-07-01 08:45:57,2026-07-07 08:15:18
365,Passwordless Authenticator,Windows Login v2.0,e4gi378c,15516986,Windows Login v2.0 - How to Add Supervisor Note in Windows Alerts,https://oloid.help/en/articles/15516986-windows-login-v2-0-how-to-add-supervisor-note-in-windows-alerts,published,2026-06-16 09:36:19,2026-07-07 07:03:51
368,Passwordless Authenticator,Windows Login v2.0,e4gi378c,15431849,Windows login 2.0 - How to Set User Cache Validity,https://oloid.help/en/articles/15431849-windows-login-2-0-how-to-set-user-cache-validity,published,2026-06-09 09:20:46,2026-07-06 05:28:32
374,Passwordless Authenticator,Getting Started with WebKey,e4gi378c,15611548,Webkey - Credential Onboarding,https://oloid.help/en/articles/15611548-webkey-credential-onboarding,published,2026-06-24 03:51:31,2026-07-01 09:06:23
380,Passwordless Authenticator,Platform Configuration,e4gi378c,12157546,DeviceLock App - How to Assign NFC/ID for Users in the DeviceLock App through Admin Mode,https://oloid.help/en/articles/12157546-devicelock-app-how-to-assign-nfc-id-for-users-in-the-devicelock-app-through-admin-mode,published,2025-09-04 10:21:58,2026-06-30 08:48:07
381,Passwordless Authenticator,Device Lock - Admin Mode,e4gi378c,12741303,DeviceLock App - How to Assign QR Code for Users in the DeviceLock App through Admin Mode,https://oloid.help/en/articles/12741303-devicelock-app-how-to-assign-qr-code-for-users-in-the-devicelock-app-through-admin-mode,published,2025-11-04 08:08:37,2026-06-30 08:44:53
382,Passwordless Authenticator,Platform Configuration,e4gi378c,12156735,Oloid DeviceLock App - How to Add Face for Users in the DeviceLock App through Admin Mode,https://oloid.help/en/articles/12156735-oloid-devicelock-app-how-to-add-face-for-users-in-the-devicelock-app-through-admin-mode,published,2025-09-04 07:35:57,2026-06-30 08:42:57
383,Passwordless Authenticator,Platform Configuration,e4gi378c,12157257,DeviceLock App - How to assign a PIN for Users in the DeviceLock App through Admin Mode,https://oloid.help/en/articles/12157257-devicelock-app-how-to-assign-a-pin-for-users-in-the-devicelock-app-through-admin-mode,published,2025-09-04 09:25:30,2026-06-30 08:40:18
384,Passwordless Authenticator,User Guides - Windows Login,e4gi378c,14074958,Windows Login - How to Reset PIN in Windows Login Using Badge and Forgot PIN,https://oloid.help/en/articles/14074958-windows-login-how-to-reset-pin-in-windows-login-using-badge-and-forgot-pin,published,2026-03-16 04:19:32,2026-06-29 09:19:49
385,Passwordless Authenticator,User Guides - Windows Login,e4gi378c,13615607,Windows Application - How to Enroll Face and PIN Credentials through Windows Default Domain,https://oloid.help/en/articles/13615607-windows-application-how-to-enroll-face-and-pin-credentials-through-windows-default-domain,published,2026-02-04 06:10:34,2026-06-29 09:19:18
388,Passwordless Authenticator,User Guides - Windows Login,e4gi378c,10956677,Windows Login - How to Create missing Windows Credential,https://oloid.help/en/articles/10956677-windows-login-how-to-create-missing-windows-credential,published,2025-03-27 07:00:35,2026-06-29 09:16:35
389,Passwordless Authenticator,User Guides - Windows Login,e4gi378c,10932990,Windows Login - How to Enroll Credentials,https://oloid.help/en/articles/10932990-windows-login-how-to-enroll-credentials,published,2025-03-26 05:10:52,2026-06-29 09:16:27
390,Passwordless Authenticator,User Guides - Windows Login,e4gi378c,9991972,Windows Login - How to Enroll Badge,https://oloid.help/en/articles/9991972-windows-login-how-to-enroll-badge,published,2024-10-14 09:19:42,2026-06-29 09:13:15
391,Passwordless Authenticator,User Guides - Windows Login,e4gi378c,8893874,Windows Login - How to log in to Windows device using Username and Face,https://oloid.help/en/articles/8893874-windows-login-how-to-log-in-to-windows-device-using-username-and-face,published,2024-02-01 03:52:44,2026-06-29 09:12:29
392,Passwordless Authenticator,User Guides - Windows Login,e4gi378c,10626849,Windows Login - How to log in to Windows device using QR Code,https://oloid.help/en/articles/10626849-windows-login-how-to-log-in-to-windows-device-using-qr-code,published,2025-02-24 10:08:37,2026-06-29 09:10:35
393,Passwordless Authenticator,User Guides - Windows Login,e4gi378c,8637172,Windows Login - How to log in to Windows device using Face,https://oloid.help/en/articles/8637172-windows-login-how-to-log-in-to-windows-device-using-face,published,2023-11-27 06:52:27,2026-06-29 09:10:01
394,Passwordless Authenticator,User Guides - Windows Login,e4gi378c,10627189,Windows Login - How to log in to Windows device using QR Code and PIN,https://oloid.help/en/articles/10627189-windows-login-how-to-log-in-to-windows-device-using-qr-code-and-pin,published,2025-02-24 10:42:40,2026-06-29 09:08:48
395,Passwordless Authenticator,User Guides - Windows Login,e4gi378c,8641938,Windows Login - How to log in to Windows device using Badge,https://oloid.help/en/articles/8641938-windows-login-how-to-log-in-to-windows-device-using-badge,published,2023-11-28 05:00:06,2026-06-29 09:07:53
396,Passwordless Authenticator,User Guides - Windows Login,e4gi378c,8893845,Windows Login - How to log in to Windows device using Badge and PIN,https://oloid.help/en/articles/8893845-windows-login-how-to-log-in-to-windows-device-using-badge-and-pin,published,2024-02-01 03:29:03,2026-06-29 09:07:28
398,Passwordless Authenticator,Admin Guides- Windows Login,e4gi378c,14698260,Windows Login - How to Configure Badge ID for Windows Login,https://oloid.help/en/articles/14698260-windows-login-how-to-configure-badge-id-for-windows-login,published,2026-04-21 03:22:44,2026-06-29 08:53:15
399,Passwordless Authenticator,Admin Guides- Windows Login,e4gi378c,14015958,Windows Login - How to Enable Forgot PIN Link for Windows Login,https://oloid.help/en/articles/14015958-windows-login-how-to-enable-forgot-pin-link-for-windows-login,published,2026-03-10 08:25:03,2026-06-29 08:52:56
400,Passwordless Authenticator,Admin Guides- Windows Login,e4gi378c,13348724,Windows Login - How to Add a Group to Windows Shared Passwords,https://oloid.help/en/articles/13348724-windows-login-how-to-add-a-group-to-windows-shared-passwords,published,2026-01-09 08:41:11,2026-06-29 08:51:10
401,Passwordless Authenticator,Admin Guides- Windows Login,e4gi378c,12576484,Windows Login - How to apply Endpoint Template after Auto-pair for Windows Login in the Tenant Admin Portal,https://oloid.help/en/articles/12576484-windows-login-how-to-apply-endpoint-template-after-auto-pair-for-windows-login-in-the-tenant-admin-portal,published,2025-10-14 04:54:14,2026-06-29 08:50:38
403,Passwordless Authenticator,Admin Guides- Windows Login,e4gi378c,12266470,Windows Login - How to enable Windows Default Domain for Windows Login in the Tenant Admin Portal,https://oloid.help/en/articles/12266470-windows-login-how-to-enable-windows-default-domain-for-windows-login-in-the-tenant-admin-portal,published,2025-09-11 09:21:47,2026-06-29 08:48:37
404,Passwordless Authenticator,Admin Guides- Windows Login,e4gi378c,11484465,Windows Login - How to Enable and Configure NFC/ID Credential for Windows Login in Tenant Admin Portal,https://oloid.help/en/articles/11484465-windows-login-how-to-enable-and-configure-nfc-id-credential-for-windows-login-in-tenant-admin-portal,published,2025-05-30 09:55:56,2026-06-29 08:48:23
406,Passwordless Authenticator,Admin Guides- Windows Login,e4gi378c,12412511,Windows Login - How to enable Duo MFA credential for Windows Login in the Tenant Admin Portal,https://oloid.help/en/articles/12412511-windows-login-how-to-enable-duo-mfa-credential-for-windows-login-in-the-tenant-admin-portal,published,2025-09-25 06:33:46,2026-06-29 08:45:45
407,Passwordless Authenticator,Admin Guides- Windows Login,e4gi378c,11330684,Windows Login - Set up Preferred Machine Configuration for Windows Login,https://oloid.help/en/articles/11330684-windows-login-set-up-preferred-machine-configuration-for-windows-login,published,2025-05-09 07:04:01,2026-06-29 08:40:35
408,Passwordless Authenticator,Admin Guides- Windows Login,e4gi378c,11722938,Windows Login - How to configure PC/SC Badge configuration in the Tenant Admin Portal,https://oloid.help/en/articles/11722938-windows-login-how-to-configure-pc-sc-badge-configuration-in-the-tenant-admin-portal,published,2025-07-07 13:57:25,2026-06-29 08:40:11
409,Passwordless Authenticator,Admin Guides- Windows Login,e4gi378c,11507597,Windows Login - How to configure Password credential for Windows Login,https://oloid.help/en/articles/11507597-windows-login-how-to-configure-password-credential-for-windows-login,published,2025-06-04 05:45:45,2026-06-29 08:39:48
410,Passwordless Authenticator,Admin Guides- Windows Login,e4gi378c,11569086,Windows Login - Troubleshooting Auto-Config Pairing failure in Supervisor App,https://oloid.help/en/articles/11569086-windows-login-troubleshooting-auto-config-pairing-failure-in-supervisor-app,published,2025-06-13 08:50:54,2026-06-29 08:39:30
411,Passwordless Authenticator,Admin Guides- Windows Login,e4gi378c,11476775,Windows Login - How to Configure Face Credential for Windows Login in the Tenant Admin Portal,https://oloid.help/en/articles/11476775-windows-login-how-to-configure-face-credential-for-windows-login-in-the-tenant-admin-portal,published,2025-05-29 04:19:33,2026-06-29 08:39:16
412,Passwordless Authenticator,Admin Guides- Windows Login,e4gi378c,11274692,Windows Login - How to configure Badge Auth Source,https://oloid.help/en/articles/11274692-windows-login-how-to-configure-badge-auth-source,published,2025-05-07 04:15:55,2026-06-29 08:37:13
413,Passwordless Authenticator,Admin Guides- Windows Login,e4gi378c,10912821,Windows Login - How to enable Credential Updates and Enrollment for Windows Login,https://oloid.help/en/articles/10912821-windows-login-how-to-enable-credential-updates-and-enrollment-for-windows-login,published,2025-03-25 04:40:10,2026-06-29 08:34:44
414,Passwordless Authenticator,Admin Guides- Windows Login,e4gi378c,10900687,Windows Login - How to Enable Validate Windows Credential for Windows Login,https://oloid.help/en/articles/10900687-windows-login-how-to-enable-validate-windows-credential-for-windows-login,published,2025-03-24 08:44:33,2026-06-29 08:33:58
415,Passwordless Authenticator,Admin Guides- Windows Login,e4gi378c,10501612,Windows Login - How to create and configure Windows Login Endpoint Template in the Tenant Admin Portal,https://oloid.help/en/articles/10501612-windows-login-how-to-create-and-configure-windows-login-endpoint-template-in-the-tenant-admin-portal,published,2025-02-03 07:12:37,2026-06-29 08:29:06
416,Passwordless Authenticator,Admin Guides- Windows Login,e4gi378c,10449230,Windows Login - How to Install and Auto-Pair Windows Authenticator App through MDM,https://oloid.help/en/articles/10449230-windows-login-how-to-install-and-auto-pair-windows-authenticator-app-through-mdm,published,2025-01-23 08:51:16,2026-06-29 08:28:33
417,Passwordless Authenticator,Admin Guides- Windows Login,e4gi378c,9399762,Windows Login - How to configure rf IDEAS readers for NFC tag,https://oloid.help/en/articles/9399762-windows-login-how-to-configure-rf-ideas-readers-for-nfc-tag,published,2024-05-30 12:47:00,2026-06-29 08:25:19
418,Passwordless Authenticator,Admin Guides- Windows Login,e4gi378c,8512463,Windows Login - How to pair Windows Login endpoint from Supervisor App,https://oloid.help/en/articles/8512463-windows-login-how-to-pair-windows-login-endpoint-from-supervisor-app,published,2023-10-25 06:17:23,2026-06-29 08:25:05
419,Passwordless Authenticator,Admin Guides- Windows Login,e4gi378c,9446862,Windows Login - Credential set up using Oloid Platform,https://oloid.help/en/articles/9446862-windows-login-credential-set-up-using-oloid-platform,published,2024-06-10 04:14:35,2026-06-29 08:23:59
420,Passwordless Authenticator,Admin Guides- Windows Login,e4gi378c,9413193,Windows Login - Platform Configuration for initial Windows Login Set up,https://oloid.help/en/articles/9413193-windows-login-platform-configuration-for-initial-windows-login-set-up,published,2024-06-03 07:46:22,2026-06-29 08:23:02
422,Passwordless Authenticator,Windows Login - Supporting Documents,e4gi378c,10012056,Integration Guide for Tap-to-Login and Tap-Badge-to-Logout for Windows Native Apps,https://oloid.help/en/articles/10012056-integration-guide-for-tap-to-login-and-tap-badge-to-logout-for-windows-native-apps,published,2024-10-18 17:28:13,2024-10-18 17:29:26
423,Passwordless Authenticator,Windows Login - Supporting Documents,e4gi378c,14699959,Windows Passwordless Authenticator – Troubleshooting Guide,https://oloid.help/en/articles/14699959-windows-passwordless-authenticator-troubleshooting-guide,published,2026-04-21 06:38:55,2026-05-29 08:08:21
424,Passwordless Authenticator,Windows Login- Presence Detection Guides,e4gi378c,11142962,Windows Login App (Presence Detection) - Hardware and Software Requirements,https://oloid.help/en/articles/11142962-windows-login-app-presence-detection-hardware-and-software-requirements,published,2025-04-25 07:25:07,2026-06-04 09:17:19
425,Passwordless Authenticator,Windows Login v1 - Installation and Deployment,e4gi378c,10568115,"How to download, install, and configure Windows Authenticator App",https://oloid.help/en/articles/10568115-how-to-download-install-and-configure-windows-authenticator-app,published,2025-02-17 05:39:49,2025-04-04 06:45:18
426,Passwordless Authenticator,Admin Guides- Windows Login,e4gi378c,9382300,Setting up and using Windows Login,https://oloid.help/en/articles/9382300-setting-up-and-using-windows-login,published,2024-05-27 07:22:24,2025-01-31 10:17:19
427,Passwordless Authenticator,Windows Login v2.0,e4gi378c,15529405,Windows Login v2.0 - How to Deploy Windows Login v2.0 using Microsoft Configuration Manager (SCCM),https://oloid.help/en/articles/15529405-windows-login-v2-0-how-to-deploy-windows-login-v2-0-using-microsoft-configuration-manager-sccm,published,2026-06-17 05:43:31,2026-06-25 10:01:29
444,Passwordless Authenticator,Windows Login v2.0,e4gi378c,13670102,"Windows Login v2.0 - How to Install, and Auto-Pair Windows Login v2.0 App",https://oloid.help/en/articles/13670102-windows-login-v2-0-how-to-install-and-auto-pair-windows-login-v2-0-app,published,2026-02-09 04:57:35,2026-06-18 07:13:56
447,Passwordless Authenticator,Windows Login v2.0,e4gi378c,15357528,Windows Login v2.0 - How to Deploy Windows Login v2.0 using Microsoft Intune (MDM),https://oloid.help/en/articles/15357528-windows-login-v2-0-how-to-deploy-windows-login-v2-0-using-microsoft-intune-mdm,published,2026-06-03 04:13:54,2026-06-17 11:18:30
455,Passwordless Authenticator,Platform Configuration,e4gi378c,8698213,How to Create and Configure DeviceLock Application in the Tenant Admin Portal,https://oloid.help/en/articles/8698213-how-to-create-and-configure-devicelock-application-in-the-tenant-admin-portal,published,2023-12-12 10:48:04,2026-06-15 06:57:18
457,Passwordless Authenticator,Videos - Windows Login 2.0,e4gi378c,15458774,Windows login v2.0 - How to set user cache validity - Video Tutorial,https://oloid.help/en/articles/15458774-windows-login-v2-0-how-to-set-user-cache-validity-video-tutorial,published,2026-06-11 10:33:03,2026-06-12 07:39:01
458,Passwordless Authenticator,Videos - Windows Login 2.0,e4gi378c,15477811,Windows Login v2.0 - How to download Windows Login v2.0 installer file from Tenant Admin Portal - Video Tutorial,https://oloid.help/en/articles/15477811-windows-login-v2-0-how-to-download-windows-login-v2-0-installer-file-from-tenant-admin-portal-video-tutorial,published,2026-06-12 07:39:17,2026-06-12 07:44:45
463,Passwordless Authenticator,Videos - Windows Login 2.0,e4gi378c,15458617,Windows Login v2.0 - How to access Dev Dashboard - Video Tutorial,https://oloid.help/en/articles/15458617-windows-login-v2-0-how-to-access-dev-dashboard-video-tutorial,published,2026-06-11 10:20:23,2026-06-11 10:29:29
465,Passwordless Authenticator,Videos - Windows Login 2.0,e4gi378c,15443061,Untitled public article,,draft,2026-06-10 08:05:52,2026-06-10 08:05:52
467,Passwordless Authenticator,Platform Configuration - WebKey,e4gi378c,15220838,Webkey - How to generate Auto-Pair config file for Webkey in Tenant Admin Portal,https://oloid.help/en/articles/15220838-webkey-how-to-generate-auto-pair-config-file-for-webkey-in-tenant-admin-portal,published,2026-05-22 05:51:25,2026-06-09 10:29:09
468,Passwordless Authenticator,Platform Configuration - WebKey,e4gi378c,13597272,Webkey - How to Enable Oloid (Webkey) SSO login,https://oloid.help/en/articles/13597272-webkey-how-to-enable-oloid-webkey-sso-login,published,2026-02-02 05:57:45,2026-06-09 10:27:48
469,Passwordless Authenticator,Platform Configuration - WebKey,e4gi378c,9545445,WebKey - How to configure Browser Fingerprint from Failed Transactions in the Tenant Admin Portal,https://oloid.help/en/articles/9545445-webkey-how-to-configure-browser-fingerprint-from-failed-transactions-in-the-tenant-admin-portal,published,2024-07-01 05:14:00,2026-06-09 10:26:48
470,Passwordless Authenticator,Platform Configuration - WebKey,e4gi378c,13175211,Webkey - How to Add a Device from Failed Transactions in the Tenant Admin Portal,https://oloid.help/en/articles/13175211-webkey-how-to-add-a-device-from-failed-transactions-in-the-tenant-admin-portal,published,2025-12-17 05:40:55,2026-06-09 10:25:29
471,Passwordless Authenticator,Platform Configuration - WebKey,e4gi378c,11494129,Webkey - How to configure QR Code credential for Webkey in the Tenant Admin Portal,https://oloid.help/en/articles/11494129-webkey-how-to-configure-qr-code-credential-for-webkey-in-the-tenant-admin-portal,published,2025-06-02 05:56:49,2026-06-09 10:24:22
472,Passwordless Authenticator,Platform Configuration - WebKey,e4gi378c,11494069,Webkey - How to configure Badge ID credential for Webkey in the Tenant Admin Portal,https://oloid.help/en/articles/11494069-webkey-how-to-configure-badge-id-credential-for-webkey-in-the-tenant-admin-portal,published,2025-06-02 05:22:46,2026-06-09 10:23:27
473,Passwordless Authenticator,Platform Configuration - WebKey,e4gi378c,11501228,Webkey - How to configure PIN credential for Webkey,https://oloid.help/en/articles/11501228-webkey-how-to-configure-pin-credential-for-webkey,published,2025-06-03 03:00:10,2026-06-09 10:22:30
474,Passwordless Authenticator,Platform Configuration - WebKey,e4gi378c,11659241,Webkey – How to Configure a Custom User Agent for Webkey,https://oloid.help/en/articles/11659241-webkey-how-to-configure-a-custom-user-agent-for-webkey,published,2025-06-26 05:39:19,2026-06-09 10:21:28
475,Passwordless Authenticator,Platform Configuration - WebKey,e4gi378c,11401191,Webkey – How to Link Webkey with an Identity Provider (IDP) in Tenant Admin Portal,https://oloid.help/en/articles/11401191-webkey-how-to-link-webkey-with-an-identity-provider-idp-in-tenant-admin-portal,published,2025-05-19 04:54:48,2026-06-09 10:20:34
476,Passwordless Authenticator,Platform Configuration - WebKey,e4gi378c,10469404,Webkey – How to Identify Spoofing in Webkey,https://oloid.help/en/articles/10469404-webkey-how-to-identify-spoofing-in-webkey,published,2025-01-27 09:32:07,2026-06-09 10:19:55
477,Passwordless Authenticator,Platform Configuration - WebKey,e4gi378c,10454903,Webkey - How to Configure Manual Face Capture for Webkey,https://oloid.help/en/articles/10454903-webkey-how-to-configure-manual-face-capture-for-webkey,published,2025-01-24 06:44:38,2026-06-09 10:19:23
478,Passwordless Authenticator,Platform Configuration - WebKey,e4gi378c,9351882,WebKey - Credential Setup,https://oloid.help/en/articles/9351882-webkey-credential-setup,published,2024-05-20 07:55:18,2026-06-09 10:18:19
479,Passwordless Authenticator,Platform Configuration - WebKey,e4gi378c,9285899,Webkey – How to Configure Platform Settings for Initial Webkey Setup,https://oloid.help/en/articles/9285899-webkey-how-to-configure-platform-settings-for-initial-webkey-setup,published,2024-05-06 07:35:25,2026-06-09 10:17:18
480,Passwordless Authenticator,Getting Started with WebKey,e4gi378c,9886273,Webkey - Camera Hardware Specification for Oloid's Passwordless Solution,https://oloid.help/en/articles/9886273-webkey-camera-hardware-specification-for-oloid-s-passwordless-solution,published,2024-09-17 05:34:11,2026-06-09 10:16:34
481,Passwordless Authenticator,Getting Started with WebKey,e4gi378c,8596237,Webkey – How to Set Up and Use Webkey,https://oloid.help/en/articles/8596237-webkey-how-to-set-up-and-use-webkey,published,2023-11-16 07:57:47,2026-06-09 10:15:49
482,Passwordless Authenticator,Getting Started with WebKey,e4gi378c,8607053,Webkey – How the Webkey Application Works,https://oloid.help/en/articles/8607053-webkey-how-the-webkey-application-works,published,2023-11-20 04:46:01,2026-06-09 10:14:48
483,Passwordless Authenticator,Getting Started with WebKey,e4gi378c,9277609,Webkey - Overview,https://oloid.help/en/articles/9277609-webkey-overview,published,2024-05-03 10:13:50,2026-06-09 10:13:29
486,Passwordless Authenticator,Oloid Device Lock - Supporting Documents,e4gi378c,15390338,DeviceLock – Network URL Whitelisting Requirements for Preview/UAT Environment,https://oloid.help/en/articles/15390338-devicelock-network-url-whitelisting-requirements-for-preview-uat-environment,published,2026-06-05 06:09:22,2026-06-08 11:06:34
487,Passwordless Authenticator,Oloid Device Lock - Supporting Documents,e4gi378c,15390337,DeviceLock – Network URL Whitelisting Requirements for Prod (EU) Environment,https://oloid.help/en/articles/15390337-devicelock-network-url-whitelisting-requirements-for-prod-eu-environment,published,2026-06-05 06:09:01,2026-06-08 11:06:18
488,Passwordless Authenticator,Oloid Device Lock - Supporting Documents,e4gi378c,15390331,DeviceLock – Network URL Whitelisting Requirements for Prod (US) Environment,https://oloid.help/en/articles/15390331-devicelock-network-url-whitelisting-requirements-for-prod-us-environment,published,2026-06-05 06:08:14,2026-06-08 11:05:27
497,Passwordless Authenticator,Windows Login v2.0,e4gi378c,15135914,Windows Login v2.0 - Network URL Whitelisting Requirements for PROD (EU) Environment,https://oloid.help/en/articles/15135914-windows-login-v2-0-network-url-whitelisting-requirements-for-prod-eu-environment,published,2026-05-15 12:50:34,2026-06-05 04:10:15
498,Passwordless Authenticator,Windows Login v1.0,e4gi378c,15132277,Windows Login 1.0 – Network URL Whitelisting Requirements for PROD (US) Environment,https://oloid.help/en/articles/15132277-windows-login-1-0-network-url-whitelisting-requirements-for-prod-us-environment,published,2026-05-15 11:14:34,2026-06-05 04:10:01
499,Passwordless Authenticator,Windows Login v1.0,e4gi378c,15130551,Windows Login v1.0 - Network URL Whitelisting Requirements for Preview/UAT Environment,https://oloid.help/en/articles/15130551-windows-login-v1-0-network-url-whitelisting-requirements-for-preview-uat-environment,published,2026-05-15 10:27:41,2026-06-05 04:09:25
500,Passwordless Authenticator,Windows Login v2.0,e4gi378c,15135602,Windows Login v2.0 - Network URL Whitelisting Requirements for PROD (US) Environment,https://oloid.help/en/articles/15135602-windows-login-v2-0-network-url-whitelisting-requirements-for-prod-us-environment,published,2026-05-15 12:42:19,2026-06-05 04:09:08
501,Passwordless Authenticator,Windows Login v1.0,e4gi378c,15132475,Windows Login 1.0 – Network URL Whitelisting Requirements for PROD (EU) Environment,https://oloid.help/en/articles/15132475-windows-login-1-0-network-url-whitelisting-requirements-for-prod-eu-environment,published,2026-05-15 11:20:26,2026-06-05 04:08:49
502,Passwordless Authenticator,Getting Started with WebKey,e4gi378c,15372908,Webkey – Network URL Whitelisting Requirements for PROD (EU) Environment,https://oloid.help/en/articles/15372908-webkey-network-url-whitelisting-requirements-for-prod-eu-environment,published,2026-06-04 05:07:33,2026-06-05 04:08:15
503,Passwordless Authenticator,Getting Started with WebKey,e4gi378c,15372883,Webkey – Network URL Whitelisting Requirements for PROD (US) Environment,https://oloid.help/en/articles/15372883-webkey-network-url-whitelisting-requirements-for-prod-us-environment,published,2026-06-04 05:01:14,2026-06-05 04:07:51
504,Passwordless Authenticator,Getting Started with WebKey,e4gi378c,15372920,Webkey – Network URL Whitelisting Requirements for Preview/UAT Environment,https://oloid.help/en/articles/15372920-webkey-network-url-whitelisting-requirements-for-preview-uat-environment,published,2026-06-04 05:10:06,2026-06-05 04:07:23
506,Passwordless Authenticator,Windows Login v2.0,e4gi378c,13670511,Windows Login v2.0 - Hardware and Software Requirements,https://oloid.help/en/articles/13670511-windows-login-v2-0-hardware-and-software-requirements,published,2026-02-09 06:54:45,2026-06-04 09:19:25
507,Passwordless Authenticator,Windows Login v1.0,e4gi378c,10419365,Windows Login v1.0 - Hardware and Software Requirements,https://oloid.help/en/articles/10419365-windows-login-v1-0-hardware-and-software-requirements,published,2025-01-17 06:29:05,2026-06-04 09:18:48
511,Passwordless Authenticator,Platform Configuration,e4gi378c,10009894,Tenant Admin Portal - How to Configure Theme Tab for DeviceLock App,https://oloid.help/en/articles/10009894-tenant-admin-portal-how-to-configure-theme-tab-for-devicelock-app,published,2024-10-18 05:45:55,2026-06-02 11:03:00
514,Passwordless Authenticator,Passwordless Authenticator- Supporting Documents,e4gi378c,8463554,User Onboarding for Oloid Portal,https://oloid.help/en/articles/8463554-user-onboarding-for-oloid-portal,published,2023-10-11 10:08:59,2026-05-29 05:36:22
525,Passwordless Authenticator,Windows Login v2.0,e4gi378c,15068049,Windows Login v2.0 - Feature-to-Capability Mapping,https://oloid.help/en/articles/15068049-windows-login-v2-0-feature-to-capability-mapping,published,2026-05-12 08:11:55,2026-05-28 04:21:37
526,Passwordless Authenticator,Windows Login v2.0,e4gi378c,15069295,Windows Login v2.0 - How to download Windows Login v2.0 installer file from Tenant Admin Portal,https://oloid.help/en/articles/15069295-windows-login-v2-0-how-to-download-windows-login-v2-0-installer-file-from-tenant-admin-portal,published,2026-05-12 11:00:21,2026-05-28 04:14:03
527,Passwordless Authenticator,Windows Login v2.0,e4gi378c,14796550,Windows Login v2.0 - How to access Dev Dashboard,https://oloid.help/en/articles/14796550-windows-login-v2-0-how-to-access-dev-dashboard,published,2026-04-28 03:26:46,2026-05-28 04:12:18
530,Passwordless Authenticator,Windows Login v2.0,e4gi378c,15201297,Windows Login v2.0 - How to Deploy Windows Login v2.0 using ManageEngine Endpoint Central (MDM),https://oloid.help/en/articles/15201297-windows-login-v2-0-how-to-deploy-windows-login-v2-0-using-manageengine-endpoint-central-mdm,published,2026-05-21 05:25:19,2026-05-26 05:56:42
532,Passwordless Authenticator,Admin Guides - Oloid Connect for Passwordless,e4gi378c,9784753,Setting up and using Oloid Connect for Passwordless,https://oloid.help/en/articles/9784753-setting-up-and-using-oloid-connect-for-passwordless,published,2024-08-26 05:44:51,2026-03-13 06:52:09
549,Passwordless Authenticator,Windows Login v2.0,e4gi378c,14730405,Windows 2.0 Network Whitelisting Requirements,https://oloid.help/en/articles/14730405-windows-2-0-network-whitelisting-requirements,published,2026-04-22 23:37:03,2026-05-20 08:28:28
598,Passwordless Authenticator,Webkey- Supporting Documents,e4gi378c,9886279,Guidelines for Face Enrollment /Onboarding images,https://oloid.help/en/articles/9886279-guidelines-for-face-enrollment-onboarding-images,published,2024-09-17 05:37:17,2026-05-13 06:35:49
599,Passwordless Authenticator,Videos- Windows Login,e4gi378c,11135637,How to enroll credentials using Windows Login App - Video Tutorial,https://oloid.help/en/articles/11135637-how-to-enroll-credentials-using-windows-login-app-video-tutorial,published,2025-04-24 06:49:24,2026-05-12 10:42:25
603,Passwordless Authenticator,Admin Guides - Oloid Connect for Passwordless,e4gi378c,9896977,How to Create and Configure Oloid Connect Passwordless Application in Tenant Admin Portal,https://oloid.help/en/articles/9896977-how-to-create-and-configure-oloid-connect-passwordless-application-in-tenant-admin-portal,published,2024-09-19 11:52:21,2026-05-08 10:55:03
607,Passwordless Authenticator,Oloid Device Lock - Supporting Documents,e4gi378c,14685443,Set up Oloid DeviceLock on Android using Microsoft Intune (MDM),https://oloid.help/en/articles/14685443-set-up-oloid-devicelock-on-android-using-microsoft-intune-mdm,published,2026-04-20 05:59:09,2026-05-06 05:24:08
610,Passwordless Authenticator,Passwordless Authenticator,e4gi378c,7199805,What is Passwordless Authenticator,,draft,2023-03-28 04:55:05,2024-06-14 06:01:01
615,Passwordless Authenticator,Videos - Device Lock,e4gi378c,14816953,Oloid Device lock - How to configure Offline Intent Screen in Tenant Admin Portal - Video Tutorial,https://oloid.help/en/articles/14816953-oloid-device-lock-how-to-configure-offline-intent-screen-in-tenant-admin-portal-video-tutorial,published,2026-04-29 07:28:48,2026-04-29 07:43:40
616,Passwordless Authenticator,Device Lock - Admin Settings,e4gi378c,13330667,DeviceLock App - How to Configure Endpoint in the Tenant Admin Portal,https://oloid.help/en/articles/13330667-devicelock-app-how-to-configure-endpoint-in-the-tenant-admin-portal,published,2026-01-07 03:37:05,2026-04-29 05:54:16
618,Passwordless Authenticator,Videos- Windows Login,e4gi378c,11135808,Windows Login - How to enable Credential Updates and Enrollment in the Tenant Admin Portal - Video Tutorial,https://oloid.help/en/articles/11135808-windows-login-how-to-enable-credential-updates-and-enrollment-in-the-tenant-admin-portal-video-tutorial,published,2025-04-24 07:58:19,2026-04-28 11:52:38
619,Passwordless Authenticator,Videos- Windows Login,e4gi378c,14805859,Windows Login - How to enroll Face and PIN credentials - Video Tutorial,https://oloid.help/en/articles/14805859-windows-login-how-to-enroll-face-and-pin-credentials-video-tutorial,published,2026-04-28 11:38:37,2026-04-28 11:49:38
623,Passwordless Authenticator,Admin Guides- Windows Login,e4gi378c,10616183,Windows Login - How to Configure Badge Out option,https://oloid.help/en/articles/10616183-windows-login-how-to-configure-badge-out-option,published,2025-02-21 10:05:11,2026-04-27 09:57:20
638,Passwordless Authenticator,Videos- Windows Login,e4gi378c,14666181,Windows Login - How to enable Face followed by PIN MFA in Tenant Admin Portal - Video Tutorial,https://oloid.help/en/articles/14666181-windows-login-how-to-enable-face-followed-by-pin-mfa-in-tenant-admin-portal-video-tutorial,published,2026-04-17 11:06:43,2026-04-17 11:10:34
648,Passwordless Authenticator,Videos- Windows Login,e4gi378c,14593076,How to Enable Okta Multi-Factor Authentication (MFA) Credential for Windows Login Application in the Tenant Admin Portal - Video Tutorial,https://oloid.help/en/articles/14593076-how-to-enable-okta-multi-factor-authentication-mfa-credential-for-windows-login-application-in-the-tenant-admin-portal-video-tutorial,published,2026-04-13 06:04:22,2026-04-13 06:11:09
654,Passwordless Authenticator,User Guide,e4gi378c,8522846,How to use Oloid's Device Lock App,,draft,2023-10-27 06:42:01,2026-04-07 15:19:16
668,Passwordless Authenticator,Videos- Windows Login,e4gi378c,14299842,How to Enable PingOne Multi-Factor Authentication (MFA) for Windows Login Application in the Tenant Admin Portal - Video Tutorial,https://oloid.help/en/articles/14299842-how-to-enable-pingone-multi-factor-authentication-mfa-for-windows-login-application-in-the-tenant-admin-portal-video-tutorial,published,2026-03-27 12:17:37,2026-03-27 12:29:54
669,Passwordless Authenticator,Videos- Windows Login,e4gi378c,14298394,How to Enable DUO Multi-Factor Authentication (MFA) Credential for Windows Login Application in the Tenant Admin Portal - Video Tutorial,https://oloid.help/en/articles/14298394-how-to-enable-duo-multi-factor-authentication-mfa-credential-for-windows-login-application-in-the-tenant-admin-portal-video-tutorial,published,2026-03-27 08:56:50,2026-03-27 12:29:33
691,Passwordless Authenticator,Oloid Android Passwordless Authenticator -DeviceLock,e4gi378c,13855587,Android Passwordless Device Unlock with Automatic Okta Login,https://oloid.help/en/articles/13855587-android-passwordless-device-unlock-with-automatic-okta-login,published,2026-02-25 02:32:42,2026-02-26 10:34:39
694,Passwordless Authenticator,Admin Guides - Oloid Connect for Passwordless,e4gi378c,8464035,Oloid Connect App - How to Log in to Admin Mode as a Supervisor or Admin,,draft,2023-10-11 12:52:07,2026-03-13 08:46:48
695,Passwordless Authenticator,Admin Guides - Oloid Connect for Passwordless,e4gi378c,8403824,Oloid Connect - Pairing Supervisor iPad to Passwordless Application,https://oloid.help/en/articles/8403824-oloid-connect-pairing-supervisor-ipad-to-passwordless-application,published,2023-09-22 14:37:27,2026-03-13 08:25:03
696,Passwordless Authenticator,Admin Guides - Oloid Connect for Passwordless,e4gi378c,8408159,Setting Up Application and Connections for Passwordless Login in the Oloid Connect Application,https://oloid.help/en/articles/8408159-setting-up-application-and-connections-for-passwordless-login-in-the-oloid-connect-application,published,2023-09-25 08:56:40,2026-03-13 05:41:04
697,Passwordless Authenticator,Admin Guides - Oloid Connect for Passwordless,e4gi378c,8400084,Installing the Oloid Connect App for Passwordless,https://oloid.help/en/articles/8400084-installing-the-oloid-connect-app-for-passwordless,published,2023-09-21 17:30:50,2026-03-13 05:13:48
698,Passwordless Authenticator,Videos- Windows Login,e4gi378c,14046447,Windows Login - How to configure PIN credential in the Tenant Admin Portal - Video Tutorial,https://oloid.help/en/articles/14046447-windows-login-how-to-configure-pin-credential-in-the-tenant-admin-portal-video-tutorial,published,2026-03-12 12:00:38,2026-03-12 12:08:11
700,Passwordless Authenticator,Admin Guides- Windows Login,e4gi378c,11484425,Windows Login - How to Configure PIN Credential in the Tenant Admin Portal,https://oloid.help/en/articles/11484425-windows-login-how-to-configure-pin-credential-in-the-tenant-admin-portal,published,2025-05-30 09:34:00,2026-03-11 11:08:09
703,Passwordless Authenticator,Videos- Windows Login,e4gi378c,14018398,Windows Login - How to configure 'Allow login through local credentials' - Video Tutorial,https://oloid.help/en/articles/14018398-windows-login-how-to-configure-allow-login-through-local-credentials-video-tutorial,published,2026-03-10 11:08:11,2026-03-10 11:20:37
721,Passwordless Authenticator,Admin Guides- Windows Login,e4gi378c,13644652,Windows Login - How to Enable Face Followed by PIN MFA in Tenant Admin Portal,https://oloid.help/en/articles/13644652-windows-login-how-to-enable-face-followed-by-pin-mfa-in-tenant-admin-portal,published,2026-02-06 05:45:57,2026-02-26 05:54:44
732,Passwordless Authenticator,Videos - Device Lock,e4gi378c,13751119,Oloid DeviceLock - How to enroll face as a user - Video Tutorial,https://oloid.help/en/articles/13751119-oloid-devicelock-how-to-enroll-face-as-a-user-video-tutorial,published,2026-02-17 11:10:09,2026-02-18 06:30:49
742,Passwordless Authenticator,Videos - Device Lock,e4gi378c,13713907,How to add Face as credential for a user in the DeviceLock App using Admin Mode - Video Tutorial,https://oloid.help/en/articles/13713907-how-to-add-face-as-credential-for-a-user-in-the-devicelock-app-using-admin-mode-video-tutorial,published,2026-02-12 09:08:34,2026-02-12 09:15:58
747,Passwordless Authenticator,Admin Guides- Windows Login,e4gi378c,13615407,Windows Login - How to Configure Allow Login Through Local Credentials,https://oloid.help/en/articles/13615407-windows-login-how-to-configure-allow-login-through-local-credentials,published,2026-02-04 05:08:46,2026-02-09 11:13:26
748,Passwordless Authenticator,Videos - Device Lock,e4gi378c,13629176,How to assign PIN in the DeviceLock App using Admin Mode - Video Tutorial,https://oloid.help/en/articles/13629176-how-to-assign-pin-in-the-devicelock-app-using-admin-mode-video-tutorial,published,2026-02-05 10:08:54,2026-02-05 10:12:40
749,Passwordless Authenticator,Videos - Device Lock,e4gi378c,13628102,How to assign QR Code in the DeviceLock App using Admin Mode - Video Tutorial,https://oloid.help/en/articles/13628102-how-to-assign-qr-code-in-the-devicelock-app-using-admin-mode-video-tutorial,published,2026-02-05 08:15:02,2026-02-05 08:23:12
750,Passwordless Authenticator,Videos - Device Lock,e4gi378c,13597408,How to assign Badge in the DeviceLock App using Admin Mode - Video Tutorial,https://oloid.help/en/articles/13597408-how-to-assign-badge-in-the-devicelock-app-using-admin-mode-video-tutorial,published,2026-02-02 06:23:13,2026-02-05 08:18:24
751,Passwordless Authenticator,Videos- Windows Login,e4gi378c,13627794,Windows Login - How to configure Badge Out option - Video Tutorial,https://oloid.help/en/articles/13627794-windows-login-how-to-configure-badge-out-option-video-tutorial,published,2026-02-05 06:32:23,2026-02-05 06:43:10
776,Passwordless Authenticator,Platform Configuration,e4gi378c,8707351,Oloid DeviceLock App - How to Enroll Face,https://oloid.help/en/articles/8707351-oloid-devicelock-app-how-to-enroll-face,published,2023-12-14 06:56:10,2025-12-29 09:25:02
777,Passwordless Authenticator,Device Lock - Admin Mode,e4gi378c,13477264,Untitled public article,,draft,2026-01-23 03:50:54,2026-01-23 03:50:54
781,Passwordless Authenticator,Videos- Windows Login,e4gi378c,13458304,How to enable Passkey in Tenant Admin Portal for Windows Login - Video Tutorial,https://oloid.help/en/articles/13458304-how-to-enable-passkey-in-tenant-admin-portal-for-windows-login-video-tutorial,published,2026-01-22 06:07:22,2026-01-22 06:12:13
827,Passwordless Authenticator,User Guide,e4gi378c,12779720,How to Unlock the Device Screen Using the Oloid DeviceLock App with NFC Tag Credential,https://oloid.help/en/articles/12779720-how-to-unlock-the-device-screen-using-the-oloid-devicelock-app-with-nfc-tag-credential,published,2025-11-07 04:49:56,2026-01-07 03:21:05
828,Passwordless Authenticator,User Guide,e4gi378c,12779710,How to Unlock the Device Screen using the Oloid DeviceLock App with QR Credential,https://oloid.help/en/articles/12779710-how-to-unlock-the-device-screen-using-the-oloid-devicelock-app-with-qr-credential,published,2025-11-07 04:49:22,2026-01-07 03:19:44
829,Passwordless Authenticator,User Guide,e4gi378c,12779676,How to Unlock the Device Screen using the Oloid DeviceLock App with Badge Credential,https://oloid.help/en/articles/12779676-how-to-unlock-the-device-screen-using-the-oloid-devicelock-app-with-badge-credential,published,2025-11-07 04:48:31,2026-01-07 03:18:01
835,Passwordless Authenticator,User Guide,e4gi378c,10026016,How to Log into Workforce/HRMS Platforms using QR Code Credential through Device Lock app,https://oloid.help/en/articles/10026016-how-to-log-into-workforce-hrms-platforms-using-qr-code-credential-through-device-lock-app,published,2024-10-22 07:20:19,2026-01-06 07:18:10
840,Passwordless Authenticator,User Guide,e4gi378c,12779596,How to Unlock the Device Screen using the Oloid DeviceLock App with Face Credential,https://oloid.help/en/articles/12779596-how-to-unlock-the-device-screen-using-the-oloid-devicelock-app-with-face-credential,published,2025-11-07 04:46:35,2025-12-31 03:08:54
842,Passwordless Authenticator,User Guide,e4gi378c,8707338,How to Log into Workforce/HRMS Platforms using Password through Oloid Device Lock app,https://oloid.help/en/articles/8707338-how-to-log-into-workforce-hrms-platforms-using-password-through-oloid-device-lock-app,published,2023-12-14 06:51:07,2025-12-30 08:37:37
843,Passwordless Authenticator,User Guide,e4gi378c,8707192,How to Log into Workforce/HRMS Platforms using NFC ID and PIN through the Oloid DeviceLock App,https://oloid.help/en/articles/8707192-how-to-log-into-workforce-hrms-platforms-using-nfc-id-and-pin-through-the-oloid-devicelock-app,published,2023-12-14 04:44:09,2025-12-30 08:29:57
844,Passwordless Authenticator,Platform Configuration,e4gi378c,8403260,How to Log in to Workforce/HRMS Platforms using Badge ID and PIN Credentials through Oloid DeviceLock app,https://oloid.help/en/articles/8403260-how-to-log-in-to-workforce-hrms-platforms-using-badge-id-and-pin-credentials-through-oloid-devicelock-app,published,2023-09-22 10:47:27,2025-12-30 08:27:39
845,Passwordless Authenticator,User Guide,e4gi378c,8702335,How to Log into Workforce/HRMS Platforms using Face Credential through Oloid DeviceLock App,https://oloid.help/en/articles/8702335-how-to-log-into-workforce-hrms-platforms-using-face-credential-through-oloid-devicelock-app,published,2023-12-13 06:23:41,2025-12-30 08:24:22
846,Passwordless Authenticator,User Guide,e4gi378c,12116245,How to Unlock Device Screen using the Oloid DeviceLock App with PIN Credential,https://oloid.help/en/articles/12116245-how-to-unlock-device-screen-using-the-oloid-devicelock-app-with-pin-credential,published,2025-08-29 10:59:30,2025-12-30 07:16:15
847,Passwordless Authenticator,Admin Guides- Windows Login,e4gi378c,11196020,How to configure Auto Update feature in Windows Login Endpoint in Tenant Admin Portal,https://oloid.help/en/articles/11196020-how-to-configure-auto-update-feature-in-windows-login-endpoint-in-tenant-admin-portal,published,2025-05-05 04:05:52,2025-12-30 06:00:24
851,Passwordless Authenticator,Platform Configuration - WebKey,e4gi378c,11493834,WebKey - How to configure Face credential in Tenant Admin Portal,https://oloid.help/en/articles/11493834-webkey-how-to-configure-face-credential-in-tenant-admin-portal,published,2025-06-02 04:50:56,2025-12-26 09:40:13
892,Passwordless Authenticator,Videos - Device Lock,e4gi378c,12980144,How to unlock the device screen using the Oloid DeviceLock App with Face as credential - Video Tutorial,https://oloid.help/en/articles/12980144-how-to-unlock-the-device-screen-using-the-oloid-devicelock-app-with-face-as-credential-video-tutorial,published,2025-12-02 06:03:13,2025-12-02 06:11:27
894,Passwordless Authenticator,Platform Configuration,e4gi378c,11508439,How to Enable Device Lock Mode for DeviceLock App in the Tenant Admin Portal,https://oloid.help/en/articles/11508439-how-to-enable-device-lock-mode-for-devicelock-app-in-the-tenant-admin-portal,published,2025-06-04 10:55:48,2025-11-28 11:01:01
904,Passwordless Authenticator,Videos - Device Lock,e4gi378c,12878562,How to unlock the device screen using the Oloid DeviceLock App with NFC ID as credential - Video Tutorial,https://oloid.help/en/articles/12878562-how-to-unlock-the-device-screen-using-the-oloid-devicelock-app-with-nfc-id-as-credential-video-tutorial,published,2025-11-19 10:09:52,2025-11-19 10:14:19
905,Passwordless Authenticator,Videos - Device Lock,e4gi378c,12878529,How to unlock the device screen using the Oloid DeviceLock App with QR Code as credential - Video Tutorial,https://oloid.help/en/articles/12878529-how-to-unlock-the-device-screen-using-the-oloid-devicelock-app-with-qr-code-as-credential-video-tutorial,published,2025-11-19 10:02:16,2025-11-19 10:06:03
906,Passwordless Authenticator,Videos - Device Lock,e4gi378c,12867587,How to unlock the device screen using the Oloid DeviceLock App with Badge as credential - Video Tutorial,https://oloid.help/en/articles/12867587-how-to-unlock-the-device-screen-using-the-oloid-devicelock-app-with-badge-as-credential-video-tutorial,published,2025-11-18 10:02:43,2025-11-18 10:08:33
907,Passwordless Authenticator,Videos - Device Lock,e4gi378c,12856056,How to install and set up the Oloid DeviceLock app - Video Tutorial,https://oloid.help/en/articles/12856056-how-to-install-and-set-up-the-oloid-devicelock-app-video-tutorial,published,2025-11-17 08:20:59,2025-11-18 07:59:33
908,Passwordless Authenticator,Oloid iOS Passwordless Authenticator- Oloid Connect,e4gi378c,10537218,What is Oloid Connect for Passwordless,https://oloid.help/en/articles/10537218-what-is-oloid-connect-for-passwordless,published,2025-02-11 06:20:19,2025-11-18 05:18:32
911,Passwordless Authenticator,Videos - Device Lock,e4gi378c,12856036,How to log into Workforce / HRMS platforms using Face as credential through Oloid DeviceLock app - Video Tutorial,https://oloid.help/en/articles/12856036-how-to-log-into-workforce-hrms-platforms-using-face-as-credential-through-oloid-devicelock-app-video-tutorial,published,2025-11-17 08:13:30,2025-11-17 08:20:00
912,Passwordless Authenticator,Videos - Device Lock,e4gi378c,12780427,How to log into Workforce / HRMS platforms using Password through Oloid DeviceLock app - Video Tutorial,https://oloid.help/en/articles/12780427-how-to-log-into-workforce-hrms-platforms-using-password-through-oloid-devicelock-app-video-tutorial,published,2025-11-07 08:00:20,2025-11-17 08:17:51
913,Passwordless Authenticator,Reporting,e4gi378c,8446515,Ad-hoc Reports,https://oloid.help/en/articles/8446515-ad-hoc-reports,published,2023-10-05 09:16:08,2025-11-17 06:39:32
917,Passwordless Authenticator,Reporting,e4gi378c,8454980,Scheduled Reports,https://oloid.help/en/articles/8454980-scheduled-reports,published,2023-10-09 04:47:31,2025-11-14 08:56:06
920,Passwordless Authenticator,Videos - Device Lock,e4gi378c,12829531,How to log into Workforce HRMS platforms using QR Code through Oloid Device Lock app - Video Tutorial,https://oloid.help/en/articles/12829531-how-to-log-into-workforce-hrms-platforms-using-qr-code-through-oloid-device-lock-app-video-tutorial,published,2025-11-13 10:22:43,2025-11-13 10:27:59
921,Passwordless Authenticator,Videos - Device Lock,e4gi378c,12828209,How to log into Workforce/HRMS platforms using Badge through Oloid Device Lock app - Video Tutorial,https://oloid.help/en/articles/12828209-how-to-log-into-workforce-hrms-platforms-using-badge-through-oloid-device-lock-app-video-tutorial,published,2025-11-13 06:47:06,2025-11-13 07:17:25
922,Passwordless Authenticator,Videos - Device Lock,e4gi378c,12828419,How to log into Workforce/HRMS platforms using NFC ID through Oloid Device Lock app - Video Tutorial,https://oloid.help/en/articles/12828419-how-to-log-into-workforce-hrms-platforms-using-nfc-id-through-oloid-device-lock-app-video-tutorial,published,2025-11-13 07:08:18,2025-11-13 07:15:12
927,Passwordless Authenticator,Videos - Device Lock,e4gi378c,12761296,How to pair Oloid DeviceLock App with “Auto-Pair” option - Video Tutorial,https://oloid.help/en/articles/12761296-how-to-pair-oloid-devicelock-app-with-auto-pair-option-video-tutorial,published,2025-11-06 08:20:56,2025-11-06 08:24:28
928,Passwordless Authenticator,Videos - Device Lock,e4gi378c,12742197,How to pair Oloid DeviceLock App with  “Auto-Pair using Config File” option - Video Tutorial,https://oloid.help/en/articles/12742197-how-to-pair-oloid-devicelock-app-with-auto-pair-using-config-file-option-video-tutorial,published,2025-11-04 11:41:13,2025-11-06 07:30:11
930,Passwordless Authenticator,Videos - Device Lock,e4gi378c,12751861,How to unlock android device using Oloid DeviceLock App with PIN - Video Tutorial,https://oloid.help/en/articles/12751861-how-to-unlock-android-device-using-oloid-devicelock-app-with-pin-video-tutorial,published,2025-11-05 10:57:37,2025-11-05 11:07:12
931,Passwordless Authenticator,Videos - Device Lock,e4gi378c,12750323,How to pair Oloid DeviceLock App with “Pair as Supervisor” option - Video Tutorial,https://oloid.help/en/articles/12750323-how-to-pair-oloid-devicelock-app-with-pair-as-supervisor-option-video-tutorial,published,2025-11-05 08:51:29,2025-11-05 08:55:28
935,Passwordless Authenticator,Platform Configuration,e4gi378c,11501456,How to Log out of the Oloid DeviceLock App,https://oloid.help/en/articles/11501456-how-to-log-out-of-the-oloid-devicelock-app,published,2025-06-03 06:36:10,2025-10-30 12:35:07
936,Passwordless Authenticator,Platform Configuration,e4gi378c,11508048,How to check health of Oloid DeviceLock App,https://oloid.help/en/articles/11508048-how-to-check-health-of-oloid-devicelock-app,published,2025-06-04 08:51:39,2025-10-30 10:31:59
940,Passwordless Authenticator,Platform Configuration,e4gi378c,11507892,How to share logs in DeviceLock App,https://oloid.help/en/articles/11507892-how-to-share-logs-in-devicelock-app,published,2025-06-04 08:09:37,2025-10-29 08:05:38
944,Passwordless Authenticator,Videos - Device Lock,e4gi378c,12672775,How to enroll NFC/ID for users in the DeviceLock App - Video Tutorial,https://oloid.help/en/articles/12672775-how-to-enroll-nfc-id-for-users-in-the-devicelock-app-video-tutorial,published,2025-10-27 07:50:54,2025-10-27 07:55:11
946,Passwordless Authenticator,Platform Configuration,e4gi378c,11532508,How to enable DeviceLock Workday Punch Integration in Tenant Admin Portal,https://oloid.help/en/articles/11532508-how-to-enable-devicelock-workday-punch-integration-in-tenant-admin-portal,published,2025-06-09 09:27:48,2025-10-07 11:29:33
948,Passwordless Authenticator,Videos - Device Lock,e4gi378c,12646301,How to log in to admin mode in Oloid DeviceLock App - Video Tutorial,https://oloid.help/en/articles/12646301-how-to-log-in-to-admin-mode-in-oloid-devicelock-app-video-tutorial,published,2025-10-23 09:59:09,2025-10-23 10:02:23
949,Passwordless Authenticator,Getting Started with WebKey,e4gi378c,12569880,Webkey - Hardware and Software Requirements,https://oloid.help/en/articles/12569880-webkey-hardware-and-software-requirements,published,2025-10-13 10:32:10,2025-10-23 10:01:00
974,Passwordless Authenticator,User Guide,e4gi378c,10558995,How to log in with QR Code using Oloid's DeviceLock app- Video Tutorial,https://oloid.help/en/articles/10558995-how-to-log-in-with-qr-code-using-oloid-s-devicelock-app-video-tutorial,published,2025-02-14 10:34:11,2025-02-28 11:27:52
976,Passwordless Authenticator,Passwordless Authenticator Videos,e4gi378c,12426879,Oloid Passwordless Solution - Video Tutorial,https://oloid.help/en/articles/12426879-oloid-passwordless-solution-video-tutorial,published,2025-09-26 10:16:55,2025-09-26 10:34:45
979,Passwordless Authenticator,Credential Management,e4gi378c,8402155,Badge Onboarding,https://oloid.help/en/articles/8402155-badge-onboarding,published,2023-09-22 05:47:47,2025-09-26 08:39:24
987,Passwordless Authenticator,Admin Guides - Oloid Connect for Passwordless,e4gi378c,12320265,Oloid Connect Passwordless - Hardware and Software Requirements,https://oloid.help/en/articles/12320265-oloid-connect-passwordless-hardware-and-software-requirements,published,2025-09-18 08:10:40,2025-09-23 04:48:14
1000,Passwordless Authenticator,Videos - Device Lock,e4gi378c,12290510,Oloid Device Lock - Video Tutorial,https://oloid.help/en/articles/12290510-oloid-device-lock-video-tutorial,published,2025-09-15 09:02:21,2025-09-15 09:16:03
1004,Passwordless Authenticator,Credential Management,e4gi378c,8402909,Factor Sequencing for Multi-factor authentication in Oloid Device Lock - To be deleted,,draft,2023-09-22 08:08:20,2025-09-05 08:17:03
1007,Passwordless Authenticator,Admin Guides- Windows Login,e4gi378c,10897576,How to enable Auto Update Windows Device Agent in Windows Login application,,draft,2025-03-24 05:20:38,2025-09-04 09:22:45
1009,Passwordless Authenticator,Oloid Device Lock - Supporting Documents,e4gi378c,12117730,"Installation, Setup and Regression Test Case Guide for Oloid Device Lock and Oloid Vault on an Android Device via SOTI",https://oloid.help/en/articles/12117730-installation-setup-and-regression-test-case-guide-for-oloid-device-lock-and-oloid-vault-on-an-android-device-via-soti,published,2025-08-29 14:42:28,2025-09-03 12:55:30
1011,Passwordless Authenticator,Videos - Device Lock,e4gi378c,12146570,How to generate Auto-Pair config file for Oloid DeviceLock App in the Tenant Admin Portal - Video Portal,https://oloid.help/en/articles/12146570-how-to-generate-auto-pair-config-file-for-oloid-devicelock-app-in-the-tenant-admin-portal-video-portal,published,2025-09-03 06:17:09,2025-09-03 06:37:51
1012,Passwordless Authenticator,Oloid Device Lock - Supporting Documents,e4gi378c,12117772,"SOTI MobiControl - App Profile Policy
Configuration Guide",https://oloid.help/en/articles/12117772-soti-mobicontrol-app-profile-policy-configuration-guide,published,2025-08-29 14:50:24,2025-09-02 08:38:24
1040,Passwordless Authenticator,WebKey Videos,e4gi378c,12009765,WebKey - Platform configuration for manual capture of face - Video Tutorial,https://oloid.help/en/articles/12009765-webkey-platform-configuration-for-manual-capture-of-face-video-tutorial,published,2025-08-14 11:14:52,2025-08-14 11:17:15
1053,Passwordless Authenticator,Oloid Android Passwordless Authenticator -DeviceLock,e4gi378c,11867982,Updating OLOID DeviceLock MFA,https://oloid.help/en/articles/11867982-updating-oloid-devicelock-mfa,published,2025-07-28 14:33:37,2025-07-28 14:35:16
1054,Passwordless Authenticator,Oloid Android Passwordless Authenticator -DeviceLock,e4gi378c,11867950,Setting Up OLOID DeviceLock  MFA,https://oloid.help/en/articles/11867950-setting-up-oloid-devicelock-mfa,published,2025-07-28 14:27:45,2025-07-28 14:28:51
1058,Passwordless Authenticator,Passwordless Authenticator - Miscellaneous Docs,e4gi378c,9927316,Installing Oloid RPA Add-On + RPA Runtime for EHR Login (RPA Only),https://oloid.help/en/articles/9927316-installing-oloid-rpa-add-on-rpa-runtime-for-ehr-login-rpa-only,published,2024-09-26 21:08:51,2025-02-26 22:16:48
1059,Passwordless Authenticator,Passwordless Authenticator - Miscellaneous Docs,e4gi378c,9927309,Installing Oloid Agent + RPA Runtime for EHR Login (Credential Provider + RPA),https://oloid.help/en/articles/9927309-installing-oloid-agent-rpa-runtime-for-ehr-login-credential-provider-rpa,published,2024-09-26 21:04:49,2025-02-26 22:13:28
1060,Passwordless Authenticator,Passwordless Authenticator - Miscellaneous Docs,e4gi378c,9927298,Installing Oloid Passwordless on Local Machine Running EHR (Citrix or Local) with USB Badge Reader,https://oloid.help/en/articles/9927298-installing-oloid-passwordless-on-local-machine-running-ehr-citrix-or-local-with-usb-badge-reader,published,2024-09-26 20:59:54,2025-02-27 16:02:16
1061,Passwordless Authenticator,Passwordless Authenticator - Miscellaneous Docs,e4gi378c,9927288,Oloid Passwordless Installation Methods for EHR Login,https://oloid.help/en/articles/9927288-oloid-passwordless-installation-methods-for-ehr-login,published,2024-09-26 20:56:53,2025-02-27 16:03:20
1062,Passwordless Authenticator,Passwordless Authenticator - Miscellaneous Docs,e4gi378c,9900195,Oloid Supported Card Types,https://oloid.help/en/articles/9900195-oloid-supported-card-types,published,2024-09-19 23:47:09,2024-09-19 23:48:41
1063,Passwordless Authenticator,Passwordless Authenticator - Miscellaneous Docs,e4gi378c,9899366,Oloid Passwordless SDK Usage Guide for Windows Developers,https://oloid.help/en/articles/9899366-oloid-passwordless-sdk-usage-guide-for-windows-developers,published,2024-09-19 18:15:52,2024-09-19 18:24:50
1064,Passwordless Authenticator,Passwordless Authenticator,e4gi378c,9899136,How to Add Oloid as an Identity Provider (IDP) in PingFederate,https://oloid.help/en/articles/9899136-how-to-add-oloid-as-an-identity-provider-idp-in-pingfederate,published,2024-09-19 17:04:06,2024-09-19 17:28:52
1068,Passwordless Authenticator,WebKey Videos,e4gi378c,11829395,WebKey - Video Tutorial,https://oloid.help/en/articles/11829395-webkey-video-tutorial,published,2025-07-23 08:27:45,2025-07-23 08:30:08
1149,Passwordless Authenticator,Oloid Windows Passwordless Authenticator - Windows Login,e4gi378c,10397900,What is Oloid's Windows Login,https://oloid.help/en/articles/10397900-what-is-oloid-s-windows-login,published,2025-01-15 05:22:28,2025-05-28 07:21:34
1165,Passwordless Authenticator,Passwordless Authenticator- Supporting Documents,e4gi378c,8419889,Assigning supervisor privileges,,draft,2023-09-27 08:32:56,2025-05-23 10:05:46
1180,Passwordless Authenticator,Oloid Device Lock - Supporting Documents,e4gi378c,10514219,Oloid + SOTI MobiControl Integration: Required Credentials and Prerequisites,https://oloid.help/en/articles/10514219-oloid-soti-mobicontrol-integration-required-credentials-and-prerequisites,published,2025-02-05 20:31:21,2025-02-05 20:45:10
1181,Passwordless Authenticator,Platform Configuration,e4gi378c,8564762,How to configure Oloid Device Lock app,,draft,2023-11-08 11:25:27,2023-11-08 11:27:15
1183,Passwordless Authenticator,WebKey Videos,e4gi378c,11204000,How to add a camera flip button to the QR code scanning screen in Webkey - Video Tutorial,https://oloid.help/en/articles/11204000-how-to-add-a-camera-flip-button-to-the-qr-code-scanning-screen-in-webkey-video-tutorial,published,2025-05-06 08:42:57,2025-05-20 10:40:37
1202,Passwordless Authenticator,Admin Guides- Windows Login,e4gi378c,10662436,Windows Login- Platform Configuration for manual capture of face,https://oloid.help/en/articles/10662436-windows-login-platform-configuration-for-manual-capture-of-face,published,2025-02-27 10:16:43,2025-05-07 09:50:17
1203,Passwordless Authenticator,Videos- Windows Login,e4gi378c,11313518,Windows Login- Platform Configuration for manual capture of face- Video Tutorial,https://oloid.help/en/articles/11313518-windows-login-platform-configuration-for-manual-capture-of-face-video-tutorial,published,2025-05-07 09:45:17,2025-05-07 09:48:40
1204,Passwordless Authenticator,Videos- Windows Login,e4gi378c,11196757,How to log in to Windows device using QR Code and PIN through Windows Login app-Video Tutorial,https://oloid.help/en/articles/11196757-how-to-log-in-to-windows-device-using-qr-code-and-pin-through-windows-login-app-video-tutorial,published,2025-05-05 09:51:48,2025-05-07 09:29:23
1205,Passwordless Authenticator,Videos- Windows Login,e4gi378c,11135549,How to update expired Windows Credential- Video Tutorial,https://oloid.help/en/articles/11135549-how-to-update-expired-windows-credential-video-tutorial,published,2025-04-24 06:18:39,2025-05-07 08:39:23
1206,Passwordless Authenticator,Videos- Windows Login,e4gi378c,11287740,How to enable Auto Launch Mode in Windows Login Application-Video Tutorial,https://oloid.help/en/articles/11287740-how-to-enable-auto-launch-mode-in-windows-login-application-video-tutorial,published,2025-05-07 08:10:15,2025-05-07 08:35:38
1208,Passwordless Authenticator,Windows Login- Presence Detection Guides,e4gi378c,10319146,How the Self-Unblock Feature Works in Windows Login Presence Detection,https://oloid.help/en/articles/10319146-how-the-self-unblock-feature-works-in-windows-login-presence-detection,published,2024-12-24 06:14:48,2025-05-07 05:20:45
1210,Passwordless Authenticator,WebKey Videos,e4gi378c,10515462,How to log into Workforce Management platforms using QR Code and PIN through WebKey- Video Tutorial,https://oloid.help/en/articles/10515462-how-to-log-into-workforce-management-platforms-using-qr-code-and-pin-through-webkey-video-tutorial,published,2025-02-06 05:21:37,2025-05-06 08:30:33
1211,Passwordless Authenticator,WebKey Videos,e4gi378c,10515452,How to log into Workforce Management platforms using Face and PIN in WebKey- Video Tutorial,https://oloid.help/en/articles/10515452-how-to-log-into-workforce-management-platforms-using-face-and-pin-in-webkey-video-tutorial,published,2025-02-06 05:16:31,2025-05-06 08:11:58
1212,Passwordless Authenticator,WebKey Videos,e4gi378c,10515451,How to log into Workforce Management platforms using Face in WebKey- Video Tutorial,https://oloid.help/en/articles/10515451-how-to-log-into-workforce-management-platforms-using-face-in-webkey-video-tutorial,published,2025-02-06 05:14:22,2025-05-06 06:47:42
1214,Passwordless Authenticator,Videos- Windows Login,e4gi378c,11136340,How to enroll missing Windows Credential in Windows Login app-Video Tutorial,https://oloid.help/en/articles/11136340-how-to-enroll-missing-windows-credential-in-windows-login-app-video-tutorial,published,2025-04-24 08:51:17,2025-05-06 04:24:58
1224,Passwordless Authenticator,Videos- Windows Login,e4gi378c,11196539,How to Customize Buttons in Windows Login application-Video Tutorial,https://oloid.help/en/articles/11196539-how-to-customize-buttons-in-windows-login-application-video-tutorial,published,2025-05-05 08:40:35,2025-05-05 10:18:01
1225,Passwordless Authenticator,Videos- Windows Login,e4gi378c,11196606,How to log in to Windows device using QR Code through Windows Login app-Video Tutorial,https://oloid.help/en/articles/11196606-how-to-log-in-to-windows-device-using-qr-code-through-windows-login-app-video-tutorial,published,2025-05-05 08:56:14,2025-05-05 09:47:51
1241,Passwordless Authenticator,Oloid Connect for Passwordless Videos,e4gi378c,10530817,How to log in to Workforce /HRMS platform using QR and Badge through Oloid Connect for Passwordless App- Video Tutorial,https://oloid.help/en/articles/10530817-how-to-log-in-to-workforce-hrms-platform-using-qr-and-badge-through-oloid-connect-for-passwordless-app-video-tutorial,published,2025-02-10 06:38:17,2025-04-28 10:50:30
1242,Passwordless Authenticator,Passwordless Authenticator- Supporting Documents,e4gi378c,8950518,Configure Oloid as OIDC IDP in Auth0,https://oloid.help/en/articles/8950518-configure-oloid-as-oidc-idp-in-auth0,published,2024-02-14 18:53:12,2024-11-21 05:51:40
1244,Passwordless Authenticator,Webkey- Supporting Documents,e4gi378c,11098630,Troubleshooting Webkey: Network Slowness & Connectivity Issues,https://oloid.help/en/articles/11098630-troubleshooting-webkey-network-slowness-connectivity-issues,published,2025-04-17 07:40:32,2025-04-19 06:57:30
1250,Passwordless Authenticator,Oloid Web Passwordless Login -WebKey,e4gi378c,11068103,Enabling Oloid as SAML Identity Provider (IDP) in ADFS,https://oloid.help/en/articles/11068103-enabling-oloid-as-saml-identity-provider-idp-in-adfs,published,2025-04-10 22:36:20,2025-04-10 22:39:28
1255,Passwordless Authenticator,Videos- Windows Login,e4gi378c,10907896,How to log out of Windows System using Badge - Video Tutorial,https://oloid.help/en/articles/10907896-how-to-log-out-of-windows-system-using-badge-video-tutorial,published,2025-03-24 16:44:18,2025-03-24 16:47:15
1277,Passwordless Authenticator,Passwordless Authenticator,e4gi378c,10575373,How Oloid's Passwordless Authenticator works,https://oloid.help/en/articles/10575373-how-oloid-s-passwordless-authenticator-works,published,2025-02-18 05:29:20,2025-03-12 10:34:18
1286,Passwordless Authenticator,Oloid Connect for Passwordless Videos,e4gi378c,10558987,How to create Connect for Oloid Passwordless application- Video Tutorial,https://oloid.help/en/articles/10558987-how-to-create-connect-for-oloid-passwordless-application-video-tutorial,published,2025-02-14 10:32:35,2025-03-03 08:01:17
1293,Passwordless Authenticator,Videos- Windows Login (Presence Detection),e4gi378c,10357045,How to unblock a user's blocked screen- Video Tutorial,https://oloid.help/en/articles/10357045-how-to-unblock-a-user-s-blocked-screen-video-tutorial,published,2025-01-07 06:42:04,2025-01-10 10:03:57
1294,Passwordless Authenticator,Videos- Windows Login (Presence Detection),e4gi378c,10368311,How to configure Windows alert for presence detection in Oloid Platform - Video Tutorial,https://oloid.help/en/articles/10368311-how-to-configure-windows-alert-for-presence-detection-in-oloid-platform-video-tutorial,published,2025-01-09 09:35:06,2025-01-09 09:49:43
1295,Passwordless Authenticator,Videos- Windows Login (Presence Detection),e4gi378c,10515465,How the Self unblock feature works in Windows Login Presence Detection- Video Tutorial,https://oloid.help/en/articles/10515465-how-the-self-unblock-feature-works-in-windows-login-presence-detection-video-tutorial,published,2025-02-06 05:23:16,2025-03-03 05:28:46
1298,Passwordless Authenticator,Videos- Windows Login,e4gi378c,10515467,How to log in to Windows device using NFC and PIN in Windows Login app- Video Tutorial,https://oloid.help/en/articles/10515467-how-to-log-in-to-windows-device-using-nfc-and-pin-in-windows-login-app-video-tutorial,published,2025-02-06 05:24:55,2025-02-26 08:38:29
1299,Passwordless Authenticator,WebKey Videos,e4gi378c,10515454,How to enroll-for face using webkey- Video Tutorial,https://oloid.help/en/articles/10515454-how-to-enroll-for-face-using-webkey-video-tutorial,published,2025-02-06 05:17:41,2025-02-25 03:40:24
1302,Passwordless Authenticator,Oloid Web Passwordless Login -WebKey,e4gi378c,9276680,QR Code Onboarding _ To be deleted,https://oloid.help/en/articles/9276680-qr-code-onboarding-_-to-be-deleted,published,2024-05-03 08:15:05,2025-02-20 12:06:33
1307,Passwordless Authenticator,Passwordless Authenticator,e4gi378c,7201474,How Webkey works,https://oloid.help/en/articles/7201474-how-webkey-works,published,2023-03-28 09:41:55,2025-02-18 05:29:01
1310,Passwordless Authenticator,Oloid Connect for Passwordless Videos,e4gi378c,10090037,"How to log in to Workforce /HRMS platform using Password
through Oloid Connect for Passwordless App- Video Tutorial",https://oloid.help/en/articles/10090037-how-to-log-in-to-workforce-hrms-platform-using-password-through-oloid-connect-for-passwordless-app-video-tutorial,published,2024-11-06 06:29:52,2025-02-12 08:14:46
1315,Passwordless Authenticator,User Guides- Oloid Connect for Passwordless,e4gi378c,9842058,How to log in to Workforce /HRMS platform using QR Code and PIN through Oloid Connect for Passwordless App,https://oloid.help/en/articles/9842058-how-to-log-in-to-workforce-hrms-platform-using-qr-code-and-pin-through-oloid-connect-for-passwordless-app,published,2024-09-09 09:47:31,2025-02-07 08:38:23
1316,Passwordless Authenticator,User Guides- Oloid Connect for Passwordless,e4gi378c,9891142,How to log in to Workforce /HRMS platform using Badge and NFC through Oloid Connect for Passwordless App,https://oloid.help/en/articles/9891142-how-to-log-in-to-workforce-hrms-platform-using-badge-and-nfc-through-oloid-connect-for-passwordless-app,published,2024-09-18 09:25:58,2025-02-07 08:37:09
1317,Passwordless Authenticator,User Guides- Oloid Connect for Passwordless,e4gi378c,9789771,How to log in to Workforce /HRMS platform using Badge and PIN through Oloid Connect for Passwordless App,https://oloid.help/en/articles/9789771-how-to-log-in-to-workforce-hrms-platform-using-badge-and-pin-through-oloid-connect-for-passwordless-app,published,2024-08-27 06:36:23,2025-02-07 08:35:59
1318,Passwordless Authenticator,User Guides- Oloid Connect for Passwordless,e4gi378c,9790290,How to log in to Workforce /HRMS platform using NFC and PIN through Oloid Connect for Passwordless App,https://oloid.help/en/articles/9790290-how-to-log-in-to-workforce-hrms-platform-using-nfc-and-pin-through-oloid-connect-for-passwordless-app,published,2024-08-27 09:43:41,2025-02-07 08:35:06
1327,Passwordless Authenticator,Windows Login- Presence Detection Guides,e4gi378c,10489306,Windows Login (Presence Detection) : Platform Configuration for self unblock,https://oloid.help/en/articles/10489306-windows-login-presence-detection-platform-configuration-for-self-unblock,published,2025-01-30 05:11:26,2025-02-03 08:53:42
1329,Passwordless Authenticator,WebKey Videos,e4gi378c,9612011,How to log into Workforce Management platforms using QR Code through WebKey -Video Tutorial,https://oloid.help/en/articles/9612011-how-to-log-into-workforce-management-platforms-using-qr-code-through-webkey-video-tutorial,published,2024-07-15 13:54:22,2025-01-30 06:10:58
1331,Passwordless Authenticator,User Guides- Oloid Connect for Passwordless,e4gi378c,8413098,How to log in to Workforce/ HRMS system using Single Factor Authenticators through  Oloid Connect Passwordless App,https://oloid.help/en/articles/8413098-how-to-log-in-to-workforce-hrms-system-using-single-factor-authenticators-through-oloid-connect-passwordless-app,published,2023-09-26 08:18:38,2025-01-29 12:02:10
1332,Passwordless Authenticator,Oloid Connect for Passwordless Videos,e4gi378c,10485263,"How to log in to Workforce/ HRMS system using Single 
Factor Authenticators through Oloid Connect Passwordless App- Video Tutorial",https://oloid.help/en/articles/10485263-how-to-log-in-to-workforce-hrms-system-using-single-factor-authenticators-through-oloid-connect-passwordless-app-video-tutorial,published,2025-01-29 11:45:24,2025-01-29 11:59:15
1334,Passwordless Authenticator,Windows Login- Presence Detection Guides,e4gi378c,10021898,Windows Login - Screen block on Face Tracking Violation,https://oloid.help/en/articles/10021898-windows-login-screen-block-on-face-tracking-violation,published,2024-10-21 12:14:49,2025-01-29 08:03:01
1335,Passwordless Authenticator,Windows Login- Presence Detection Guides,e4gi378c,10021367,Windows Login - Screen block on Gadgets detected,https://oloid.help/en/articles/10021367-windows-login-screen-block-on-gadgets-detected,published,2024-10-21 08:58:15,2025-01-29 08:02:14
1336,Passwordless Authenticator,Windows Login- Presence Detection Guides,e4gi378c,10001674,Windows Login - Screen block on Multiple faces detected,https://oloid.help/en/articles/10001674-windows-login-screen-block-on-multiple-faces-detected,published,2024-10-16 08:55:23,2025-01-29 05:55:25
1337,Passwordless Authenticator,Windows Login- Presence Detection Guides,e4gi378c,10025966,Oloid's Presence Detection Feature for Windows Login Application,https://oloid.help/en/articles/10025966-oloid-s-presence-detection-feature-for-windows-login-application,published,2024-10-22 06:51:35,2025-01-29 05:41:11
1338,Passwordless Authenticator,Credential Management,e4gi378c,8408208,Factor Sequencing for Multi-factor authentication in Windows Device Login (To be deleted),,draft,2023-09-25 09:21:25,2025-01-28 10:26:42
1345,Passwordless Authenticator,Videos- Windows Login,e4gi378c,10357082,Touch screen configuration on Oloid Platform for Windows Login- Video Tutorial,https://oloid.help/en/articles/10357082-touch-screen-configuration-on-oloid-platform-for-windows-login-video-tutorial,published,2025-01-07 07:01:52,2025-01-10 10:37:28
1346,Passwordless Authenticator,Windows Login- Presence Detection Guides,e4gi378c,9790398,How to unblock a user's blocked screen,https://oloid.help/en/articles/9790398-how-to-unblock-a-user-s-blocked-screen,published,2024-08-27 10:27:08,2025-01-10 10:30:37
1347,Passwordless Authenticator,Admin Guides - Oloid Connect for Passwordless,e4gi378c,8403138,Configuring Oloid Connect App for SSO Login,,draft,2023-09-22 09:56:58,2025-01-10 06:56:21
1348,Passwordless Authenticator,Videos- Windows Login,e4gi378c,10368396,How to configure an endpoint for Windows Login- Video Tutorial,https://oloid.help/en/articles/10368396-how-to-configure-an-endpoint-for-windows-login-video-tutorial,published,2025-01-09 09:55:39,2025-01-10 05:19:26
1367,Passwordless Authenticator,Videos- Windows Login,e4gi378c,10357476,How to log in to Windows device using NFC through Windows Login app- Video Tutorial,https://oloid.help/en/articles/10357476-how-to-log-in-to-windows-device-using-nfc-through-windows-login-app-video-tutorial,published,2025-01-07 09:05:46,2025-01-07 09:08:33
1369,Passwordless Authenticator,WebKey Videos,e4gi378c,10353390,How to log into Workforce /HRMS platform using Face and PIN through WebKey- Video Tutorial,https://oloid.help/en/articles/10353390-how-to-log-into-workforce-hrms-platform-using-face-and-pin-through-webkey-video-tutorial,published,2025-01-06 10:20:22,2025-01-06 14:14:45
1370,Passwordless Authenticator,WebKey Videos,e4gi378c,10353357,How to log into Workforce /HRMS platform using Face through WebKey - Video Tutorial,https://oloid.help/en/articles/10353357-how-to-log-into-workforce-hrms-platform-using-face-through-webkey-video-tutorial,published,2025-01-06 10:03:09,2025-01-06 14:05:06
1387,Passwordless Authenticator,Videos- Windows Login,e4gi378c,10288348,Windows Login - Video Tutorial,https://oloid.help/en/articles/10288348-windows-login-video-tutorial,published,2024-12-16 05:50:52,2024-12-16 05:54:18
1399,Passwordless Authenticator,User Guides- Oloid Connect for Passwordless,e4gi378c,9895757,How to log in to Workforce /HRMS platform using Password through Oloid Connect for Passwordless,https://oloid.help/en/articles/9895757-how-to-log-in-to-workforce-hrms-platform-using-password-through-oloid-connect-for-passwordless,published,2024-09-19 07:51:59,2024-11-27 09:56:27
1400,Passwordless Authenticator,User Guides- Oloid Connect for Passwordless,e4gi378c,9891334,How to enroll for face through Oloid Connect Passwordless App,https://oloid.help/en/articles/9891334-how-to-enroll-for-face-through-oloid-connect-passwordless-app,published,2024-09-18 10:03:59,2024-11-27 09:07:27
1406,Passwordless Authenticator,Oloid Connect for Passwordless Videos,e4gi378c,10090029,"How to log in to Workforce /HRMS platform using NFC and 
PIN through Oloid Connect for Passwordless App- Video Tutorial",https://oloid.help/en/articles/10090029-how-to-log-in-to-workforce-hrms-platform-using-nfc-and-pin-through-oloid-connect-for-passwordless-app-video-tutorial,published,2024-11-06 06:24:59,2024-11-13 04:39:06
1407,Passwordless Authenticator,Oloid Connect for Passwordless Videos,e4gi378c,10090031,"How to log in to Workforce /HRMS platform using QR Code
and PIN through Oloid Connect for Passwordless App- Video Tutorial",https://oloid.help/en/articles/10090031-how-to-log-in-to-workforce-hrms-platform-using-qr-code-and-pin-through-oloid-connect-for-passwordless-app-video-tutorial,published,2024-11-06 06:26:43,2024-11-13 04:36:35
1411,Passwordless Authenticator,Oloid Connect for Passwordless Videos,e4gi378c,10090025,"How to log in to Workforce /HRMS platform using Badge and 
NFC through Oloid Connect for Passwordless App- Video Tutorial",https://oloid.help/en/articles/10090025-how-to-log-in-to-workforce-hrms-platform-using-badge-and-nfc-through-oloid-connect-for-passwordless-app-video-tutorial,published,2024-11-06 06:22:18,2024-11-08 10:37:32
1412,Passwordless Authenticator,Oloid Connect for Passwordless Videos,e4gi378c,10090033,"How to log in to Workforce /HRMS platform using Badge and PIN 
through Oloid Connect for Passwordless App- Video Tutorial",https://oloid.help/en/articles/10090033-how-to-log-in-to-workforce-hrms-platform-using-badge-and-pin-through-oloid-connect-for-passwordless-app-video-tutorial,published,2024-11-06 06:28:29,2024-11-08 04:34:14
1413,Passwordless Authenticator,Oloid Connect for Passwordless Videos,e4gi378c,10090038,How to enroll for face through Oloid Connect Passwordless App-Video Tutorial,https://oloid.help/en/articles/10090038-how-to-enroll-for-face-through-oloid-connect-passwordless-app-video-tutorial,published,2024-11-06 06:31:35,2024-11-08 04:30:12
1440,Passwordless Authenticator,User Guides- Oloid Connect for Passwordless,e4gi378c,9920262,How to log in with face through Oloid Connect for Passwordless,https://oloid.help/en/articles/9920262-how-to-log-in-with-face-through-oloid-connect-for-passwordless,published,2024-09-25 08:12:07,2024-09-25 11:26:24
1441,Passwordless Authenticator,User Guides- Oloid Connect for Passwordless,e4gi378c,9920302,How to log in to Workforce /HRMS platform using QR Code and Badge through Oloid Connect Passwordless App,https://oloid.help/en/articles/9920302-how-to-log-in-to-workforce-hrms-platform-using-qr-code-and-badge-through-oloid-connect-passwordless-app,published,2024-09-25 08:25:04,2024-09-27 14:19:43
1489,Passwordless Authenticator,Videos- Windows Login,e4gi378c,9770669,How to log in to Windows device using various credentials - Video Tutorial,https://oloid.help/en/articles/9770669-how-to-log-in-to-windows-device-using-various-credentials-video-tutorial,published,2024-08-22 04:38:25,2024-08-22 04:44:30
1490,Passwordless Authenticator,Videos- Windows Login,e4gi378c,9647471,How to log in to Windows device using Face - Video Tutorial,https://oloid.help/en/articles/9647471-how-to-log-in-to-windows-device-using-face-video-tutorial,published,2024-07-23 12:32:20,2024-08-21 13:26:11
1491,Passwordless Authenticator,Videos- Windows Login,e4gi378c,9647459,How to log in to Windows device using Badge - Video Tutorial,https://oloid.help/en/articles/9647459-how-to-log-in-to-windows-device-using-badge-video-tutorial,published,2024-07-23 12:29:02,2024-08-21 13:11:49
1492,Passwordless Authenticator,Videos- Windows Login,e4gi378c,9647450,How to log in to Windows device using Badge and PIN - Video Tutorial,https://oloid.help/en/articles/9647450-how-to-log-in-to-windows-device-using-badge-and-pin-video-tutorial,published,2024-07-23 12:25:10,2024-08-21 13:10:43
1493,Passwordless Authenticator,Videos- Windows Login,e4gi378c,9645477,How to log in to Windows device using username and face - Video Tutorial,https://oloid.help/en/articles/9645477-how-to-log-in-to-windows-device-using-username-and-face-video-tutorial,published,2024-07-23 09:53:17,2024-08-21 12:43:40
1540,Passwordless Authenticator,Videos- Windows Login,e4gi378c,9645213,How to configure Windows Login application - Video Tutorial,https://oloid.help/en/articles/9645213-how-to-configure-windows-login-application-video-tutorial,published,2024-07-23 09:33:41,2024-07-23 09:36:46
1541,Passwordless Authenticator,Videos- Windows Login,e4gi378c,9643270,How to create Windows Login application - Video Tutorial,https://oloid.help/en/articles/9643270-how-to-create-windows-login-application-video-tutorial,published,2024-07-23 04:55:35,2024-07-23 09:26:57
1544,Passwordless Authenticator,WebKey Videos,e4gi378c,9611979,How to log into Workforce Management platforms using NFC/ID and PIN through WebKey - Video Tutorial,https://oloid.help/en/articles/9611979-how-to-log-into-workforce-management-platforms-using-nfc-id-and-pin-through-webkey-video-tutorial,published,2024-07-15 13:41:59,2024-07-17 10:25:22
1545,Passwordless Authenticator,WebKey Videos,e4gi378c,9611989,How to log into Workforce Management platforms using NFC/ID through WebKey - Video Tutorial,https://oloid.help/en/articles/9611989-how-to-log-into-workforce-management-platforms-using-nfc-id-through-webkey-video-tutorial,published,2024-07-15 13:46:07,2024-07-17 10:24:11
1547,Passwordless Authenticator,WebKey Videos,e4gi378c,9614338,How to log into Workforce Management platforms using Password through WebKey - Video Tutorial,https://oloid.help/en/articles/9614338-how-to-log-into-workforce-management-platforms-using-password-through-webkey-video-tutorial,published,2024-07-16 04:24:45,2024-07-16 04:28:43
1548,Passwordless Authenticator,WebKey Videos,e4gi378c,9612000,How to log into Workforce Management platforms using Badge through WebKey - Video Tutorial,https://oloid.help/en/articles/9612000-how-to-log-into-workforce-management-platforms-using-badge-through-webkey-video-tutorial,published,2024-07-15 13:50:48,2024-07-15 13:52:42
1549,Passwordless Authenticator,WebKey Videos,e4gi378c,9611944,How to log into Workforce Management platforms using Badge and PIN through WebKey - Video Tutorial,https://oloid.help/en/articles/9611944-how-to-log-into-workforce-management-platforms-using-badge-and-pin-through-webkey-video-tutorial,published,2024-07-15 13:31:52,2024-07-15 13:49:20
1554,Passwordless Authenticator,Passwordless Authenticator,e4gi378c,7220876,Getting Started with Oloid's Passwordless Authenticator,https://oloid.help/en/articles/7220876-getting-started-with-oloid-s-passwordless-authenticator,published,2023-04-03 05:33:06,2024-06-14 06:02:33
1555,Passwordless Authenticator,Passwordless Authenticator- Supporting Documents,e4gi378c,8427860,Setting up and using user groups,https://oloid.help/en/articles/8427860-setting-up-and-using-user-groups,published,2023-09-29 05:48:52,2023-10-09 13:48:33
1556,Passwordless Authenticator,Passwordless Authenticator- Supporting Documents,e4gi378c,8427827,Moving user from one location to another,https://oloid.help/en/articles/8427827-moving-user-from-one-location-to-another,published,2023-09-29 05:09:45,2023-11-02 11:50:32
1557,Passwordless Authenticator,Passwordless Authenticator- Supporting Documents,e4gi378c,8423956,Removing and Deactivating users,https://oloid.help/en/articles/8423956-removing-and-deactivating-users,published,2023-09-28 07:15:24,2023-10-04 05:26:44
1558,Passwordless Authenticator,Passwordless Authenticator- Supporting Documents,e4gi378c,8468531,Operations allowed for Supervisor in Admin Mode,https://oloid.help/en/articles/8468531-operations-allowed-for-supervisor-in-admin-mode,published,2023-10-12 04:54:02,2023-10-12 05:02:01
1559,Passwordless Authenticator,Passwordless Authenticator- Supporting Documents,e4gi378c,8409031,Setting up locations and connections,https://oloid.help/en/articles/8409031-setting-up-locations-and-connections,published,2023-09-25 11:31:50,2023-12-18 06:48:26
1560,Passwordless Authenticator,Passwordless Authenticator- Supporting Documents,e4gi378c,8585495,Set up Application and Connection for Passwordless,https://oloid.help/en/articles/8585495-set-up-application-and-connection-for-passwordless,published,2023-11-14 04:05:17,2024-01-17 06:42:11
1561,Passwordless Authenticator,Passwordless Authenticator- Supporting Documents,e4gi378c,7203034,Passwordless Authenticator Guides List,,draft,2023-03-28 14:56:11,2024-06-12 05:28:51
1562,Passwordless Authenticator,Passwordless Authenticator- Supporting Documents,e4gi378c,8564267,How to Configure Windows Device Login app for SSO Login,https://oloid.help/en/articles/8564267-how-to-configure-windows-device-login-app-for-sso-login,published,2023-11-08 06:31:07,2023-11-24 07:57:34
1563,Passwordless Authenticator,Oloid Windows Passwordless Authenticator - Windows Login,e4gi378c,8616298,Getting Started with Windows Device Login,,draft,2023-11-22 04:45:02,2024-06-10 05:58:32
1570,Passwordless Authenticator,Credential Management,e4gi378c,8600311,NFC Onboarding,https://oloid.help/en/articles/8600311-nfc-onboarding,published,2023-11-17 06:20:47,2024-05-29 06:54:02
1571,Passwordless Authenticator,Credential Management,e4gi378c,8408444,PIN Onboarding,https://oloid.help/en/articles/8408444-pin-onboarding,published,2023-09-25 10:32:17,2024-05-29 06:53:35
1579,Passwordless Authenticator,Using WebKey,e4gi378c,9277357,How to enable authenticator factors in WebKey Application,,draft,2024-05-03 09:21:04,2024-05-20 04:12:43
1595,Passwordless Authenticator,Connecting to SSO systems,e4gi378c,8418951,Connecting your Oloid tenant to your Okta instance ( TO be deleted),,draft,2023-09-27 04:56:06,2024-04-23 12:50:09
1660,Passwordless Authenticator,Credential Management,e4gi378c,8408452,QR Onboarding,https://oloid.help/en/articles/8408452-qr-onboarding,published,2023-09-25 10:36:44,2023-10-30 10:59:06
1668,Passwordless Authenticator,Credential Management,e4gi378c,8445597,Setting up consent management templates,https://oloid.help/en/articles/8445597-setting-up-consent-management-templates,published,2023-10-05 05:47:26,2023-10-06 13:35:14
